tree
version=v4
num_class=1
num_tree_per_iteration=1
label_index=0
max_feature_idx=14
objective=regression
feature_names=Column_0 Column_1 Column_2 Column_3 Column_4 Column_5 Column_6 Column_7 Column_8 Column_9 Column_10 Column_11 Column_12 Column_13 Column_14
feature_infos=[0:0.77139997482299805] [0:1] [0:5] [0:120] [0:3] [0:1] none [0:1] [0:1] [0:10] [0:8.5909996032714844] [0:8.5909996032714844] [0:1] [0:1] [0:1]
tree_sizes=2855 2970 2961 2975 2994 2987 2980 2987 2983 2984 2980 2992 2987 2984 3009 2997 3027 3019 3002 3007 3004 3001 3017 3002 3036 3018 3026 3018 3016 3028 3030 3020 3011 3041 3029 3029 3004 3028 3036 3023 3012 3023 2965 3051 3032 3011 3049 3018 3035 3017 3050 3041 3060 3035 3051 3028 3042 3075 3066 3089 3077 3069 3094 3028 3074 3053 3095 2999 3052 3036 3063 3062 3052 3039 3045 3045 3034 3015 3084 3021 2967 3059 3052 3012 2976 3075 3069 3055 3073 3086 2989 2984 3046 3110 3020 3080 2943 3038 2895 2982 3023 3063 3025 2994 3058 2997 3059 3095 3103 3005 2912 2996 3083 3026 3080 3039 2954 3014 3026 2903 3058 2846 3042 3046 3001 3006 3014 2959 2895 2592 2931 3081 3051 3056 2898 2957 3005 2975 2998 2660 2962 2834 2677 2892 2988 2977 2882 3010 2851 2980 2810 2989 2997 2937 2889 2931 2872 2894 2916 2962 2906 2963 2947 2936 2875 2894 2860 3003 2980 2979 3018 3012 3097 2887 2894 2923 2976 3020 2888 2880 2989 2912 2491 2981 2940 3023 2519 2929 2344 2804 2416 2891 2978 2449 2973 2947 2961 2914 2157 2939

Tree=0
num_leaves=31
num_cat=0
split_feature=0 11 11 0 5 5 0 0 1 12 11 1 1 1 1 0 1 1 0 11 0 0 11 0 0 5 3 5 0 0
split_gain=2053.92 171.096 24.5699 19.6113 9.75492 8.69431 4.97787 4.37455 4.2941 3.91594 3.97672 3.47352 2.34314 1.17451 1.08446 0.980982 0.819011 0.728839 0.694852 0.6923 0.60872 0.598146 0.591466 0.540757 0.37096 0.368066 0.285786 0.244492 0.243566 0.199202
threshold=1.0000000180025095e-35 4.1004998683929452 0.086500000208616271 0.58945000171661388 0.97050002217292797 1.0000000180025095e-35 0.55344998836517345 0.63085001707077037 0.41428571939468389 1.0000000180025095e-35 4.368000030517579 0.38750000298023229 0.81666666269302379 0.6904762089252473 1.0000000180025095e-35 0.52364999055862438 0.91666665673255932 0.38750000298023229 0.57244998216629039 5.8960001468658456 0.60815000534057628 0.6658499836921693 5.8960001468658456 0.61004999279975902 0.62055000662803661 0.99950000643730175 22.500000000000004 1.0000000180025095e-35 0.61245000362396251 0.5976499915122987
decision_type=2 2 2 2 2 2 2 2 2 2 2 2 2 2 2 2 2 2 2 2 2 2 2 2 2 2 2 2 2 2
left_child=5 2 3 6 11 9 15 20 14 -1 -11 23 17 -13 29 -2 22 -6 -8 -16 -5 -9 -10 -4 -21 -14 -12 -18 -24 -3
right_child=1 8 4 7 12 -7 18 21 16 10 26 13 25 -15 19 -17 27 -19 -20 24 -22 -23 28 -25 -26 -27 -28 -29 -30 -31
leaf_value=0.41409254538791485 0.43937840206142248 0.43014952058243822 0.43703504723631387 0.44395047993815256 0.44053570865550784 0.42130915551926323 0.4422524072897312 0.44626162615969484 0.43713276861371747 0.42178305226969914 0.41633343874038287 0.43951140614022705 0.44461711480724503 0.44168469733642179 0.43557156356043586 0.44112966819876942 0.43618279562092915 0.44262243334486684 0.44312640962744326 0.43193706086650407 0.44491809418607459 0.44811078462209308 0.4333349670238541 0.43850232772830222 0.43342924197926241 0.44758941049913187 0.41514973396227395 0.44000668134834875 0.4347502771698103 0.43141805535188854
leaf_weight=6003 1055 572 1538 4508 626 558 4321 2151 157 307 1307 2310 272 868 194 3605 503 1407 5248 1348 2789 605 777 1085 637 204 1430 46 527 850
leaf_count=6003 1055 572 1538 4508 626 558 4321 2151 157 307 1307 2310 272 868 194 3605 503 1407 5248 1348 2789 605 777 1085 637 204 1430 46 527 850
internal_value=0.435886 0.441082 0.442471 0.443274 0.440122 0.415217 0.442078 0.444966 0.433018 0.414842 0.416323 0.438994 0.442729 0.440107 0.431984 0.440734 0.434873 0.441983 0.442732 0.432692 0.444321 0.44667 0.434254 0.437644 0.432413 0.445904 0.415712 0.436513 0.433903 0.430904
internal_weight=47808 38203 32592 24282 8310 9605 14229 10053 5611 9047 3044 5801 2509 3178 3601 4660 2010 2033 9569 2179 7297 2756 1461 2623 1985 476 2737 549 1304 1422
internal_count=47808 38203 32592 24282 8310 9605 14229 10053 5611 9047 3044 5801 2509 3178 3601 4660 2010 2033 9569 2179 7297 2756 1461 2623 1985 476 2737 549 1304 1422
is_linear=0
shrinkage=1


Tree=1
num_leaves=31
num_cat=0
split_feature=0 11 9 0 9 5 0 0 2 2 5 10 9 2 9 0 0 2 0 9 0 0 0 0 9 3 0 0 2 3
split_gain=1853.7 154.424 22.1991 18.0105 13.3849 9.46728 4.42504 4.1209 3.06629 2.61517 1.94985 1.68669 1.48486 0.947665 0.823116 0.762241 0.741525 0.727897 0.675472 0.585952 0.549891 0.377616 0.375276 0.333245 0.328413 0.259351 0.18474 0.157398 0.127551 0.0716641
threshold=1.0000000180025095e-35 4.1004998683929452 1.5835000276565554 0.58715000748634349 2.7250000238418584 0.97050002217292797 0.62604999542236339 0.54984998703002941 1.0000000180025095e-35 1.5000000000000002 0.99950000643730175 1.0000000180025095e-35 1.1000000238418581 1.5000000000000002 6.0025000572204599 0.52015000581741344 0.65815001726150524 1.5000000000000002 0.56854999065399181 6.5004999637603769 0.60374999046325695 0.58585000038146984 0.61465001106262218 0.63484999537467968 6.0025000572204599 21.500000000000004 0.61605000495910656 0.66104999184608471 1.5000000000000002 21.500000000000004
decision_type=2 2 2 2 2 2 2 2 2 2 2 2 2 2 2 2 2 2 2 2 2 2 2 2 2 2 2 2 2 2
left_child=4 2 3 7 11 9 20 15 26 14 17 -1 13 21 -4 -2 -8 -7 -9 -11 -5 -10 -12 -15 -6 -13 29 28 -14 -3
right_child=1 8 5 6 24 10 16 18 12 19 22 25 27 23 -16 -17 -18 -19 -20 -21 -22 -23 -24 -25 -26 -27 -28 -29 -30 -31
leaf_value=-0.020703449235128714 0.0031957579360190553 -0.0046266304968211481 0.0010927156787250787 0.0075420445984457369 -0.01475338495601892 0.0042227769563613409 0.00969789637804532 0.0058808958599089111 -0.004164957818759433 0.003482831286240216 0.0079237738771309549 -0.018557014495900907 -0.00050972620220500107 -0.0018801567493459015 0.0028156823635883126 0.0048560374644717342 0.011506707816785896 0.0063840989790979229 0.0067614503194072129 0.0049691036022881524 0.0084367253086090332 -0.0026415005011224094 0.010585851917106114 -0.00022840309781229021 -0.012620315625273788 -0.019690260767212059 -0.003940463240258262 0.0033687229024249908 0.0013497626387946411 -0.005648383022913317
leaf_weight=6003 915 414 1571 4332 415 546 2286 3865 604 2102 338 1279 183 1384 1261 3134 815 1534 5475 1009 3151 1384 258 401 444 1464 521 52 181 487
leaf_count=6003 915 414 1571 4332 415 546 2286 3865 604 2102 338 1279 183 1384 1261 3134 815 1534 5475 1009 3151 1384 258 401 444 1464 521 52 181 487
internal_value=0 0.00493678 0.00625582 0.00703855 -0.0196352 0.00407808 0.00858102 0.00581881 -0.00272408 0.00296448 0.00654914 -0.0202215 -0.00204088 -0.00235379 0.00186174 0.00448217 0.0101753 0.00581939 0.00639767 0.00396663 0.00791956 -0.00310706 0.00908612 -0.00151193 -0.0136583 -0.0191644 -0.00473285 0.000784959 0.000401294 -0.00518501
internal_weight=47808 38203 32592 23973 9605 8619 10584 13389 5611 5943 2676 8746 4189 3773 2832 4049 3101 2080 9340 3111 7483 1988 596 1785 859 2743 1422 416 364 901
internal_count=47808 38203 32592 23973 9605 8619 10584 13389 5611 5943 2676 8746 4189 3773 2832 4049 3101 2080 9340 3111 7483 1988 596 1785 859 2743 1422 416 364 901
is_linear=0
shrinkage=0.05


Tree=2
num_leaves=31
num_cat=0
split_feature=0 11 11 0 9 5 0 1 0 1 1 11 3 9 9 1 1 0 0 5 9 9 5 1 0 9 3 0 9 0
split_gain=1673 139.381 20.0438 15.4148 12.0748 6.51844 4.19976 3.59531 3.18128 2.64825 1.59798 1.51808 1.19215 1.13145 1.07883 0.859908 0.734922 0.596569 0.576194 0.572179 0.570685 0.49005 0.404641 0.373975 0.309465 0.297132 0.230841 0.204806 0.202871 0.168377
threshold=1.0000000180025095e-35 4.1004998683929452 0.3275000005960465 0.58415001630783092 2.7250000238418584 0.95949998497962963 0.6253499984741212 0.41428571939468389 0.54645001888275158 0.53571429848670971 0.61250001192092907 3.8255000114440922 6.5000000000000009 5.5989999771118173 6.0025000572204599 0.15476191043853763 0.91666665673255932 0.56545001268386852 0.5165500044822694 0.99549999833107006 0.93750000000000011 1.5835000276565554 0.9975000023841859 0.77500000596046459 0.61194998025894176 6.3470001220703134 20.500000000000004 0.61245000362396251 1.1000000238418581 0.61605000495910656
decision_type=2 2 2 2 2 2 2 2 2 2 2 2 2 2 2 2 2 2 2 2 2 2 2 2 2 2 2 2 2 2
left_child=4 2 3 8 11 9 12 15 18 14 22 -1 -5 -8 -4 29 21 -10 -2 -12 24 27 -7 -11 -17 -6 -13 -9 -18 -3
right_child=1 7 5 6 25 10 13 16 17 23 19 26 -14 -15 -16 20 28 -19 -20 -21 -22 -23 -24 -25 -26 -27 -28 -29 -30 -31
leaf_value=-0.019668294731874151 0.0028833403464893406 -0.0049059153635160968 0.0011365159407156016 0.0074000364801575166 -0.013918257496100423 0.0043268100701901726 0.0096502923578225437 -0.0023148477064932611 0.005399573130354593 0.0037685016482691632 0.0062802680000719193 -0.017609537218679788 0.0040710121734528065 0.0066159656106430445 0.002909122583004054 -0.0037072187586011602 0.00032073640755096705 0.0062383484451567946 0.0044575100606163466 0.0088584934170347802 -0.00045199625546650892 0.0011602211017892675 0.0062929887017502285 0.0054308741080169743 -0.0023935566376871316 -0.011878621689016239 -0.018689821200479486 -0.0010161513417337043 0.0034655163160776932 -0.0037280527996876056
leaf_weight=6003 760 923 2031 8637 459 1168 3150 779 3776 943 502 1234 285 354 1505 1131 491 5320 2818 415 220 155 359 569 796 400 1509 527 58 531
leaf_count=6003 760 923 2031 8637 459 1168 3150 779 3776 943 502 1234 285 354 1505 1131 491 5320 2818 415 220 155 359 569 796 400 1509 527 58 531
internal_value=0 0.00469001 0.00594316 0.00662085 -0.0186536 0.00367202 0.00787315 -0.00258811 0.0053926 0.0026439 0.00579332 -0.0192106 0.0072943 0.00934537 0.00189245 -0.00353416 -0.000890653 0.00589076 0.00412463 0.00745337 -0.00289145 -0.00147776 0.00479272 0.00439771 -0.00316732 -0.0129758 -0.0182063 -0.00179474 0.000662648 -0.00447949
internal_weight=47808 38203 32592 25100 9605 7492 12426 5611 12674 5048 2444 8746 8922 3504 3536 3601 2010 9096 3578 917 2147 1461 1527 1512 1927 859 2743 1306 549 1454
internal_count=47808 38203 32592 25100 9605 7492 12426 5611 12674 5048 2444 8746 8922 3504 3536 3601 2010 9096 3578 917 2147 1461 1527 1512 1927 859 2743 1306 549 1454
is_linear=0
shrinkage=0.05


Tree=3
num_leaves=31
num_cat=0
split_feature=0 11 9 0 9 1 0 1 0 9 1 9 10 0 1 1 1 0 3 9 0 1 0 9 0 9 3 0 9 0
split_gain=1509.91 125.801 18.1515 14.8098 10.8926 6.58422 4.06734 3.2457 2.8823 2.48664 1.62203 1.55427 1.36612 0.857937 0.776003 0.675232 0.663759 0.537105 0.532339 0.523469 0.492608 0.48194 0.453311 0.442627 0.28961 0.269762 0.20595 0.185237 0.183106 0.15774
threshold=1.0000000180025095e-35 4.1004998683929452 1.5835000276565554 0.59244999289512645 2.7250000238418584 0.46428571641445165 0.55594998598098766 0.41428571939468389 0.63484999537467968 6.0765001773834237 0.81666666269302379 6.0025000572204599 1.0000000180025095e-35 0.5286499857902528 1.0000000180025095e-35 0.6904762089252473 0.91666665673255932 0.57545000314712536 21.500000000000004 0.93750000000000011 0.61145001649856578 0.13392857462167743 0.66975000500679027 1.5835000276565554 0.62744998931884777 7.053499937057496 22.500000000000004 0.61765000224113475 1.5835000276565554 0.59635001420974743
decision_type=2 2 2 2 2 2 2 2 2 2 2 2 2 2 2 2 2 2 2 2 2 2 2 2 2 2 2 2 2 2
left_child=4 2 3 6 12 11 13 14 20 15 -11 21 -1 -2 29 -7 23 -8 -13 24 -5 -4 -10 27 -16 -6 -14 -9 -18 -3
right_child=1 7 5 8 25 9 17 16 22 10 -12 18 26 -15 19 -17 28 -19 -20 -21 -22 -23 -24 -25 -26 -27 -28 -29 -30 -31
leaf_value=-0.018684895569636241 0.0031742114530146481 -0.0049685438785334948 -0.00072217036305971148 0.0070780761741500667 -0.012943450340817978 0.0029133914812767502 0.0055881891595217529 -0.0021537318096265154 0.0091252784178441886 0.0052452744948597828 0.0081068035511024754 0.0036096769077323555 -0.016759110572236089 0.0046446133682380144 -0.0033850840048801588 0.004906320015041158 0.00030766600949892102 0.0063445755237283895 0.0018583472443623281 -0.0004304916319053583 0.0079896042885319631 0.0014906428855613761 0.010953435006395991 0.0011022474169831719 -0.0019692111166456226 -0.010802305386107906 -0.01778312564337356 -0.00088840930824785199 0.0033193279589459482 -0.0038278968107226968
leaf_weight=6003 1385 550 288 4077 609 1256 4649 839 1845 1964 676 1568 1311 3764 1448 664 492 5215 620 222 2575 1583 463 155 509 250 1432 467 57 872
leaf_count=6003 1385 550 288 4077 609 1256 4649 839 1845 1964 676 1568 1311 3764 1448 664 492 5215 620 222 2575 1583 463 155 509 250 1432 467 57 872
internal_value=0 0.00445559 0.00564613 0.00635394 -0.0177211 0.00367678 0.00539276 -0.00245885 0.00796382 0.00498148 0.00598017 0.00220972 -0.0182501 0.00425014 -0.00335775 0.00360544 -0.000845867 0.00598865 0.00311581 -0.00275806 0.0074318 0.00114734 0.00949464 -0.00140388 -0.0030195 -0.0123274 -0.0172962 -0.00170521 0.000630006 -0.00427291
internal_weight=47808 38203 32592 23973 9605 8619 15013 5611 8960 4560 2640 4059 8746 5149 3601 1920 2010 9864 2188 2179 6652 1871 2308 1461 1957 859 2743 1306 549 1422
internal_count=47808 38203 32592 23973 9605 8619 15013 5611 8960 4560 2640 4059 8746 5149 3601 1920 2010 9864 2188 2179 6652 1871 2308 1461 1957 859 2743 1306 549 1422
is_linear=0
shrinkage=0.05


Tree=4
num_leaves=31
num_cat=0
split_feature=0 10 5 0 5 5 0 1 10 0 1 1 1 0 5 5 1 0 3 3 0 0 0 0 1 3 0 3 1 3
split_gain=1362.72 83.7262 37.1116 13.3718 8.13717 5.78166 3.82094 3.74515 2.57672 2.47211 2.27363 1.89187 0.994923 0.849025 0.798964 0.683386 0.673756 0.614595 0.513531 0.477832 0.460043 0.451164 0.381682 0.368074 0.25624 0.216965 0.208426 0.177163 0.176605 0.102982
threshold=1.0000000180025095e-35 1.0000000180025095e-35 1.0000000180025095e-35 0.59364998340606701 0.94449999928474437 1.0000000180025095e-35 0.55755001306533825 0.38750000298023229 1.0000000180025095e-35 0.63705000281333934 0.6904762089252473 0.53571429848670971 0.15476191043853763 0.53114998340606701 0.9975000023841859 0.99549999833107006 0.6904762089252473 0.60124999284744274 22.500000000000004 25.500000000000004 0.57705000042915355 0.61325001716613781 0.60655000805854808 0.6740500032901765 0.77500000596046459 25.500000000000004 0.50575000047683727 20.500000000000004 0.15476191043853763 24.500000000000004
decision_type=2 2 2 2 2 2 2 2 2 2 2 2 2 2 2 2 2 2 2 2 2 2 2 2 2 2 2 2 2 2
left_child=5 3 7 6 11 8 13 12 -1 21 14 17 25 26 -6 -12 22 -4 -14 28 -8 -5 -9 -11 -13 -3 -2 -18 -10 -7
right_child=1 2 4 9 10 29 20 16 19 23 15 24 18 -15 -16 -17 27 -19 -20 -21 -22 -23 -24 -25 -26 -27 -28 -29 -30 -31
leaf_value=-0.01775066644001479 0.0021841837568777026 -0.0030352667030642904 0.00062679584954801817 0.0067848464909948713 0.0040098801716391521 -0.011181454503318908 0.0053805824785951722 -0.0014322758133279172 -0.015492425808584558 0.0087857838149118968 0.0060672801120921676 0.0030852447619714521 -0.0013770479304017439 0.0044958482931229853 0.0061204085741369922 0.0088591996748808768 0.001712185550372578 0.002033340813667522 -0.0029761246299924412 -0.016641729020724996 0.0060823181206295486 0.0076679451492178089 3.0554945239142105e-05 0.010611523175875603 0.0045742788602265378 -0.0042507071539218729 0.0034830807990225716 0.00015617417620874128 -0.013379728681195569 -0.012894777607912321
leaf_weight=6003 457 779 1478 3990 1984 340 4783 930 1443 1740 479 831 1338 3893 597 440 431 1668 824 1448 5060 2519 844 371 484 792 1160 331 153 218
leaf_count=6003 457 779 1478 3990 1984 340 4783 930 1443 1740 479 831 1338 3893 597 440 431 1668 824 1448 5060 2519 844 371 484 792 1160 331 153 218
internal_value=9.18048e-09 0.00423288 0.00119427 0.00603633 0.00346034 -0.0168352 0.00515042 -0.00168263 -0.0171412 0.00761356 0.00526593 0.00204251 -0.00268999 0.00409283 0.00450021 0.00741026 -0.000197759 0.00137417 -0.00198892 -0.0159372 0.00574189 0.00712749 -0.000733537 0.00910951 0.00363741 -0.00365143 0.00311923 0.00104295 -0.0152939 -0.011862
internal_weight=47808 38203 14230 23973 7961 9605 15353 6269 9047 8620 3500 4461 3733 5510 2581 919 2536 3146 2162 3044 9843 6509 1774 2111 1315 1571 1617 762 1596 558
internal_count=47808 38203 14230 23973 7961 9605 15353 6269 9047 8620 3500 4461 3733 5510 2581 919 2536 3146 2162 3044 9843 6509 1774 2111 1315 1571 1617 762 1596 558
is_linear=0
shrinkage=0.05


Tree=5
num_leaves=31
num_cat=0
split_feature=11 1 1 3 1 7 5 8 1 8 5 3 1 1 8 7 7 9 9 5 12 1 3 2 11 8 3 3 5 1
split_gain=186.288 63.0489 19.7504 7.61255 16.8787 6.12199 4.41 4.01605 2.39181 1.93532 1.40411 1.13625 0.973264 0.908397 0.829717 0.797379 0.787189 0.786055 0.596889 0.490726 0.495367 1.15227 0.45878 0.437051 0.40072 0.360834 0.345634 0.303979 0.27931 0.225953
threshold=5.8960001468658456 1.0000000180025095e-35 0.38750000298023229 2.5000000000000004 1.0000000180025095e-35 1.0000000180025095e-35 0.9805000126361848 0.029857398010790352 0.53571429848670971 0.034785239025950439 0.92550000548362743 50.500000000000007 0.91666665673255932 0.6904762089252473 0.032795699313282974 1.0000000180025095e-35 1.0000000180025095e-35 5.1010000705719003 7.2009999752044687 0.94249999523162853 0.27004465460777288 0.15476191043853763 21.500000000000004 1.5000000000000002 6.2239999771118173 0.037749288603663451 51.500000000000007 32.500000000000007 0.99950000643730175 0.35416667163372045
decision_type=2 2 2 2 2 2 2 2 2 2 2 2 2 2 2 2 2 2 2 2 2 2 2 2 2 2 2 2 2 2
left_child=2 5 3 19 7 14 13 16 15 11 18 24 28 17 27 23 -5 -4 -6 20 -1 -22 -19 25 -7 -3 29 -2 -8 -17
right_child=1 8 6 4 10 9 12 -9 -10 -11 -12 -13 -14 -15 -16 26 -18 22 -20 -21 21 -23 -24 -25 -26 -27 -28 -29 -30 -31
leaf_value=0.0012087554215617882 -0.013857784957196598 -0.0066751234520709829 0.0014126813529248344 -0.0091586737228377853 -0.00015991718690550196 -0.012299063332532948 0.0050963892695386941 0.00039513157263589563 -0.0006790198009598747 -0.0038281239529421047 0.0027402552598289683 -0.015063996012389079 0.0082602930603296165 0.0044862500921047047 -0.0039707603183255259 -0.0032375423857056115 -0.0062260269044305608 0.0038354000878649784 0.0022188210853377886 0.0037762425785853241 -0.004742734680667402 0.0015278603092855659 0.0022047792305254902 -0.0022616514960033906 -0.009991899467481323 -0.0021847818014851094 -0.0058624267507234613 -0.015606819243335294 0.006922764339600181 -0.0021541705357929499
leaf_weight=30090 708 328 807 399 1461 232 949 196 1139 117 849 133 462 1035 20 1514 590 1294 321 186 116 197 676 102 2137 56 105 530 298 761
leaf_count=30090 708 328 807 399 1461 232 949 196 1139 117 849 133 462 1035 20 1514 590 1294 321 186 116 197 676 102 2137 56 105 530 298 761
internal_value=4.96701e-08 -0.00702439 0.00138692 0.000941246 -0.0011638 -0.0115698 0.00416324 -0.00611908 -0.00262283 -0.0101854 0.00106631 -0.0104805 0.00627684 0.00321422 -0.0144469 -0.00339354 -0.00741503 0.00273819 0.000265871 0.00120402 0.00118811 -0.000780869 0.00327854 -0.00525322 -0.0102205 -0.00603404 -0.00301149 -0.0146118 0.00553737 -0.00287746
internal_weight=47808 7882 39926 34405 3816 3877 5521 1185 4005 2619 2631 2502 1709 3812 1258 2866 989 2777 1782 30589 30403 313 1970 486 2369 384 2380 1238 1247 2275
internal_count=47808 7882 39926 34405 3816 3877 5521 1185 4005 2619 2631 2502 1709 3812 1258 2866 989 2777 1782 30589 30403 313 1970 486 2369 384 2380 1238 1247 2275
is_linear=0
shrinkage=0.05


Tree=6
num_leaves=31
num_cat=0
split_feature=0 11 10 0 10 5 11 11 0 0 1 1 1 0 0 1 0 0 0 0 1 1 4 1 5 0 4 1 4 0
split_gain=1206.17 96.2334 13.23 12.0816 7.47282 5.47708 4.72262 3.5653 3.17481 2.51073 2.14038 1.79325 1.24451 0.554484 0.544571 0.541938 0.516143 0.486917 0.418056 0.409838 0.351174 0.315768 0.275146 0.229854 0.187006 0.169918 0.133333 0.123165 0.115094 0.0787965
threshold=1.0000000180025095e-35 3.344500064849854 1.0000000180025095e-35 0.59095001220703136 1.0000000180025095e-35 0.98350000381469738 4.1004998683929452 5.8960001468658456 0.55134999752044689 0.63284999132156383 0.46428571641445165 0.58571431040763866 0.91666665673255932 0.52015000581741344 0.57144999504089367 0.6904762089252473 0.6229500174522401 0.61994999647140514 0.66255000233650219 0.60734999179840099 0.61250001192092907 0.46428571641445165 2.5000000000000004 0.91666665673255932 0.99950000643730175 0.61194998025894176 2.5000000000000004 0.18333333730697635 2.5000000000000004 0.67965000867843639
decision_type=2 2 2 2 2 2 2 2 2 2 2 2 2 2 2 2 2 2 2 2 2 2 2 2 2 2 2 2 2 2
left_child=4 2 3 8 -1 10 28 20 13 19 17 16 21 -2 -10 -12 22 -4 -11 -5 25 -7 -9 -13 -14 -3 -8 -18 -6 -22
right_child=1 7 5 9 6 12 26 11 14 18 15 23 24 -15 -16 -17 27 -19 -20 -21 29 -23 -24 -25 -26 -27 -28 -29 -30 -31
leaf_value=-0.016923585305282478 0.0025176786485729278 -0.00019774136524270661 0.0012297340343162978 0.0062242087214078798 -0.0099957512715630678 0.0040220179621346342 -0.014488141646831685 -0.0025675837050920676 0.0048198858730931571 0.008029106252461362 0.0030661524794149161 -0.0011280433052813402 0.0067909088912400844 0.0039239005581595066 0.005570125146100724 0.0045507474870941931 -0.0025625726777722159 0.0026045352576733083 0.0095519146229058743 0.0070256256951440089 0.0021568713020243498 0.0054979735747601437 -0.0035782536639637937 0.00030716201171773712 0.0090276876234890689 0.0013085661217207051 -0.01536648181536085 -0.0014760132902556474 -0.011390031764462988 0.0047265444656931551
leaf_weight=6003 915 442 2158 3860 411 645 1070 1290 4401 1818 1979 622 219 3377 5879 927 433 936 671 3052 216 961 1554 498 223 319 1696 768 425 40
leaf_count=6003 915 442 2158 3860 411 645 1070 1290 4401 1818 1979 622 219 3377 5879 927 433 936 671 3052 216 961 1554 498 223 319 1696 768 425 40
internal_value=8.08433e-09 0.00398233 0.005085 0.00567417 -0.0158387 0.00332934 -0.0140288 -0.00172837 0.00477148 0.00707279 0.00256566 -0.00226147 0.00556402 0.00362534 0.00524947 0.00354159 -0.00275197 0.00164733 0.00844201 0.0065789 0.000974119 0.0049086 -0.00312169 -0.000485455 0.00793252 0.0004272 -0.015029 -0.0018721 -0.0107118 0.0025796
internal_weight=47808 38203 32021 23973 9605 8048 3602 6182 14572 9401 6000 5165 2048 4292 10280 2906 4045 3094 2489 6912 1017 1606 2844 1120 442 761 2766 1201 836 256
internal_count=47808 38203 32021 23973 9605 8048 3602 6182 14572 9401 6000 5165 2048 4292 10280 2906 4045 3094 2489 6912 1017 1606 2844 1120 442 761 2766 1201 836 256
is_linear=0
shrinkage=0.05


Tree=7
num_leaves=31
num_cat=0
split_feature=0 10 9 0 9 5 0 10 1 0 1 1 9 0 0 1 0 0 5 9 3 0 8 3 9 0 3 3 0 9
split_gain=1088.6 66.4979 34.7404 10.9177 8.68485 5.33783 3.25108 2.25883 1.97048 1.92453 1.82824 1.24987 0.884777 0.769908 0.435637 0.421843 0.387542 0.356833 0.352157 0.309857 0.291202 0.271771 0.238897 0.23357 0.209563 0.202529 0.137645 0.118963 0.0976197 0.0776999
threshold=1.0000000180025095e-35 1.0000000180025095e-35 3.2070000171661381 0.59485000371932995 1.1000000238418581 0.97949999570846569 0.55924999713897716 1.0000000180025095e-35 0.53571429848670971 0.64004999399185192 0.41428571939468389 0.77500000596046459 6.0025000572204599 0.53415000438690197 0.62055000662803661 0.91666665673255932 0.6155499815940858 0.57864999771118175 0.9975000023841859 5.616999864578248 14.500000000000002 0.67965000867843639 0.12660256773233416 21.500000000000004 0.93750000000000011 0.50575000047683727 14.500000000000002 16.500000000000004 0.6253499984741212 7.1264998912811288
decision_type=2 2 2 2 2 2 2 2 2 2 2 2 2 2 2 2 2 2 2 2 2 2 2 2 2 2 2 2 2 2
left_child=4 3 10 6 7 8 13 -1 12 16 14 18 -4 25 23 24 -5 -8 -7 -6 -10 -11 -13 -3 -12 -2 -16 -9 -17 -21
right_child=1 2 5 9 19 11 17 27 20 21 15 22 -14 -15 26 28 -18 -19 -20 29 -22 -23 -24 -25 -26 -27 -28 -29 -30 -31
leaf_value=-0.016077419081218947 0.0018887174270722749 -0.0025957715825616384 0.0010363389090201703 0.0061320861230614396 -0.011675869269807994 0.0039263671477172751 0.004862036299745986 -0.013807637629147454 0.0042094183185005648 0.0080080841069430468 -0.0014362487091440111 0.0063028377393680168 0.0024600453726579099 0.0040735779252383487 -0.0011423813920074474 -4.6090275137766907e-05 0.0069630612146675168 0.0054836729714931882 0.0054123750649888135 -0.01018888091887128 0.0029468822327967056 0.0098074235355755796 0.00861296583588767 -0.0036039632619597091 0.00047043665648516974 0.0031348929145825367 -0.0022970764122622065 -0.014648015511749804 0.0013769222265191737 -0.0087332389309473409
leaf_weight=6003 457 1336 2288 4014 312 1119 4903 1094 1059 1595 1285 296 2118 4027 440 362 2401 4894 672 333 879 279 221 1107 158 1403 714 1618 176 245
leaf_count=6003 457 1336 2288 4014 312 1119 4903 1094 1059 1595 1285 296 2118 4027 440 362 2401 4894 672 333 879 279 221 1107 158 1403 714 1618 176 245
internal_value=5.1064e-08 0.00378331 0.00107526 0.00539054 -0.0150469 0.00305913 0.0046138 -0.0155286 0.00230855 0.00685958 -0.00200101 0.0051199 0.0017219 0.00368205 -0.00267334 -0.000777629 0.00644399 0.00517313 0.00448699 -0.010323 0.00363954 0.00827915 0.00730148 -0.00305479 -0.00122399 0.00283151 -0.00186128 -0.0143114 0.000410308 -0.00958214
internal_weight=47808 38203 14230 23973 9605 8652 15684 8715 6344 8289 5578 2308 4406 5887 3597 1981 6415 9797 1791 890 1938 1874 517 2443 1443 1860 1154 2712 538 578
internal_count=47808 38203 14230 23973 9605 8652 15684 8715 6344 8289 5578 2308 4406 5887 3597 1981 6415 9797 1791 890 1938 1874 517 2443 1443 1860 1154 2712 538 578
is_linear=0
shrinkage=0.05


Tree=8
num_leaves=31
num_cat=0
split_feature=0 11 9 0 9 5 9 0 0 10 5 2 2 2 0 0 0 0 0 0 9 0 0 9 2 0 0 2 3 3
split_gain=982.487 78.4693 10.752 9.86982 7.83314 4.47899 3.03008 2.37314 2.31719 2.03532 1.29883 1.08207 1.00079 0.540426 0.439201 0.435586 0.431257 0.427607 0.409621 0.398405 0.397022 0.335703 0.279943 0.279294 0.255813 0.244884 0.231617 0.117742 0.111224 0.105905
threshold=1.0000000180025095e-35 3.344500064849854 2.5095000267028813 0.58814999461174022 1.1000000238418581 0.95949998497962963 2.0785000324249272 0.54815000295639049 0.62804999947547924 1.0000000180025095e-35 0.99950000643730175 1.5000000000000002 1.5000000000000002 1.5000000000000002 0.6545500159263612 0.56755000352859508 0.58614999055862438 0.58614999055862438 0.60535001754760753 0.51274999976158153 5.0394999980926523 0.60455000400543224 0.61465001106262218 6.3470001220703134 1.0000000180025095e-35 0.63625001907348644 0.63625001907348644 1.5000000000000002 22.500000000000004 13.500000000000002
decision_type=2 2 2 2 2 2 2 2 2 2 2 2 2 2 2 2 2 2 2 2 2 2 2 2 2 2 2 2 2 2
left_child=4 2 3 7 9 12 11 19 21 -1 13 17 16 -7 -10 -9 -4 -3 -14 -2 25 -5 -12 -6 -19 27 28 -8 -13 -11
right_child=1 6 5 8 23 10 20 15 14 29 22 26 18 -15 -16 -17 -18 24 -20 -21 -22 -23 -24 -25 -26 -27 -28 -29 -30 -31
leaf_value=-0.015273562509440758 0.0019806059549694588 -0.0034182761099904066 0.00029841483135779775 0.005511176119250929 -0.010660510820482392 0.0027705243409146662 -0.00037432925777957927 0.0042257892041502251 0.0070333017340915016 -0.013063376261295593 0.0056160001344791495 -0.00093724063376516165 0.002077216674883971 0.0044562918326004949 0.008373284189710185 0.0049198433125467005 0.0017753844141620975 -0.0027989766524429385 0.0033560174512023131 0.0033993532665617873 0.0040230636269874441 0.0062183334046213238 0.0079101904412657194 -0.0087477753694445992 -0.0017393336571510602 0.002334937896955323 2.4119955809746607e-05 0.00099184802853963076 -0.001849729504959971 -0.013885100001107285
leaf_weight=6003 609 1014 713 4172 490 673 345 3874 1928 962 338 818 1205 1802 995 6049 1678 1007 1381 3176 103 3170 258 400 1421 181 395 286 612 1750
leaf_count=6003 609 1014 713 4172 490 673 345 3874 1928 962 338 818 1205 1802 995 6049 1678 1007 1381 3176 103 3170 258 400 1421 181 395 286 612 1750
internal_value=7.98201e-08 0.00359423 0.00458995 0.00512111 -0.0142947 0.00300707 -0.00156246 0.004242 0.00629454 -0.0147522 0.00451008 -0.00202418 0.00207858 0.00400005 0.00749142 0.00464943 0.00133707 -0.00254702 0.00276217 0.00317246 0.00108974 0.00581726 0.00661867 -0.00980755 -0.00218097 0.00071105 -0.00103526 0.000237025 -0.00133136 -0.013596
internal_weight=47808 38203 32021 23973 9605 8048 6182 13708 10265 8715 3071 5267 4977 2475 2923 9923 2391 3442 2586 3785 915 7342 596 890 2428 812 1825 631 1430 2712
internal_count=47808 38203 32021 23973 9605 8048 6182 13708 10265 8715 3071 5267 4977 2475 2923 9923 2391 3442 2586 3785 915 7342 596 890 2428 812 1825 631 1430 2712
is_linear=0
shrinkage=0.05


Tree=9
num_leaves=31
num_cat=0
split_feature=0 11 3 0 9 5 9 0 10 0 5 11 11 9 0 0 3 0 9 0 0 0 0 0 9 3 0 5 3 3
split_gain=886.719 70.8234 9.77756 8.53494 7.06825 3.02013 2.7358 2.51311 1.8828 1.70444 0.824158 0.744314 0.71848 0.679386 0.636008 0.572356 0.369749 0.364045 0.358146 0.317843 0.302233 0.244635 0.243225 0.225369 0.21676 0.147912 0.113312 0.0969979 0.0966126 0.0774978
threshold=1.0000000180025095e-35 3.344500064849854 3.5000000000000004 0.58245000243186962 2.7250000238418584 0.94449999928474437 2.0785000324249272 0.62235000729560863 1.0000000180025095e-35 0.54205000400543224 0.9975000023841859 0.29649999737739569 0.56749999523162853 8.4530000686645526 0.58454999327659618 0.60694998502731334 17.500000000000004 0.56334999203681957 5.0394999980926523 0.59244999289512645 0.62115001678466808 0.63854998350143444 0.50575000047683727 0.67965000867843639 7.053499937057496 19.500000000000004 0.63774999976158153 0.82749998569488536 17.500000000000004 21.500000000000004
decision_type=2 2 2 2 2 2 2 2 2 2 2 2 2 2 2 2 2 2 2 2 2 2 2 2 2 2 2 2 2 2
left_child=4 2 3 9 8 13 14 12 -1 22 19 -9 -5 15 25 -4 26 -11 23 -7 -12 -18 -2 27 29 -3 -16 -8 -10 -6
right_child=1 6 5 7 24 10 18 11 28 17 20 -13 -14 -15 16 -17 21 -19 -20 -21 -22 -23 -24 -25 -26 -27 -28 -29 -30 -31
leaf_value=-0.014509896680123664 0.0016952936704839197 -0.0023633078964476239 0.00082195512597047502 0.0053312823609666998 -0.0091635962804676434 0.002517579992240079 -7.2132239156057652e-06 0.0069713440783920368 -0.012456697706211394 0.0038020766786508141 0.0046262696929088099 0.0047005049939179777 0.0033970946466595135 0.0036978009816365934 -0.001259572644790339 0.0021346663905336331 -0.0023538871338282378 0.0044453769300878878 0.0038221055420005392 0.0038756199163670641 0.0069349831104768616 -0.0011359497269057617 0.0029810757765503797 0.0033335070532177127 -0.0078762511821424235 -0.0034278765654749176 -0.00029127110654957234 0.0011809873293244988 -0.013218351095274392 -0.010584800040742517
leaf_weight=6003 457 817 1733 8857 349 715 478 3544 1147 4006 448 419 524 381 1275 1626 1555 5424 103 1212 231 587 2444 73 250 618 415 261 1596 260
leaf_count=6003 457 817 1733 8857 349 715 478 3544 1147 4006 448 419 524 381 1275 1626 1555 5424 103 1212 231 587 2444 73 250 618 415 261 1596 260
internal_value=1.18181e-07 0.00341461 0.00436058 0.00479519 -0.0135801 0.00260138 -0.00148439 0.00567234 -0.0140064 0.00384553 0.00390955 0.00673264 0.00522381 0.00168844 -0.00192312 0.00145894 -0.00158384 0.00417267 0.00103557 0.00337448 0.00541998 -0.00202252 0.00278031 0.000675516 -0.00923288 -0.00282547 -0.00102478 0.000405773 -0.0129022 -0.0097802
internal_weight=47808 38203 32021 25675 9605 6346 6182 13344 8746 12331 2606 3963 9381 3740 5267 3359 3832 9430 915 1927 679 2142 2901 812 859 1435 1690 739 2743 609
internal_count=47808 38203 32021 25675 9605 6346 6182 13344 8746 12331 2606 3963 9381 3740 5267 3359 3832 9430 915 1927 679 2142 2901 812 859 1435 1690 739 2743 609
is_linear=0
shrinkage=0.05


Tree=10
num_leaves=31
num_cat=0
split_feature=0 11 3 0 9 9 0 5 11 0 1 9 11 1 1 11 0 9 1 0 5 9 1 0 0 1 9 3 1 3
split_gain=800.287 63.9244 8.88403 7.48367 6.37938 2.47033 2.29214 1.96438 1.7217 1.57005 1.40363 1.345 0.801586 0.704864 0.663753 0.487676 0.395748 0.323065 0.262693 0.261743 0.258346 0.256381 0.232276 0.191986 0.187393 0.178741 0.178394 0.104841 0.0898495 0.0752714
threshold=1.0000000180025095e-35 3.344500064849854 6.5000000000000009 0.58284997940063488 3.1014999151229863 2.0785000324249272 0.63284999132156383 0.94449999928474437 2.9175000190734868 0.54105001688003551 0.58571431040763866 2.9930000305175786 0.47249999642372137 0.38750000298023229 0.58571431040763866 0.38500000536441809 0.6229500174522401 5.0394999980926523 0.61250001192092907 0.60124999284744274 0.99450001120567333 6.7005000114440927 0.21111111342906955 0.50575000047683727 0.59135001897811901 0.91666665673255932 7.053499937057496 10.500000000000002 0.30952382087707525 12.500000000000002
decision_type=2 2 2 2 2 2 2 2 2 2 2 2 2 2 2 2 2 2 2 2 2 2 2 2 2 2 2 2 2 2
left_child=4 2 3 9 8 10 11 13 -1 23 16 -5 -8 21 24 -11 22 18 -7 -15 -16 -4 -3 -2 -9 -12 -6 -18 29 -10
right_child=1 5 7 6 26 17 12 14 28 15 25 -13 -14 19 20 -17 27 -19 -20 -21 -22 -23 -24 -25 -26 -27 -28 -29 -30 -31
leaf_value=-0.013784414440290682 0.0016105475178421575 -0.00306881791571914 0.00019686309132682298 0.0051845762806074841 -0.0092367602579990146 7.9457935283764128e-05 0.0068430849579961114 0.001860854434378764 -0.01182729244703387 0.0040110495709618291 -0.00083076027517603067 0.0035683997052349051 0.0044946485980698926 0.0013844530325787261 0.003877223523717228 0.0025011790518700196 -0.00078761353304808749 0.0036311856114416667 0.0021038595133736205 0.00268030387836239 0.0058050989123123358 0.0016231938873052885 -0.0021507439882272397 0.0027617162306075222 0.0032004546988134959 0.00042633780160817924 -0.0074825961635809624 -0.0018109736465799231 -0.010444616692629404 -0.012568603383131014
leaf_weight=6003 457 1341 1008 9490 591 589 2649 446 898 9428 632 1516 438 678 520 587 385 103 223 992 291 465 1556 2329 727 506 250 847 107 1756
leaf_count=6003 457 1341 1008 9490 591 589 2649 446 898 9428 632 1516 438 678 520 587 385 103 223 992 291 465 1556 2329 727 506 250 847 107 1756
internal_value=1.31851e-07 0.00324396 0.00414267 0.00450648 -0.0129013 -0.00141029 0.00530219 0.00223322 -0.0133016 0.00363004 -0.00182721 0.00496245 0.00651165 0.00145281 0.00346685 0.00392308 -0.00225588 0.000984106 0.000641768 0.00215731 0.00457577 0.000650604 -0.00257753 0.00257474 0.00269557 -0.000267423 -0.0087222 -0.00149532 -0.0122496 -0.0123201
internal_weight=47808 38203 32021 26894 9605 6182 14093 5127 8764 12801 5267 11006 3087 3143 1984 10015 4129 915 812 1670 811 1473 2897 2786 1173 1138 841 1232 2761 2654
internal_count=47808 38203 32021 26894 9605 6182 14093 5127 8764 12801 5267 11006 3087 3143 1984 10015 4129 915 812 1670 811 1473 2897 2786 1173 1138 841 1232 2761 2654
is_linear=0
shrinkage=0.05


Tree=11
num_leaves=31
num_cat=0
split_feature=0 11 10 0 10 5 11 11 0 1 1 0 1 0 1 0 0 0 0 0 1 8 8 0 1 1 1 4 1 1
split_gain=722.284 57.7222 7.53362 7.48083 4.45749 3.4904 2.83768 2.72806 2.32876 1.53526 1.25533 1.2274 0.907092 0.538241 0.413079 0.358243 0.33529 0.314415 0.250949 0.23802 0.224806 0.223778 0.221352 0.191012 0.161645 0.115588 0.104572 0.0981561 0.0819156 0.0806031
threshold=1.0000000180025095e-35 3.1175000667572026 1.0000000180025095e-35 0.59705001115798961 1.0000000180025095e-35 0.98350000381469738 4.1004998683929452 5.8960001468658456 0.55985000729560863 0.46428571641445165 0.58571431040763866 0.64504998922348034 0.6904762089252473 0.53275001049041759 0.6904762089252473 0.59485000371932995 0.63015002012252819 0.61924999952316295 0.61654999852180492 0.57784998416900646 0.21111111342906955 0.10762548446655275 0.12973351776599887 0.68854999542236339 0.77500000596046459 0.38750000298023229 0.6904762089252473 2.5000000000000004 0.21111111342906955 0.21111111342906955
decision_type=2 2 2 2 2 2 2 2 2 2 2 2 2 2 2 2 2 2 2 2 2 2 2 2 2 2 2 2 2 2
left_child=4 2 3 8 -1 9 27 17 13 15 16 18 21 -2 -11 -4 20 25 -5 -10 -9 -7 -14 -13 -12 -3 -19 -6 -8 -18
right_child=1 7 5 11 6 12 28 10 19 14 24 23 22 -15 -16 -17 29 26 -20 -21 -22 -23 -24 -25 -26 -27 -28 -29 -30 -31
leaf_value=-0.01309520549289914 0.002249915429431757 -0.00033801016947554154 0.00052058445979533683 0.005077204275939752 -0.0076302472316680144 0.0032957757287796091 -0.011718428747555243 -0.0028994253089551138 0.0039625784952774749 0.002395875513425549 -0.00083324862708288819 0.0067570442393490018 0.0051479500290854165 0.003305056871071058 0.0037153570685070415 0.001641957211773278 -0.0018732922516728212 0.0014780053618239709 0.0057493083332858831 0.0044647488109512247 -0.002021570164309859 0.0048193144217348848 0.0071552966268604405 0.0087004201213155552 0.00036686553598779773 0.00089961696999801702 0.0033992198132346742 -0.008896347880363465 -0.010250254457355052 -0.00092901278824746253
leaf_weight=6003 1742 409 1220 3551 411 1068 2601 1409 4542 1913 599 1339 380 4259 895 1767 431 378 2639 5737 1657 339 256 164 521 345 95 425 165 548
leaf_count=6003 1742 409 1220 3551 411 1068 2601 1409 4542 1913 599 1339 380 4259 895 1767 431 378 2639 5737 1657 339 256 164 521 345 95 425 165 548
internal_value=1.65361e-07 0.00308186 0.0039531 0.00439338 -0.0122564 0.0026058 -0.0108567 -0.00125327 0.00378525 0.00197768 -0.00175705 0.0056796 0.00438483 0.00299964 0.00281833 0.00118565 -0.00216739 0.000863236 0.00536464 0.00424338 -0.00242671 0.00366672 0.0059648 0.00697299 -0.000270534 0.000221692 0.00187508 -0.00828087 -0.011633 -0.00134998
internal_weight=47808 38203 31811 23973 9605 7838 3602 6392 16280 5795 5165 7693 2043 6001 2808 2987 4045 1227 6190 10279 3066 1407 636 1503 1120 754 473 836 2766 979
internal_count=47808 38203 31811 23973 9605 7838 3602 6392 16280 5795 5165 7693 2043 6001 2808 2987 4045 1227 6190 10279 3066 1407 636 1503 1120 754 473 836 2766 979
is_linear=0
shrinkage=0.05


Tree=12
num_leaves=31
num_cat=0
split_feature=0 11 4 0 9 9 0 5 10 0 1 11 1 1 11 11 9 0 1 1 0 0 9 5 0 4 0 0 5 0
split_gain=651.881 52.138 6.38001 6.39064 5.20697 3.12752 1.91488 1.77225 1.33492 1.27836 1.16323 0.744588 0.678369 0.57173 0.458105 0.422639 0.416963 0.36893 0.355685 0.334486 0.314138 0.269775 0.220024 0.181087 0.172821 0.140611 0.138504 0.119809 0.0982745 0.0966178
threshold=1.0000000180025095e-35 2.8855000734329228 1.5000000000000002 0.59364998340606701 1.1000000238418581 2.0785000324249272 0.55535000562667858 0.96250000596046459 1.0000000180025095e-35 0.63854998350143444 0.35416667163372045 0.020499999634921554 0.53571429848670971 0.61250001192092907 0.53150001168251049 0.38500000536441809 5.0394999980926523 0.53415000438690197 0.61250001192092907 0.77500000596046459 0.59174999594688427 0.5920500159263612 5.616999864578248 0.99549999833107006 0.61145001649856578 2.5000000000000004 0.59735000133514415 0.60124999284744274 0.82749998569488536 0.63284999132156383
decision_type=2 2 2 2 2 2 2 2 2 2 2 2 2 2 2 2 2 2 2 2 2 2 2 2 2 2 2 2 2 2
left_child=4 2 3 6 8 10 17 12 -1 11 21 -5 20 24 -11 -8 18 -2 28 26 -4 -3 -6 -15 -9 -23 -12 -14 -7 -20
right_child=1 5 7 9 22 16 15 13 -10 14 19 -13 27 23 -16 -17 -18 -19 29 -21 -22 25 -24 -25 -26 -27 -28 -29 -30 -31
leaf_value=-0.012440455651795005 0.00212721092813083 -0.0028773816759419223 0.00022900035809342162 0.0049568260263714225 -0.00912622318593251 -0.00031418047002874195 0.0039291502313340198 0.0022335230159729277 -0.011077184652218245 0.0063492352413764275 -0.0016510362081418488 0.0034768618703059483 0.0018762819558334203 0.0038183146442173329 0.0041694109388976637 0.002581841660725915 0.0030145983787586059 0.0030109587596763646 0.0013374363460896082 0.00035773387139592162 0.0014426242083246529 -0.001362443019476926 -0.0073544924370873626 0.0055786127012396533 0.0035186616991832714 -0.0022309279463067233 -0.00067334597552189709 0.0030758335211206645 0.00083235937583093123 0.003184518035373
leaf_weight=6003 1921 1129 826 6622 312 545 10469 702 2712 2135 653 1005 373 359 289 641 221 3315 216 529 1561 796 578 294 462 1286 874 578 283 119
leaf_count=6003 1921 1129 826 6622 312 545 10469 702 2712 2135 653 1005 373 359 289 641 221 3315 216 529 1561 796 578 294 462 1286 874 578 283 119
internal_value=2.00516e-07 0.00292786 0.00377596 0.00409037 -0.0116437 -0.00109472 0.00347931 0.00216492 -0.0120169 0.0050836 -0.00165087 0.00476252 0.00147822 0.00342356 0.00609159 0.00385189 0.00101814 0.00268773 0.000634234 -0.000718636 0.00102478 -0.00224617 -0.00798217 0.00461924 0.00274816 -0.00190137 -0.0010948 0.00261085 7.17077e-05 0.00200924
internal_weight=47808 38203 31552 26397 9605 6651 16346 5155 8715 10051 5267 7627 3338 1817 2424 11110 1384 5236 1163 2056 2387 3211 890 653 1164 2082 1527 951 828 335
internal_count=47808 38203 31552 26397 9605 6651 16346 5155 8715 10051 5267 7627 3338 1817 2424 11110 1384 5236 1163 2056 2387 3211 890 653 1164 2082 1527 951 828 335
is_linear=0
shrinkage=0.05


Tree=13
num_leaves=31
num_cat=0
split_feature=0 11 3 0 10 11 11 0 5 0 1 11 11 1 1 1 11 0 0 0 1 0 0 0 3 3 1 0 3 0
split_gain=588.34 47.0806 5.81298 5.67581 3.62486 3.07764 2.31066 1.84125 1.13214 1.09 1.03469 0.797367 0.748515 0.4395 0.400419 0.375615 0.338686 0.290879 0.189786 0.170762 0.16627 0.147975 0.144487 0.144428 0.136692 0.130425 0.129309 0.128224 0.124228 0.0909869
threshold=1.0000000180025095e-35 2.7434999942779545 8.5000000000000018 0.58104997873306286 1.0000000180025095e-35 5.8960001468658456 4.1004998683929452 0.61924999952316295 0.9454999864101411 0.53904998302459728 0.58571431040763866 0.072499997913837447 0.86599999666214 0.46428571641445165 0.58571431040763866 0.61250001192092907 0.3275000005960465 0.59955000877380382 0.58335000276565563 0.62174999713897716 0.21111111342906955 0.63924998044967662 0.49795000255107885 0.60124999284744274 22.500000000000004 20.500000000000004 0.91666665673255932 0.61145001649856578 24.500000000000004 0.61044999957084667
decision_type=2 2 2 2 2 2 2 2 2 2 2 2 2 2 2 2 2 2 2 2 2 2 2 2 2 2 2 2 2 2
left_child=4 2 3 9 -1 15 28 12 13 22 17 -9 -5 18 27 19 -11 25 -4 24 -19 -16 -2 -15 -3 -7 -12 -10 -6 -17
right_child=1 5 8 7 6 10 -8 11 14 16 26 -13 -14 23 21 29 -18 20 -20 -21 -22 -23 -24 -25 -26 -27 -28 -29 -30 -31
leaf_value=-0.011818443116484665 0.0010752442311550668 0.00043685662123955449 -0.0003820364697660578 0.0042638497847311335 -0.0069471578867595727 -0.0020344495407277775 -0.010499573000579968 0.0056513920311235134 0.0017686731144958329 0.0033837209048248953 -0.00072024013543758088 0.0040062569692293371 0.0026721022980570222 0.0012215797880313038 0.0034256256136626761 0.001319065040536723 0.0021586702800073174 -0.0020412824593206381 0.00093807164518952102 0.0013166186002135005 -0.0011609681149722599 0.0053159875219563318 0.0022726681173882881 0.0023976124890848138 -0.00097833210166806974 -0.0029204316469504943 0.00035680897677439272 0.0029867739221329914 -0.0083673368984365105 0.0027961695044819985
leaf_weight=6003 304 577 363 9336 531 992 2766 3860 597 9167 622 942 822 465 478 215 627 1040 1036 367 1199 151 2194 674 242 814 498 378 305 243
leaf_count=6003 304 577 363 9336 531 992 2766 3860 597 9167 622 942 822 465 478 215 627 1040 1036 367 1199 151 2194 674 242 814 498 378 305 243
internal_value=2.44047e-07 0.00278156 0.00359904 0.00386446 -0.0110616 -0.00098683 -0.00979856 0.00451927 0.00185148 0.0030671 -0.0015869 0.0053298 0.00413556 0.00119089 0.00289347 0.000895363 0.00330583 -0.00195945 0.000591965 0.000420358 -0.00157217 0.00388815 0.002129 0.00192203 1.25208e-05 -0.00243669 -0.000236885 0.00224631 -0.0074722 0.00211412
internal_weight=47808 38203 31394 27252 9605 6809 3602 14960 4142 12292 5165 4802 10158 2538 1604 1644 9794 4045 1399 1186 2239 629 2498 1139 819 1806 1120 975 836 458
internal_count=47808 38203 31394 27252 9605 6809 3602 14960 4142 12292 5165 4802 10158 2538 1604 1644 9794 4045 1399 1186 2239 629 2498 1139 819 1806 1120 975 836 458
is_linear=0
shrinkage=0.05


Tree=14
num_leaves=31
num_cat=0
split_feature=0 10 9 0 9 5 0 2 10 2 0 8 3 0 9 9 9 0 9 0 0 0 0 0 0 0 0 3 0 0
split_gain=530.991 32.6736 17.0514 5.61146 4.24643 2.79452 1.82274 1.16106 1.06355 0.965732 0.910544 0.516768 0.510493 0.421948 0.386949 0.364909 0.343025 0.257142 0.209636 0.168611 0.166555 0.161343 0.160525 0.154611 0.141156 0.0867595 0.0806736 0.0803487 0.078881 0.0693685
threshold=1.0000000180025095e-35 1.0000000180025095e-35 4.0030000209808358 0.59834998846054088 0.93750000000000011 0.99149999022483837 0.56155002117156994 1.5000000000000002 1.0000000180025095e-35 1.5000000000000002 0.64814999699592601 0.10380747169256212 21.500000000000004 0.52705001831054699 7.0034999847412118 0.93750000000000011 0.93750000000000011 0.58204999566078197 5.7005000114440927 0.63924998044967662 0.61465001106262218 0.64074999094009411 0.57625001668930065 0.69369998574256908 0.59735000133514415 0.61285001039505016 0.49795000255107885 17.500000000000004 0.54465001821517955 0.62874999642372142
decision_type=2 2 2 2 2 2 2 2 2 2 2 2 2 2 2 2 2 2 2 2 2 2 2 2 2 2 2 2 2 2
left_child=4 3 9 6 8 7 13 14 -1 15 20 24 -9 26 -4 17 21 -3 -6 -13 -5 -11 -8 -12 -7 -17 -2 -10 -15 -18
right_child=1 2 5 10 18 11 22 12 27 16 23 19 -14 28 -16 25 29 -19 -20 -21 -22 -23 -24 -25 -26 -27 -28 -29 -30 -31
leaf_value=-0.011227531021678429 0.0010214997202204527 -0.0026897030547323427 0.00071613983849939825 0.0043702308364530797 -0.0082652927921814997 0.0027454202560088774 0.0033957405819605943 0.0027728159478478389 -0.0096016233874849626 -0.00097195833504204856 0.0059243941672589215 0.0047878906695741717 0.0015021324975632369 0.0025337601207851695 0.0020700589954976054 -0.001046914549324605 0.00026283161301760314 -0.0016759225922754345 -0.0065902781093915043 0.0068275716495072823 0.0049261474386612016 0.00025880198282603666 0.0038266531267920493 0.0078927352424281033 0.0040260278628265435 0.00025612324296411679 0.0019951595687920419 -0.010290461984337741 0.0029659199321459108 0.0015732798434457567
leaf_weight=6003 304 876 2241 2933 347 448 3694 2551 1125 1445 1196 420 1177 1994 700 303 256 2442 561 158 3091 319 6583 129 502 212 973 1569 3076 180
leaf_count=6003 304 876 2241 2933 347 448 3694 2551 1125 1445 1196 420 1177 1994 700 303 256 2442 561 158 3091 319 6583 129 502 212 973 1569 3076 180
internal_value=2.73861e-07 0.00264257 0.000744201 0.00376919 -0.0105086 0.00222928 0.00325964 0.00178601 -0.0108495 -0.00127274 0.0049211 0.00416041 0.00237303 0.00259066 0.00104015 -0.00175242 -0.000434678 -0.00194516 -0.00723675 0.00535518 0.00465639 -0.000746553 0.00367229 0.00612038 0.00342774 -0.000500866 0.00176739 -0.010005 0.00279699 0.000815544
internal_weight=47808 38203 14230 23973 9605 8197 16624 6669 8697 6033 7349 1528 3728 6347 2941 3833 2200 3318 908 578 6024 1764 10277 1325 950 515 1277 2694 5070 436
internal_count=47808 38203 14230 23973 9605 8197 16624 6669 8697 6033 7349 1528 3728 6347 2941 3833 2200 3318 908 578 6024 1764 10277 1325 950 515 1277 2694 5070 436
is_linear=0
shrinkage=0.05


Tree=15
num_leaves=31
num_cat=0
split_feature=0 11 3 0 9 9 0 10 9 1 1 5 0 11 5 9 0 1 5 1 9 0 0 3 0 5 9 0 0 3
split_gain=479.239 38.3788 4.80031 4.7255 3.83787 2.57082 1.7144 1.06392 0.957328 0.955966 0.903323 0.802859 0.765772 0.481524 0.454373 0.398195 0.367257 0.330778 0.314397 0.268928 0.22947 0.217852 0.131039 0.129573 0.121503 0.11672 0.112557 0.103681 0.0935962 0.0856801
threshold=1.0000000180025095e-35 2.7434999942779545 8.5000000000000018 0.60034999251365673 4.2945001125335702 2.0785000324249272 0.56094998121261608 1.0000000180025095e-35 3.3795000314712529 0.53571429848670971 0.35416667163372045 0.99349999427795421 0.64925000071525585 0.48849999904632574 0.93050000071525585 5.5814998149871835 0.53665000200271618 0.61250001192092907 0.99149999022483837 0.6904762089252473 7.053499937057496 0.63484999537467968 0.58945000171661388 23.500000000000004 0.61704999208450328 0.75549998879432689 7.1264998912811288 0.59735000133514415 0.6675499975681306 25.500000000000004
decision_type=2 2 2 2 2 2 2 2 2 2 2 2 2 2 2 2 2 2 2 2 2 2 2 2 2 2 2 2 2 2
left_child=4 2 3 6 7 10 16 -1 12 14 21 -10 -5 -8 20 17 -2 25 24 27 -4 23 -16 -3 -11 -7 -6 -12 -19 -9
right_child=1 5 9 8 26 15 13 29 11 18 19 -13 -14 -15 22 -17 -18 28 -20 -21 -22 -23 -24 -25 -26 -27 -28 -29 -30 -31
leaf_value=-0.010666163712062292 0.0018576590882518002 -0.0018156631573537623 0.00030652917170240787 0.0044679608662398689 -0.0070590336018950556 -0.00044544511815370068 0.0034906756019591175 -0.0091305481382878747 0.0027704519577652774 0.001890790796242696 -0.0014771798723353469 0.0053449224440975072 0.0058419610191004848 0.0022961514127051857 0.0011477292848741333 0.003111114837733226 0.0026582698994651521 0.0014336610788843948 0.0042963583381885138 0.00026204526227020444 0.001712764663494813 -0.0011259521855331741 0.0023274183552681738 -0.0025566002627703619 0.0030232749312366059 0.0006584277015558946 -0.0056147310022266715 -0.00059949926289910209 0.0035432060253252546 -0.0098024601166094034
leaf_weight=6003 2210 1378 1331 5648 541 487 11081 1430 1297 618 606 404 1275 942 380 181 4395 338 275 626 376 672 726 1161 436 468 245 824 68 1386
leaf_count=6003 2210 1378 1331 5648 541 487 11081 1430 1297 618 606 404 1275 942 380 181 4395 338 275 626 376 672 726 1161 436 468 245 824 68 1386
internal_value=3.24399e-07 0.00251056 0.00324864 0.00348985 -0.00998331 -0.00089175 0.00304098 -0.0102828 0.00445879 0.00166038 -0.0014178 0.00338513 0.00472181 0.00339752 0.00113518 0.000901803 0.00239118 0.000604105 0.0027681 -0.000595934 0.000619291 -0.00194245 0.00192676 -0.00215653 0.00236424 9.02876e-05 -0.00661597 -0.000975013 0.00180008 -0.00946337
internal_weight=47808 38203 31394 27252 9605 6809 18628 8819 8624 4142 5267 1701 6923 12023 2813 1542 6605 1361 1329 2056 1707 3211 1106 2539 1054 955 786 1430 406 2816
internal_count=47808 38203 31394 27252 9605 6809 18628 8819 8624 4142 5267 1701 6923 12023 2813 1542 6605 1361 1329 2056 1707 3211 1106 2539 1054 955 786 1430 406 2816
is_linear=0
shrinkage=0.05


Tree=16
num_leaves=31
num_cat=0
split_feature=11 1 1 4 1 7 5 1 8 1 10 1 8 8 1 5 8 5 8 7 4 10 11 4 2 8 5 12 1 5
split_gain=60.5409 21.8941 7.36946 2.94654 3.47906 1.83275 1.74974 0.901493 0.610158 0.545112 0.519392 2.48885 0.661636 0.433527 0.367239 0.352191 0.266269 0.250836 0.24828 0.231373 0.183284 0.134035 0.197587 0.131758 0.129932 0.116813 0.106001 0.119536 0.0988671 0.0937858
threshold=5.3145000934600839 1.0000000180025095e-35 0.38750000298023229 2.5000000000000004 1.0000000180025095e-35 1.0000000180025095e-35 0.99149999022483837 0.53571429848670971 0.034785239025950439 0.6904762089252473 6.2744998931884775 1.0000000180025095e-35 0.023532669059932235 0.03637566231191159 0.91666665673255932 0.94049999117851268 1.0000000180025095e-35 0.90399998426437389 0.032795699313282974 1.0000000180025095e-35 2.5000000000000004 6.3599998950958261 6.6979999542236337 2.5000000000000004 1.5000000000000002 0.037749288603663451 0.90200001001358043 0.2159545496106148 0.77500000596046459 0.88899999856948864
decision_type=2 2 2 2 2 2 2 2 2 2 2 2 2 2 2 2 2 2 2 2 2 2 2 2 2 2 2 2 2 2
left_child=2 5 3 10 13 18 9 19 21 15 26 12 -12 29 -8 20 -13 -6 -2 24 -4 -7 -23 -21 25 -3 27 -1 -9 -5
right_child=1 7 6 4 17 8 14 28 -10 -11 11 16 -14 -15 -16 -17 -18 -19 -20 23 -22 22 -24 -25 -26 -27 -28 -29 -30 -31
leaf_value=0.00069218202695604152 -0.0083083301731619978 -0.0036727022899895115 0.0017611600713122084 -0.0052900954809423847 -0.00044139210661359087 -0.0072164815817760356 0.0035798184401786464 -0.00066325377230025189 -0.0023037483764277692 0.0029373394754546498 -0.0035506283118175424 0.00041331871146788648 0.0003465485066810314 -0.00089453228533245663 0.0055059939279097263 0.002448247969023834 0.0018175702157806725 0.00099930155208887393 -0.0023191161398122559 -0.0012804764681492295 0.00081003536174710858 -0.0049566553575377328 -0.0061723793050941266 -0.0020368368658513778 -0.0012317889652919867 -0.0010658130766069574 0.0020855060373155079 -0.00052599213647246601 0.00025711845800547347 -0.0028949249717684995
leaf_weight=30043 1252 332 1054 468 893 264 829 613 118 1191 504 754 136 75 377 994 629 456 20 1175 1030 478 1774 1249 104 56 139 198 547 56
leaf_count=30043 1252 332 1054 468 893 264 829 613 118 1191 504 754 136 75 377 994 629 456 20 1175 1030 478 1774 1249 104 56 139 198 547 56
internal_value=3.50244e-07 -0.00397392 0.000797014 0.00052529 -0.00136251 -0.00664924 0.0025009 -0.00140885 -0.00588935 0.00202345 0.000638939 -0.000134738 -0.00271474 -0.00453326 0.0041865 0.00166813 0.00105568 4.19347e-05 -0.00821828 -0.00187807 0.00129353 -0.00605543 -0.00591679 -0.00167233 -0.00288097 -0.00330971 0.000690623 0.000684039 -0.000224956 -0.00504426
internal_weight=47808 7982 39826 34351 1948 3906 5475 4076 2634 4269 32403 2023 640 599 1206 3078 1383 1349 1272 2916 2084 2516 2252 2424 492 388 30380 30241 1160 524
internal_count=47808 7982 39826 34351 1948 3906 5475 4076 2634 4269 32403 2023 640 599 1206 3078 1383 1349 1272 2916 2084 2516 2252 2424 492 388 30380 30241 1160 524
is_linear=0
shrinkage=0.05


Tree=17
num_leaves=31
num_cat=0
split_feature=11 2 2 3 2 7 9 2 8 8 8 3 3 8 8 12 2 3 8 3 8 9 12 9 8 7 3 10 3 9
split_gain=54.6471 19.7595 6.379 2.44436 4.37133 1.65266 1.33374 0.634438 0.599435 0.549592 0.544407 0.452212 0.402359 0.311439 0.273678 0.689256 1.64802 0.247499 0.225316 0.223062 0.222462 0.197098 0.187487 0.180557 0.147438 0.127052 0.125521 0.124127 0.116387 0.110056
threshold=5.3145000934600839 1.0000000180025095e-35 1.5000000000000002 8.5000000000000018 1.0000000180025095e-35 1.0000000180025095e-35 6.3610000610351571 1.5000000000000002 0.029857398010790352 0.034785239025950439 0.1132478639483452 50.500000000000007 31.500000000000004 0.019049347378313545 0.043015725910663612 0.013030560221523048 1.0000000180025095e-35 19.500000000000004 1.0000000180025095e-35 52.500000000000007 0.032795699313282974 8.2679996490478533 0.78281378746032726 5.4014999866485605 0.037749288603663451 1.0000000180025095e-35 20.500000000000004 6.3599998950958261 32.500000000000007 6.7005000114440927
decision_type=2 2 2 2 2 2 2 2 2 2 2 2 2 2 2 2 2 2 2 2 2 2 2 2 2 2 2 2 2 2
left_child=2 5 3 14 8 20 12 19 21 11 17 27 18 23 15 -1 -17 -8 -4 24 28 -5 -12 -6 25 -3 -9 -7 -2 -15
right_child=1 7 6 4 13 9 10 26 -10 -11 22 -13 -14 29 -16 16 -18 -19 -20 -21 -22 -23 -24 -25 -26 -27 -28 -29 -30 -31
leaf_value=0.00065773077349420524 -0.0074164519886882026 -0.0028527934877582224 0.0013706499672013815 -0.0048750655114901007 -0.0010153674752731382 -0.0067256851929101205 0.0031238344918199396 -0.00026298952176715573 -0.00059970898649889517 -0.0021886584829621078 0.0033360275376028803 -0.0086281872924463803 0.0003326548456654045 0.00075233180986554547 0.0017228120972992964 -0.0031923986136352528 0.00076793686857130764 0.001881413093728951 0.0023988038057594831 -0.0041693548994516235 -0.0022037372294238847 -0.0023459848317210394 0.0051672708216598225 0.00031324826536554629 -0.00095189675231758446 -0.0017667279742383036 -0.001099580929604986 -0.0054479286367002163 -0.0085248325810764383 0.0020894613791525856
leaf_weight=29982 719 366 1114 606 405 253 1390 1001 116 118 255 136 528 618 569 398 769 600 1090 107 20 98 386 686 439 1320 843 2127 533 216
leaf_count=29982 719 366 1114 606 405 253 1390 1001 116 118 255 136 528 618 569 398 769 600 1090 107 20 98 386 686 439 1320 843 2127 533 216
internal_value=2.98155e-07 -0.00377556 0.000757196 0.000507381 -0.000923246 -0.00631714 0.00236155 -0.00133866 -0.00398067 -0.00559521 0.00316696 -0.00575289 0.001584 0.000376678 0.000631353 0.00061125 -0.000578591 0.00275186 0.00188148 -0.00190681 -0.0078076 -0.00453049 0.00444721 -0.000175425 -0.00179034 -0.00200561 -0.000648195 -0.00558614 -0.00789295 0.00110484
internal_weight=47808 7982 39826 34463 2745 3906 5363 4076 820 2634 2631 2516 2732 1925 31718 31149 1167 1990 2204 2232 1272 704 641 1091 2125 1686 1844 2380 1252 834
internal_count=47808 7982 39826 34463 2745 3906 5363 4076 820 2634 2631 2516 2732 1925 31718 31149 1167 1990 2204 2232 1272 704 641 1091 2125 1686 1844 2380 1252 834
is_linear=0
shrinkage=0.05


Tree=18
num_leaves=31
num_cat=0
split_feature=0 11 10 3 0 9 9 0 0 1 1 9 9 3 11 1 0 11 0 0 9 0 3 0 0 0 9 3 3 3
split_gain=416.822 30.1951 5.03579 3.93709 4.25855 2.58092 1.34655 1.14577 1.02564 0.784757 0.606333 0.605386 0.543758 0.402137 0.334824 0.323483 0.279703 0.250701 0.236318 0.208641 0.197256 0.165928 0.158842 0.149801 0.118649 0.10242 0.0954165 0.0914127 0.0793899 0.0655114
threshold=1.0000000180025095e-35 2.3715000152587895 1.0000000180025095e-35 6.5000000000000009 0.59014999866485607 3.0060000419616704 4.3005001544952401 0.55414998531341564 0.63554999232292186 0.53571429848670971 0.58571431040763866 3.7109999656677251 6.0025000572204599 38.500000000000007 0.53150001168251049 0.91666665673255932 0.59565001726150524 0.072499997913837447 0.51274999976158153 0.58974999189376842 6.0025000572204599 0.64724999666214 18.500000000000004 0.62744998931884777 0.63155001401901256 0.65815001726150524 7.1264998912811288 23.500000000000004 14.500000000000002 13.500000000000002
decision_type=2 2 2 2 2 2 2 2 2 2 2 2 2 2 2 2 2 2 2 2 2 2 2 2 2 2 2 2 2 2
left_child=2 3 -1 4 7 10 29 18 11 13 16 -6 15 19 -10 23 27 -9 -2 -5 -11 -22 -18 -7 28 -15 -8 -3 -12 -4
right_child=1 5 6 9 8 12 26 17 14 20 24 -13 -14 25 -16 -17 22 -19 -20 -21 21 -23 -24 -25 -26 -27 -28 -29 -30 -31
leaf_value=-0.010200358937501578 0.0011475701499549385 -0.0015211294690914722 -0.0079339492795135521 0.00080231899630029161 0.0038945177567739141 0.00010514533611182491 -0.0063774028668939975 0.0030842482511898935 0.0050582066457871572 0.0016732415229967228 0.00013517303768855889 0.0026360431040433688 0.0029506987532501062 -9.8294129576449239e-05 0.0032926236869059949 0.0025058618266052468 -0.00057679599609648119 0.0020623486586530656 0.0022181091455926276 0.001853422182873395 0.0026796088986988436 0.0044946830504833 -0.0013717324257451746 0.0012881395791169846 0.00074283472150949478 0.001816122019140255 -0.005038109107465669 -0.0022942586600521514 -0.00081016157087604457 -0.0085606468505129724
leaf_weight=6003 609 1013 1005 753 7380 1078 536 9617 2405 436 401 1130 316 637 323 212 1192 674 4337 1368 816 162 1403 361 326 78 245 699 477 1816
leaf_count=6003 609 1013 1005 753 7380 1078 536 9617 2405 436 401 1130 316 637 323 212 1192 674 4337 1368 816 162 1403 361 326 78 245 699 477 1816
internal_value=2.476e-07 0.00234132 -0.00931057 0.00303483 0.00326179 -0.000507429 -0.00782604 0.00271613 0.00400114 0.00161978 -0.00106282 0.00372803 0.00104606 0.00113681 0.00485112 0.000678334 -0.00134017 0.00301783 0.00208733 0.00148267 0.00258477 0.00298581 -0.00100855 0.000405465 -6.64993e-05 0.000103784 -0.00596437 -0.00183983 -0.000372748 -0.00833944
internal_weight=47808 38203 9605 30725 26475 7478 3602 15237 11238 4250 5511 8510 1967 2836 2728 1651 4307 10291 4946 2121 1414 978 2595 1439 1204 715 781 1712 878 2821
internal_count=47808 38203 9605 30725 26475 7478 3602 15237 11238 4250 5511 8510 1967 2836 2728 1651 4307 10291 4946 2121 1414 978 2595 1439 1204 715 781 1712 878 2821
is_linear=0
shrinkage=0.05


Tree=19
num_leaves=31
num_cat=0
split_feature=0 11 10 9 0 9 5 0 9 1 0 1 1 9 0 1 0 1 0 5 0 0 0 0 0 0 0 9 9 4
split_gain=376.197 27.2521 4.54206 3.56788 4.17168 2.33053 1.74457 1.35284 1.21347 0.709555 0.678664 0.54941 0.501595 0.490419 0.337436 0.291778 0.265646 0.220704 0.21193 0.15801 0.148465 0.145163 0.126018 0.122183 0.117851 0.11207 0.093718 0.0891878 0.0885352 0.0792545
threshold=1.0000000180025095e-35 2.3715000152587895 1.0000000180025095e-35 3.5180000066757207 0.59874999523162853 3.0060000419616704 0.98749998211860668 0.5627499818801881 4.3005001544952401 0.46428571641445165 0.65125000476837169 0.61250001192092907 0.91666665673255932 6.0025000572204599 0.52555000782012951 0.91666665673255932 0.60864999890327465 0.6904762089252473 0.59595000743865978 0.82749998569488536 0.61704999208450328 0.66255000233650219 0.69369998574256908 0.5790500044822694 0.55645000934600841 0.6658499836921693 0.64004999399185192 8.5060000419616717 7.2009999752044687 2.5000000000000004
decision_type=2 2 2 2 2 2 2 2 2 2 2 2 2 2 2 2 2 2 2 2 2 2 2 2 2 2 2 2 2 2
left_child=2 3 -1 4 7 11 9 14 -4 18 20 16 21 15 -2 19 24 -11 -5 -7 -6 -8 -12 -9 -3 -18 29 -10 -14 -13
right_child=1 5 8 6 10 13 12 23 27 17 22 26 28 -15 -16 -17 25 -19 -20 -21 -22 -23 -24 -25 -26 -27 -28 -29 -30 -31
leaf_value=-0.0096903491145258116 0.0013958110159746698 -0.0024341756678948694 -0.0079225889780373416 0.00026457758088601051 0.0037074141544476587 -8.504794895564284e-05 0.0025826261732912925 0.0028853136720164924 -0.0059107980471596027 0.0016693505159704786 0.0050886582011430556 0.00024459258048137859 0.0040747746338712452 0.0028032104964429913 0.0023416001132986284 0.0023806278049408086 -0.0009749404201615839 0.0027075365561106241 0.0011931904733617023 0.00096239045283190168 0.0042276413443215009 0.0044605021586948297 0.0068863742924955441 0.0032543842249375698 -0.0014571948182197313 0.00012276453686390723 0.00087856151776526537 -0.0042193212922226114 0.0057355179913008651 -0.00070204147044064134
leaf_weight=6003 1179 389 2821 1074 3185 788 1214 4318 665 1675 1030 412 230 316 5403 212 1749 777 1488 651 2920 122 129 5809 2006 259 232 116 172 464
leaf_count=6003 1179 389 2821 1074 3185 788 1214 4318 665 1675 1030 412 230 316 5403 212 1749 777 1488 651 2920 122 129 5809 2006 259 232 116 172 464
internal_value=2.77059e-07 0.00222435 -0.00884516 0.00288319 0.00316944 -0.00048199 0.00186609 0.00273365 -0.00743498 0.0013911 0.00417113 -0.00100978 0.00323335 0.00099416 0.00217297 0.000644732 -0.00126022 0.00200047 0.00080589 0.00038537 0.00395712 0.00275817 0.00529364 0.00309754 -0.00161806 -0.000830865 -1.00232e-05 -0.00566654 0.00479903 -0.000251137
internal_weight=47808 38203 9605 30725 23973 7478 6752 16709 3602 5014 7264 5511 1738 1967 6582 1651 4403 2452 2562 1439 6105 1336 1159 10127 2395 2008 1108 781 402 876
internal_count=47808 38203 9605 30725 23973 7478 6752 16709 3602 5014 7264 5511 1738 1967 6582 1651 4403 2452 2562 1439 6105 1336 1159 10127 2395 2008 1108 781 402 876
is_linear=0
shrinkage=0.05


Tree=20
num_leaves=31
num_cat=0
split_feature=11 1 1 3 1 5 7 1 5 11 1 8 3 9 1 8 3 8 9 8 3 1 8 9 1 8 7 3 3 9
split_gain=40.2935 14.4293 5.08803 2.28774 2.07064 1.31699 1.15342 0.627531 0.478667 0.465296 1.37867 0.399493 0.360203 0.354181 0.30165 0.249207 0.248517 0.247729 0.246463 0.224548 0.430112 0.205153 0.170789 0.165194 0.161936 0.156455 0.14223 0.104731 0.096203 0.0954203
threshold=5.8960001468658456 1.0000000180025095e-35 0.38750000298023229 18.500000000000004 1.0000000180025095e-35 0.95949998497962963 1.0000000180025095e-35 0.35416667163372045 0.99950000643730175 1.278500020503998 1.0000000180025095e-35 0.034785239025950439 50.500000000000007 7.5030000209808358 0.77500000596046459 0.038838613778352744 38.500000000000007 0.029857398010790352 6.1695001125335702 1.0000000180025095e-35 1.0000000180025095e-35 0.6904762089252473 0.019049347378313545 7.0764999389648446 0.6904762089252473 0.032795699313282974 1.0000000180025095e-35 51.500000000000007 49.500000000000007 7.3754999637603769
decision_type=2 2 2 2 2 2 2 2 2 2 2 2 2 2 2 2 2 2 2 2 2 2 2 2 2 2 2 2 2 2
left_child=2 6 3 9 15 13 25 26 24 19 17 12 28 14 16 23 -4 -11 -12 20 -1 -9 29 -5 -7 -2 -3 -28 -8 -6
right_child=1 7 5 4 22 8 11 21 -10 10 18 -13 -14 -15 -16 -17 -18 -19 -20 -21 -22 -23 -24 -25 -26 -27 27 -29 -30 -31
leaf_value=0.00056404398253978702 -0.0067691113644126905 -0.0027245486704394672 0.0012032315603359529 -0.0049035652733170872 -0.00099074141804967762 0.0022320305059510097 -0.005119767768034863 -0.00088012678624796361 0.0043195876878915195 -0.0030763244516535653 0.00018922066600526681 -0.0019081053918385727 -0.0075720167814688879 0.0028485582222931992 0.0022198797401618408 -0.00091612438296859763 -9.541502522542023e-05 0 0.0018914320138295343 0.0016076108636263267 -0.00078011441197934446 0.0001969543841355036 0.00051882860885457661 -0.0027530836801545207 0.0032890050088381171 -0.0019331527169589972 -0.0014959637473761919 -0.0034425775620762636 -0.0044101212515982452 0.00055149139241500358
leaf_weight=30019 1238 358 1806 343 533 1204 1369 1425 521 398 798 117 133 378 590 66 454 81 294 503 604 631 508 139 568 20 1514 77 1000 119
leaf_count=30019 1238 358 1806 343 533 1204 1369 1425 521 398 798 117 133 378 590 66 454 81 294 503 604 631 508 139 568 20 1514 77 1000 119
internal_value=3.28699e-07 -0.00326653 0.000645388 0.000419094 -0.00136396 0.00205463 -0.00544118 -0.00116004 0.00297284 0.000512393 -0.00032515 -0.00483613 -0.00497097 0.00140077 0.0012069 -0.00389696 0.000940148 -0.00256341 0.000652218 0.000554827 0.000537366 -0.000547138 -0.0001628 -0.00429448 0.00257382 -0.00669636 -0.00180397 -0.00159353 -0.00482252 -0.000701551
internal_weight=47808 7882 39926 34405 1708 5521 3877 4005 2293 32697 1571 2619 2502 3228 2850 548 2260 479 1092 31126 30623 2056 1160 482 1772 1258 1949 1591 2369 652
internal_count=47808 7882 39926 34405 1708 5521 3877 4005 2293 32697 1571 2619 2502 3228 2850 548 2260 479 1092 31126 30623 2056 1160 482 1772 1258 1949 1591 2369 652
is_linear=0
shrinkage=0.05


Tree=21
num_leaves=31
num_cat=0
split_feature=0 11 10 0 9 9 0 9 8 9 9 0 0 0 0 2 3 3 2 3 0 0 0 8 0 2 3 3 0 0
split_gain=333.742 23.285 5.19127 2.99555 2.94595 2.72785 1.47748 0.954777 0.68253 0.652443 0.640897 0.474033 0.393722 0.376161 0.362288 0.320319 0.251915 0.235514 0.22583 0.165832 0.132562 0.125889 0.110354 0.101348 0.099269 0.0920417 0.0822282 0.0734129 0.0682642 0.0635271
threshold=1.0000000180025095e-35 1.7455000281333926 1.0000000180025095e-35 0.57335001230239879 3.0060000419616704 4.2945001125335702 0.61245000362396251 5.0025000572204599 0.10300619155168535 4.6909999847412118 6.3025000095367441 0.53775000572204601 0.65944999456405651 0.58415001630783092 0.62405002117156994 1.5000000000000002 34.500000000000007 18.500000000000004 1.5000000000000002 18.500000000000004 0.65944999456405651 0.59635001420974743 0.49795000255107885 0.073622401803731932 0.69369998574256908 1.5000000000000002 23.500000000000004 27.500000000000004 0.55865001678466808 0.60914999246597301
decision_type=2 2 2 2 2 2 2 2 2 2 2 2 2 2 2 2 2 2 2 2 2 2 2 2 2 2 2 2 2 2
left_child=2 3 -1 9 13 6 21 27 15 11 14 22 -8 26 16 -7 -6 25 -10 23 -19 -5 -2 -11 -16 -15 -3 -4 -13 -12
right_child=1 4 7 5 10 8 12 -9 18 19 29 28 -14 17 24 -17 -18 20 -20 -21 -22 -23 -24 -25 -26 -27 -28 -29 -30 -31
leaf_value=-0.0092340414368461514 0.00065479549054752644 -0.0012303292114793749 -0.0069273255671000152 0.0029952867725147143 0.00059807399793035789 0.0010911036671454387 0.0039903539489280137 -0.0050572025809882334 0.0017598837539178703 0.00076188940002766222 0.0019702822094365929 0.0022429335370320424 0.0052525513578937236 -0.00047171809190249244 0.0013802607460171356 0.0020937091006105967 -0.000853369279397017 -0.0011147031064508018 0.0036471508392229403 -0.00030345301580346593 5.0243131615591147e-05 0.0033965090090659271 0.001707513987007344 0.002090259952291576 0.003250827050549682 0.00024833885139517405 -0.0020214284977607025 -0.0075224616245322048 0.0025792446276956542 0.0030942254389161867
leaf_weight=6003 304 891 1562 6917 1567 1298 3981 647 216 462 301 3499 770 1162 738 2183 367 1893 752 243 271 3130 1963 223 84 708 586 1393 3410 284
leaf_count=6003 304 891 1562 6917 1567 1298 3981 647 216 462 301 3499 770 1162 738 2183 367 1893 752 243 271 3130 1963 223 84 708 586 1393 3410 284
internal_value=2.79603e-07 0.0020951 -0.00833111 0.00277302 -0.000152123 0.00313952 0.0034664 -0.00682469 0.00205108 0.00207436 0.00101866 0.00220245 0.00419608 -0.000862816 0.000697048 0.00172133 0.00032003 -0.000610783 0.00323142 0.000802324 -0.00096651 0.00312081 0.00156859 0.00120188 0.00157787 -0.000196425 -0.0015477 -0.00720981 0.00240968 0.0025249
internal_weight=47808 38203 9605 29351 8852 19247 14798 3602 4449 10104 3341 9176 4751 5511 2756 3481 1934 4034 968 928 2164 10047 2267 685 822 1870 1477 2955 6909 585
internal_count=47808 38203 9605 29351 8852 19247 14798 3602 4449 10104 3341 9176 4751 5511 2756 3481 1934 4034 968 928 2164 10047 2267 685 822 1870 1477 2955 6909 585
is_linear=0
shrinkage=0.05


Tree=22
num_leaves=31
num_cat=0
split_feature=11 1 1 4 1 5 7 1 9 11 1 8 1 5 8 9 1 8 5 8 4 8 9 9 1 8 1 1 4 7
split_gain=32.8755 11.8198 4.22821 1.84689 1.97933 1.14096 0.912975 0.537718 0.387323 0.33219 0.995996 0.318915 0.246136 0.225662 0.21864 0.196698 0.186626 0.179343 0.175879 0.164388 0.337272 0.151913 0.134182 0.130125 0.128058 0.122555 0.109136 0.0966 0.0915458 0.0833719
threshold=5.8960001468658456 1.0000000180025095e-35 0.38750000298023229 2.5000000000000004 1.0000000180025095e-35 0.99149999022483837 1.0000000180025095e-35 0.58571431040763866 6.0025000572204599 1.278500020503998 1.0000000180025095e-35 0.034785239025950439 0.77500000596046459 0.82749998569488536 0.03637566231191159 6.3025000095367441 0.6904762089252473 0.023532669059932235 0.84099999070167553 1.0000000180025095e-35 1.0000000180025095e-35 0.027402402833104137 7.2245001792907724 7.0764999389648446 0.26785714924335485 0.032795699313282974 0.77500000596046459 0.91666665673255932 2.5000000000000004 1.0000000180025095e-35
decision_type=2 2 2 2 2 2 2 2 2 2 2 2 2 2 2 2 2 2 2 2 2 2 2 2 2 2 2 2 2 2
left_child=2 6 3 9 14 8 25 21 13 19 17 -8 -7 27 23 -12 28 -11 22 20 -1 24 -6 -5 29 -2 -15 -4 -10 -3
right_child=1 7 5 4 18 12 11 -9 16 10 15 -13 -14 26 -16 -17 -18 -19 -20 -21 -22 -23 -24 -25 -26 -27 -28 -29 -30 -31
leaf_value=0.00050910065500873959 -0.0061015050545646316 -0.0031515883742541831 0.00018996381189333611 -0.0043351319728437247 -0.00091577286424820547 0.0027049034423875036 -0.0045002664326142068 -0.00011889700735944749 0.0020250450759197697 -0.0027294385719451651 0.00020079567829115933 -0.0017551253489011872 0.0042576345648424356 0.0012050240827912694 -0.00086879662462019435 0.0018782948448577621 0.0027722656033399677 -1.9947870746439755e-05 0.00056553475512339461 0.0014356545716186179 -0.00074907022968937875 -0.00073959015777013001 0.00077346224237800866 -0.0025091957901759599 -0.001301971438032664 -0.0017741795351256186 0.0023556501434533073 0.0014272325358728358 0.0012180850919238295 -0.0018408435103793351
leaf_weight=30019 1238 167 784 384 583 801 2502 1137 881 361 734 117 405 947 76 233 558 78 632 469 539 676 144 153 1353 20 282 202 661 672
leaf_count=30019 1238 167 784 384 583 801 2502 1137 881 361 734 117 405 947 76 233 558 78 632 469 539 676 144 153 1353 20 282 202 661 672
internal_value=3.1898e-07 -0.00295053 0.000582993 0.000376689 -0.00110819 0.00186767 -0.00491877 -0.00104387 0.00148547 0.00046713 -0.000282287 -0.00437961 0.0032308 0.00101946 -0.00346664 0.000610314 0.00197455 -0.00225953 -4.05097e-05 0.000501252 0.000486742 -0.00140881 -0.000574242 -0.00382477 -0.00161286 -0.00603683 0.00147328 0.00044863 0.00168247 -0.00210805
internal_weight=47808 7882 39926 34405 1972 5521 3877 4005 4315 32433 1406 2619 1206 2215 613 967 2100 439 1359 31027 30558 2868 727 537 2192 1258 1229 986 1542 839
internal_count=47808 7882 39926 34405 1972 5521 3877 4005 4315 32433 1406 2619 1206 2215 613 967 2100 439 1359 31027 30558 2868 727 537 2192 1258 1229 986 1542 839
is_linear=0
shrinkage=0.05


Tree=23
num_leaves=31
num_cat=0
split_feature=0 11 10 0 9 9 0 1 9 9 0 9 0 0 1 8 0 1 1 0 1 8 0 0 0 0 1 9 0 0
split_gain=296.331 19.864 5.72242 2.66047 2.63724 2.32533 1.274 0.833635 0.748643 0.671368 0.466822 0.455621 0.420725 0.306626 0.276072 0.23461 0.228071 0.221981 0.187094 0.165091 0.151345 0.136653 0.128444 0.114545 0.105616 0.0634663 0.0607057 0.0594555 0.0577123 0.0542225
threshold=1.0000000180025095e-35 1.7455000281333926 1.0000000180025095e-35 0.57504999637603771 4.2945001125335702 4.0030000209808358 0.61765000224113475 0.6904762089252473 5.0025000572204599 4.6909999847412118 0.54304999113082897 6.3025000095367441 0.63015002012252819 0.66414999961853038 0.61250001192092907 0.091966174542903914 0.57054999470710765 0.46428571641445165 0.6904762089252473 0.59955000877380382 0.6904762089252473 0.073622401803731932 0.50575000047683727 0.61994999647140514 0.63705000281333934 0.68244999647140514 0.53571429848670971 9.3874998092651385 0.61994999647140514 0.5644499957561494
decision_type=2 2 2 2 2 2 2 2 2 2 2 2 2 2 2 2 2 2 2 2 2 2 2 2 2 2 2 2 2 2
left_child=2 3 -1 9 6 12 19 17 -4 10 22 14 16 -8 23 -9 -3 -6 -18 -5 25 26 -2 -7 -16 -14 -11 -10 -13 -12
right_child=1 5 8 4 7 11 13 15 27 21 29 28 20 -15 24 -17 18 -19 -20 -21 -22 -23 -24 -25 -26 -27 -28 -29 -30 -31
leaf_value=-0.0087978015637080447 0.00077859881958252438 -0.0015945945520847373 -0.0066111951391353676 0.0028573659762340478 0.001146367727825211 0.00010605208454090823 0.0038557135928503072 0.002600624611360789 -0.0049157088874666579 5.629531368909485e-05 0.002200754613963447 0.0019107147165751644 -0.00028801354414097229 0.0050961845261436288 0.0012176355077959022 0.0042888054894592827 -0.00084743855708040985 0.0019649971728568647 0.00028011477892231682 0.0033107047627826238 0.0012015858475088797 0.0016459739259359345 0.0017116273826898562 0.0010746462131397023 0.0026981920126158063 0.00078903930599105569 0.0011425268259943932 -0.0033260529872099543 0.0030211751467571157 0.0025152924537893678
leaf_weight=6003 457 950 2955 7222 1877 1114 3386 622 556 527 3964 369 1170 622 523 334 3109 1557 410 3078 241 285 2531 428 169 153 175 91 216 2714
leaf_count=6003 457 950 2955 7222 1877 1114 3386 622 556 527 3964 369 1170 622 523 334 3109 1557 410 3078 241 285 2531 428 169 153 175 91 216 2714
internal_value=2.91549e-07 0.00197422 -0.00785025 0.00260035 0.00296021 -0.000101319 0.00328961 0.00188544 -0.0062695 0.00196825 0.00209536 0.00108352 -0.000655786 0.00404959 0.000754853 0.00319604 -0.000902849 0.00151904 -0.000714642 0.00299336 4.69916e-05 0.000718262 0.00157063 0.000378191 0.00158678 -0.000159627 0.000334325 -0.0047004 0.00232972 0.00232937
internal_weight=47808 38203 9605 29351 18698 8852 14308 4390 3602 10653 9666 2819 6033 4008 2234 956 4469 3434 3519 10300 1564 987 2988 1542 692 1323 702 647 585 6678
internal_count=47808 38203 9605 29351 18698 8852 14308 4390 3602 10653 9666 2819 6033 4008 2234 956 4469 3434 3519 10300 1564 987 2988 1542 692 1323 702 647 585 6678
is_linear=0
shrinkage=0.05


Tree=24
num_leaves=31
num_cat=0
split_feature=11 1 5 7 1 12 1 9 1 1 8 5 8 1 8 9 1 8 8 7 9 11 10 1 1 11 8 8 8 1
split_gain=26.8649 9.64696 3.56788 0.717229 0.712914 0.581955 4.03365 0.489535 0.460764 0.423873 0.32827 0.279152 0.254015 0.205859 0.168821 0.166745 0.153409 0.102712 0.0950199 0.0934879 0.0762679 0.0721113 0.268714 0.0579516 0.0515905 0.0953575 0.0489884 0.0470927 0.0436141 0.0424887
threshold=5.8960001468658456 1.0000000180025095e-35 0.92849999666214 1.0000000180025095e-35 0.58571431040763866 0.051376320421695716 0.13392857462167743 8.5060000419616717 0.35416667163372045 0.53571429848670971 0.023532669059932235 0.99950000643730175 0.034785239025950439 1.0000000180025095e-35 0.10762548446655275 8.0085000991821307 0.77500000596046459 0.037749288603663451 0.032795699313282974 1.0000000180025095e-35 6.9230000972747812 7.9070000648498544 7.8960001468658456 0.81666666269302379 0.38750000298023229 2.6744999885559086 0.049390243366360671 0.23303167521953586 0.029857398010790352 0.61250001192092907
decision_type=2 2 2 2 2 2 2 2 2 2 2 2 2 2 2 2 2 2 2 2 2 2 2 2 2 2 2 2 2 2
left_child=2 3 5 18 13 24 10 9 17 -8 15 23 21 28 20 -7 26 19 -2 -3 -15 22 -5 -6 25 -1 -10 -13 -4 -9
right_child=1 8 4 12 11 6 7 29 16 -11 -12 27 -14 14 -16 -17 -18 -19 -20 -21 -22 -23 -24 -25 -26 -27 -28 -29 -30 -31
leaf_value=0.00045826747115281581 -0.0054950002165066111 -0.0024968877217887374 -0.0012847140518486141 -0.0040805497927056669 0.0021504326822006318 -0.0033506735563294992 6.8668536668741524e-05 0.0018704465458165419 -0.00082483712019151736 0.0011495347629256615 -0.00056545057437167034 0.0036270865670556284 -0.0016156465759759144 0.0010501837175668413 0.0023721599956612644 -0.0015520930972033279 0.00030380681931144394 -0.00077111668543098331 -0.0016339415390118587 -0.0014828977311798774 0.0018040600037284979 -0.0047792768115778768 -0.0014896450909811579 0.0029227422988563003 0.0017245860849456546 -0.0020208316341881563 -0.00011538967834233801 0.0051673022870390994 0.00048453445144021508 0.0031250330289755604
leaf_weight=30103 1238 304 76 2012 839 837 2873 291 1195 1333 158 251 117 1214 461 166 534 411 20 1234 508 378 112 430 83 38 327 92 59 114
leaf_count=30103 1238 304 76 2012 839 837 2873 291 1195 1333 158 251 117 1214 461 166 534 411 20 1234 508 378 112 430 83 38 327 92 59 114
internal_value=3.62793e-07 -0.00266712 0.000527095 -0.00444531 0.00195784 0.000370744 -8.85743e-05 0.000573787 -0.000944445 0.000412433 -0.00272332 0.00276854 -0.00396652 0.0013918 0.00150954 -0.00305817 -0.000418872 -0.00149626 -0.00543773 -0.00168672 0.00127558 -0.00407438 -0.00394636 0.00241628 0.000458627 0.000454969 -0.000675716 0.00405616 -0.000474691 0.00223662
internal_weight=47808 7882 39926 3877 3930 35996 5772 4611 4005 4206 1161 1612 2619 2318 2183 1003 2056 1949 1258 1538 1722 2502 2124 1269 30224 30141 1522 343 135 405
internal_count=47808 7882 39926 3877 3930 35996 5772 4611 4005 4206 1161 1612 2619 2318 2183 1003 2056 1949 1258 1538 1722 2502 2124 1269 30224 30141 1522 343 135 405
is_linear=0
shrinkage=0.05


Tree=25
num_leaves=31
num_cat=0
split_feature=0 11 10 0 9 9 0 9 9 9 0 3 0 0 0 2 3 3 0 0 0 3 0 0 0 3 7 0 0 3
split_gain=263.208 17.039 6.15505 2.51328 2.48632 1.84203 1.17859 0.589674 0.494269 0.433086 0.404943 0.380484 0.369939 0.345322 0.31113 0.303653 0.299668 0.207243 0.115353 0.106216 0.105175 0.104573 0.10241 0.100386 0.0976496 0.0941453 0.0717736 0.0713556 0.0541652 0.0514617
threshold=1.0000000180025095e-35 1.3125000000000002 1.0000000180025095e-35 0.57424998283386242 4.0030000209808358 4.5759999752044687 0.61414998769760143 5.0025000572204599 6.5004999637603769 5.0394999980926523 0.5400499999523164 26.500000000000004 0.62804999947547924 0.63924998044967662 0.65565001964569103 1.5000000000000002 32.500000000000007 23.500000000000004 0.5976499915122987 0.57104998826980602 0.65125000476837169 18.500000000000004 0.55924999713897716 0.50575000047683727 0.68244999647140514 20.500000000000004 1.0000000180025095e-35 0.57104998826980602 0.56215000152587902 35.500000000000007
decision_type=2 2 2 2 2 2 2 2 2 2 2 2 2 2 2 2 2 2 2 2 2 2 2 2 2 2 2 2 2 2
left_child=2 3 -1 9 12 6 18 26 13 10 23 15 17 16 -8 -7 -6 19 -5 -3 -13 -11 -19 -2 25 -14 -4 -10 -12 -9
right_child=1 4 7 5 8 11 14 29 27 21 28 20 24 -15 -16 -17 -18 22 -20 -21 -22 -23 -24 -25 -26 -27 -28 -29 -30 -31
leaf_value=-0.0083808322962676263 0.0007167690383365694 -0.0010935434599898663 -0.0057507077969748202 0.0026725968345177424 0.00079711305249101014 0.0012977428853749703 0.0035489014291038394 -0.0040634908892151463 0.0008711286421875348 0.0010546631495290321 0.0020224201296856095 0.00051020268675588129 0.00033750847446351474 0.0018985053755103097 0.0045978169365027454 0.0024524354662192448 -0.00053385108610285315 -0.0021668377456326026 0.0030592642939955735 -0.000316804120118816 0.0020088459899990905 -0.00026038765929412971 -0.0010453475532855563 0.0015580251053055136 0.0011146817764367794 -0.00046811900657537557 -0.0063269091116007689 0.0023305048701609383 0.0023277175872849598 -0.0052786695095395214
leaf_weight=6003 457 581 1360 7022 2051 860 3547 492 108 571 3924 616 733 560 939 1832 528 246 3038 1963 150 198 1594 2081 202 714 1595 723 2965 155
leaf_count=6003 457 581 1360 7022 2051 860 3547 492 108 571 3924 616 733 560 939 1832 528 246 3038 1963 150 198 1594 2081 202 714 1595 723 2965 155
internal_value=3.33628e-07 0.00186068 -0.00739846 0.00248959 8.71869e-05 0.00284534 0.00309242 -0.00575968 0.00105935 0.00186089 0.00195427 0.00180451 -0.000551723 0.00076977 0.00376967 0.00208547 0.000522675 -0.000791958 0.00278989 -0.000496198 0.000810421 0.000709577 -0.00119811 0.00140855 8.39372e-05 -5.65658e-05 -0.00606362 0.00214698 0.00215458 -0.00436311
internal_weight=47808 38203 9605 28200 10003 18004 14546 3602 3970 10196 9427 3458 6033 3139 4486 2692 2579 4384 10060 2544 766 769 1840 2538 1649 1447 2955 831 6889 647
internal_count=47808 38203 9605 28200 10003 18004 14546 3602 3970 10196 9427 3458 6033 3139 4486 2692 2579 4384 10060 2544 766 769 1840 2538 1649 1447 2955 831 6889 647
is_linear=0
shrinkage=0.05


Tree=26
num_leaves=31
num_cat=0
split_feature=0 10 10 9 0 0 1 5 9 3 0 0 0 0 1 5 0 0 0 0 3 0 3 9 0 0 3 0 9 7
split_gain=237.556 14.2935 5.55249 4.66262 2.77811 0.95546 0.922154 0.599364 0.530843 0.453089 0.435541 0.337166 0.321384 0.245747 0.223552 0.213068 0.175952 0.133316 0.124248 0.0872782 0.0845239 0.068899 0.0674478 0.0655549 0.057841 0.0519518 0.0501746 0.049625 0.0481147 0.0411712
threshold=1.0000000180025095e-35 1.0000000180025095e-35 1.0000000180025095e-35 5.1010000705719003 0.60124999284744274 0.56395000219345104 0.6904762089252473 0.73399999737739574 5.0025000572204599 26.500000000000004 0.64605000615119945 0.58814999461174022 0.61044999957084667 0.52705001831054699 0.6904762089252473 0.9975000023841859 0.65565001964569103 0.62235000729560863 0.68505001068115245 0.58024999499320995 26.500000000000004 0.59915000200271618 8.5000000000000018 7.2009999752044687 0.49175000190734869 0.61994999647140514 28.500000000000004 0.54554998874664318 9.3874998092651385 1.0000000180025095e-35
decision_type=2 2 2 2 2 2 2 2 2 2 2 2 2 2 2 2 2 2 2 2 2 2 2 2 2 2 2 2 2 2
left_child=2 4 -1 7 5 13 9 11 22 12 25 20 -5 24 -13 21 -11 26 -12 -7 -3 -8 -4 -17 -2 -6 -9 -15 -10 -24
right_child=1 3 8 6 10 19 15 17 28 16 18 14 -14 27 -16 23 -18 -19 -20 -21 -22 -23 29 -25 -26 -27 -28 -29 -30 -31
leaf_value=-0.0079617977622896494 0.00012950504546374193 -0.00086555154832218539 -0.0052760699912331108 0.0010652977517613172 0.0030072005712174239 0.0022993535280108482 0.0016598085283799067 0.00044595466776060731 -0.0043404224953709465 0.00013318065868226137 0.003954201450613557 -0.00046017514747310665 0.0019743050153450733 0.0016542170844244628 0.00060664373579095163 0.0029569919624478579 0.0018516102983772689 0.0013433182009096011 0.0053872066474091942 0.0026091706934862073 -0.0015861827751411459 0.0025706663355866532 -0.0056237420475667536 0.0044217965639977881 0.0012037110069120242 0.0033606699024628229 -0.00058240080762566161 0.0019841609636115499 -0.0028955543577327564 -0.0061718330554863272
leaf_weight=6003 153 1191 739 2584 3006 4401 390 603 556 1178 1242 3717 1604 2127 562 204 172 447 200 5994 670 590 1030 174 1124 2292 144 3434 91 1186
leaf_count=6003 153 1191 739 2584 3006 4401 390 603 556 1178 1242 3717 1604 2127 562 204 172 447 200 5994 670 590 1030 174 1124 2292 144 3434 91 1186
internal_value=3.48255e-07 0.00176773 -0.00702865 0.000511973 0.00251291 0.00217545 0.00144548 -0.00036511 -0.00547194 0.00115751 0.00337494 -0.000564874 0.00141468 0.00171399 -0.000318881 0.00261601 0.000355946 0.000657926 0.00415678 0.00247851 -0.00112775 0.00221349 -0.00576054 0.00364548 0.00107894 0.00316112 0.000240974 0.00185889 -0.00414541 -0.0059196
internal_weight=47808 38203 9605 14230 23973 17233 6896 7334 3602 5538 6740 6140 4188 6838 4279 1358 1350 1194 1442 10395 1861 980 2955 378 1277 5298 747 5561 647 2216
internal_count=47808 38203 9605 14230 23973 17233 6896 7334 3602 5538 6740 6140 4188 6838 4279 1358 1350 1194 1442 10395 1861 980 2955 378 1277 5298 747 5561 647 2216
is_linear=0
shrinkage=0.05


Tree=27
num_leaves=31
num_cat=0
split_feature=0 14 14 9 0 5 0 0 5 9 0 3 0 1 0 0 3 0 0 0 0 8 3 0 3 7 8 9 0 5
split_gain=214.408 12.8994 5.00849 4.20941 2.51332 0.839917 0.66031 0.558353 0.542839 0.479519 0.440225 0.299267 0.299166 0.213249 0.195014 0.189983 0.145632 0.127226 0.127193 0.118214 0.106308 0.105108 0.0810081 0.0736674 0.061386 0.0555356 0.0533862 0.0376147 0.0274498 0.0274437
threshold=1.0000000180025095e-35 1.0000000180025095e-35 1.0000000180025095e-35 5.1010000705719003 0.58644998073577892 0.99450001120567333 0.64235001802444469 0.54725000262260448 0.70649999380111705 4.3005001544952401 0.61704999208450328 34.500000000000007 0.58525002002716076 0.6904762089252473 0.60655000805854808 0.6253499984741212 25.500000000000004 0.6545500159263612 0.68244999647140514 0.51274999976158153 0.56955000758171093 0.23669467866420749 35.500000000000007 0.55215001106262218 39.500000000000007 1.0000000180025095e-35 0.12660256773233416 8.6335000991821307 0.49175000190734869 0.8100000023841859
decision_type=2 2 2 2 2 2 2 2 2 2 2 2 2 2 2 2 2 2 2 2 2 2 2 2 2 2 2 2 2 2
left_child=2 4 -1 8 7 10 14 19 12 25 11 -5 23 -14 -6 21 -12 22 -8 28 -9 -7 -10 -3 27 -4 -17 29 -2 -11
right_child=1 3 9 5 6 15 18 20 17 24 16 -13 13 -15 -16 26 -18 -19 -20 -21 -22 -23 -24 -25 -26 -27 -28 -29 -30 -31
leaf_value=-0.0075637139119466628 0.00012303402272818698 -0.0017456206953455674 -0.0052164831853455532 0.00098846240388701895 0.0025714496470078873 0.0019321618433752058 0.0036792080271403969 0.0019417515416028418 0.00054552044679886567 -0.0042457001074745742 0.0020235863631935147 -0.00021318540268029011 -0.00046221280543050006 0.00056528503451771909 0.0030512867682329528 0.0029144307309207787 0.0010874567044028001 0.0017046822242889953 0.0050065999112988572 0.00152222535293803 0.002289780901236535 0.00368346271222966 -0.00066756101193336456 -0.00092715151067383154 -0.0050181723009797147 -0.0057470371360548791 0.0043020565409135547 -0.0027006452002510135 0.00093756788531740992 -0.0031682311594456464
leaf_weight=6003 153 376 1284 3056 5101 793 1461 4508 899 392 1318 616 3807 578 3999 200 650 215 236 3047 5012 105 159 1300 170 1537 158 94 456 125
leaf_count=6003 153 376 1284 3056 5101 793 1461 4508 899 392 1318 616 3807 578 3999 200 650 215 236 3047 5012 105 159 1300 170 1537 158 94 456 125
internal_value=3.84136e-07 0.00167945 -0.00667737 0.000486485 0.00238736 0.00137347 0.00295379 0.0019228 -0.000346855 -0.00519865 0.00111146 0.000785517 -0.000544425 -0.000325625 0.00278289 0.00254587 0.00171701 0.000589856 0.00386704 0.00139352 0.00212553 0.00214289 0.000358443 -0.00111385 -0.00407605 -0.00550752 0.00354184 -0.00380497 0.000741194 -0.00399552
internal_weight=47808 38203 9605 14230 23973 6896 10797 13176 7334 3602 5640 3672 6061 4385 9100 1256 1968 1273 1697 3656 9520 898 1058 1676 781 2821 358 611 609 517
internal_count=47808 38203 9605 14230 23973 6896 10797 13176 7334 3602 5640 3672 6061 4385 9100 1256 1968 1273 1697 3656 9520 898 1058 1676 781 2821 358 611 609 517
is_linear=0
shrinkage=0.05


Tree=28
num_leaves=31
num_cat=0
split_feature=0 12 12 9 0 1 0 5 0 9 3 0 0 8 3 0 0 0 0 0 3 0 0 3 3 0 3 1 0 3
split_gain=193.516 11.6415 4.51736 3.79999 2.27402 0.803927 0.680635 0.490024 0.43516 0.432691 0.374068 0.275431 0.264558 0.189217 0.17069 0.151349 0.137052 0.130938 0.119214 0.105761 0.0981658 0.089791 0.0641368 0.0616745 0.0518488 0.0490046 0.0406304 0.0400451 0.0300233 0.0300165
threshold=1.0000000180025095e-35 1.0000000180025095e-35 1.0000000180025095e-35 5.1010000705719003 0.59595000743865978 0.6904762089252473 0.55215001106262218 0.70649999380111705 0.64605000615119945 5.0025000572204599 26.500000000000004 0.5976499915122987 0.59665000438690197 0.12973351776599887 20.500000000000004 0.65565001964569103 0.57104998826980602 0.5165500044822694 0.62235000729560863 0.69835001230239879 24.500000000000004 0.61044999957084667 0.60245001316070568 11.500000000000002 31.500000000000004 0.65565001964569103 35.500000000000007 0.6904762089252473 0.49175000190734869 50.500000000000007
decision_type=2 2 2 2 2 2 2 2 2 2 2 2 2 2 2 2 2 2 2 2 2 2 2 2 2 2 2 2 2 2
left_child=2 4 -1 7 6 10 17 11 21 23 12 20 -5 22 -13 -12 -8 28 24 -10 -3 -6 -7 -4 -9 -15 -11 -20 -2 -25
right_child=1 3 9 5 8 13 16 18 19 26 15 14 -14 25 -16 -17 -18 -19 27 -21 -22 -23 -24 29 -26 -27 -28 -29 -30 -31
leaf_value=-0.0071855347011482154 0.00011688633288397801 -0.00066529497196737711 -0.0048104866615834288 0.0008217867508484583 0.0025651184591243756 0.0015917244567764208 0.0018883816636415373 0.00037423811404636945 0.003624023120933999 -0.0034690951413628838 0.0001004551006863295 0.00010740401737974885 0.001628882159979605 0.0030691613648178291 -0.00058325878029699392 0.0016942340032647233 0.0022583636573075285 0.0015175643657690089 0.00089488984325468218 0.0054121268674162072 -0.0013208539719585073 0.0029598744796770441 0.0024301243485994502 -0.0052792903102892247 -0.00067077504746949489 0.0047072393996299604 -0.0045598877729580226 0.0020092061292978857 0.00094029488111949707 -0.0060432425964320313
leaf_weight=6003 153 1538 945 1870 2972 464 4159 662 1340 492 1178 1799 2318 234 1760 172 7392 3668 347 102 964 3580 581 1751 142 79 155 122 607 259
leaf_count=6003 153 1538 945 1870 2972 464 4159 662 1340 492 1178 1799 2318 234 1760 172 7392 3668 347 102 964 3580 581 1751 142 79 155 122 607 259
internal_value=3.96615e-07 0.00159557 -0.00634367 0.000462237 0.00226808 0.00130499 0.00192272 -0.000329513 0.00295775 -0.0049391 0.00103603 -0.000517247 0.00126972 0.00239798 -0.000232745 0.000307328 0.0021256 0.00139232 0.000560369 0.00375434 -0.000919917 0.00278162 0.00206283 -0.00520008 0.000183393 0.00349995 -0.0037388 0.00119578 0.000781145 -0.00538051
internal_weight=47808 38203 9605 14230 23973 6896 15979 7334 7994 3602 5538 6061 4188 1358 3559 1350 11551 4428 1273 1442 2502 6552 1045 2955 804 313 647 469 760 2010
internal_count=47808 38203 9605 14230 23973 6896 15979 7334 7994 3602 5538 6061 4188 1358 3559 1350 11551 4428 1273 1442 2502 6552 1045 2955 804 313 647 469 760 2010
is_linear=0
shrinkage=0.05


Tree=29
num_leaves=31
num_cat=0
split_feature=11 1 5 3 1 1 1 12 1 7 1 3 5 8 8 1 1 3 1 1 3 3 3 3 3 5 3 3 8 8
split_gain=16.2272 5.80872 2.36684 0.786971 0.959263 0.505694 0.413658 0.554829 0.925125 0.407725 0.327894 0.218848 0.181603 0.148885 0.124617 0.112657 0.10873 0.101628 0.0993302 0.0983196 0.0721745 0.06535 0.064562 0.0627939 0.0601497 0.0468556 0.0438033 0.0402327 0.0353111 0.0351422
threshold=5.8960001468658456 0.15476191043853763 0.92849999666214 26.500000000000004 0.13392857462167743 0.58571431040763866 0.41428571939468389 0.064288310706615462 0.13392857462167743 1.0000000180025095e-35 0.41428571939468389 50.500000000000007 0.99950000643730175 0.072299651801586165 0.034785239025950439 0.91666665673255932 0.38750000298023229 51.500000000000007 0.91666665673255932 1.0000000180025095e-35 14.500000000000002 11.500000000000002 18.500000000000004 22.500000000000004 32.500000000000007 0.9975000023841859 49.500000000000007 50.500000000000007 0.03637566231191159 0.027402402833104137
decision_type=2 2 2 2 2 2 2 2 2 2 2 2 2 2 2 2 2 2 2 2 2 2 2 2 2 2 2 2 2 2
left_child=2 9 3 6 -5 13 7 -1 -9 24 17 14 20 19 26 -8 29 21 23 -4 -7 -3 -21 -12 -2 -15 -11 -18 -23 -6
right_child=1 10 5 4 16 12 15 8 -10 11 18 -13 -14 25 -16 -17 27 -19 -20 22 -22 28 -24 -25 -26 -27 -28 -29 -30 -31
leaf_value=0.0003550468061359865 -0.0038496417363806552 -0.00072445253973186185 -0.00066265857126630889 -0.0030192456190620506 -0.00094713655427366744 0.0022541521171699583 0.00088197463650495746 -0.0018192123175262264 0.00026383384874750435 -0.003255005169388204 -0.00014130511337565063 -0.0050943137440199026 0.0033012387225119493 0.0013673192074087556 -0.0013346775475289539 0.0018966736966611166 0.00047567584222176916 -0.0026940767222627306 0.00035616346700866069 0.0011473350794802067 0.0014157995744236397 -0.00148309929969561 0.00040061658515403619 -0.00084139749651789128 -0.0046429846368451063 0.002238345631265948 -0.0027638246970802076 -0.00025419417156670866 -0.00079181267616328468 -0.00014351402351112897
leaf_weight=30154 727 873 104 366 386 836 1287 803 1576 1389 733 135 343 576 122 365 545 105 511 928 433 863 456 599 535 254 1008 279 282 235
leaf_count=30154 727 873 104 366 386 836 1287 803 1576 1389 733 135 343 576 122 365 545 105 511 928 433 863 456 599 535 254 1008 279 282 235
internal_value=4.29713e-07 -0.0020727 0.000409826 0.000282452 -0.000732389 0.00157517 0.000336363 0.000296957 -0.000437216 -0.003439 -0.000722306 -0.00307974 0.00225826 0.00109791 -0.00296959 0.00110929 -0.000149529 -0.00114648 -0.000230935 0.000792003 0.00197217 -0.00106335 0.000904966 -0.000459929 -0.00419027 0.00164014 -0.00305066 0.000222479 -0.00131729 -0.00065115
internal_weight=47808 7882 39926 35996 1811 3930 34185 32533 2379 3916 3966 2654 1612 2318 2519 1652 1445 2123 1843 1488 1269 2018 1384 1332 1262 830 2397 824 1145 621
internal_count=47808 7882 39926 35996 1811 3930 34185 32533 2379 3916 3966 2654 1612 2318 2519 1652 1445 2123 1843 1488 1269 2018 1384 1332 1262 830 2397 824 1145 621
is_linear=0
shrinkage=0.05


Tree=30
num_leaves=31
num_cat=0
split_feature=0 11 10 0 9 9 0 5 0 11 0 9 9 3 0 1 1 5 5 5 3 8 0 0 0 0 0 7 0 1
split_gain=172.026 10.863 4.74923 1.74486 1.58152 1.07268 0.641062 0.45942 0.39482 0.389708 0.381402 0.340441 0.319084 0.253207 0.188244 0.173222 0.154589 0.149052 0.132671 0.100775 0.0971245 0.0893186 0.0884716 0.082029 0.0813651 0.0680642 0.0659057 0.0638613 0.0579693 0.0542969
threshold=1.0000000180025095e-35 1.1875000000000002 1.0000000180025095e-35 0.58165001869201671 5.0394999980926523 4.7980000972747812 0.62115001678466808 0.99450001120567333 0.63924998044967662 1.0000000180025095e-35 0.54395002126693737 5.0025000572204599 6.7005000114440927 24.500000000000004 0.67175000905990612 0.61250001192092907 0.61250001192092907 0.91550001502037059 0.96950000524520885 0.78750002384185802 40.500000000000007 0.12060606107115747 0.56545001268386852 0.60245001316070568 0.51274999976158153 0.56655001640319835 0.60124999284744274 1.0000000180025095e-35 0.57504999637603771 0.91666665673255932
decision_type=2 2 2 2 2 2 2 2 2 2 2 2 2 2 2 2 2 2 2 2 2 2 2 2 2 2 2 2 2 2
left_child=2 3 -1 9 8 6 23 17 13 10 24 27 15 16 -8 20 -3 -7 -11 29 -6 -9 -15 -5 -2 -12 -17 -4 -14 -10
right_child=1 4 11 5 12 7 14 21 19 18 25 -13 28 22 -16 26 -18 -19 -20 -21 -22 -23 -24 -25 -26 -27 -28 -29 -30 -31
leaf_value=-0.0068440162065284069 0.0006501385180645126 -0.00037913017243697207 -0.0044832809619032004 0.0022354942068437962 0.00062883505280158299 0.00073430532493388794 0.0030127030113197284 0.0021432835934831291 0.00012014567326831182 6.679594991863731e-06 0.001688904983447592 -0.0034725512701343133 0.00086843817314086408 -0.0016450416444363522 0.0041829605753078312 0.00083859810975591819 0.00042271198906324904 0.0015688303348172826 0.0012023160494972333 0.0013769437623463844 -0.0003767879962181767 0.003376532383266496 -0.00074904908224309819 0.0025796789982494039 0.0013128664874830663 0.0019869363763610494 0.0018496581657276218 -0.0050176846691965503 0.0020443186997291902 0.0011377632730579052
leaf_weight=6003 609 2762 1360 5843 1337 1103 3193 410 1003 482 4299 647 141 337 415 322 763 1104 463 250 286 275 1914 2891 2517 4207 383 1595 740 154
leaf_count=6003 609 2762 1360 5843 1337 1103 3193 410 1003 482 4299 647 141 337 415 322 763 1104 463 250 286 275 1914 2891 2517 4207 383 1595 740 154
internal_value=3.74935e-07 0.00150437 -0.00598107 0.00201978 0.000124572 0.00238029 0.00258396 0.00150928 -0.00028716 0.00158269 0.00166226 -0.00454138 0.00104773 -0.000470546 0.00314881 0.000737397 -0.000204143 0.00115407 0.000597834 0.0004621 0.000448534 0.0026461 -0.000885477 0.00235002 0.00118538 0.00183692 0.00139514 -0.00477358 0.00186192 0.000260001
internal_weight=47808 38203 9605 27811 10392 15234 12342 2892 7183 12577 11632 3602 3209 5776 3608 2328 3525 2207 945 1407 1623 685 2251 8734 3126 8506 705 2955 881 1157
internal_count=47808 38203 9605 27811 10392 15234 12342 2892 7183 12577 11632 3602 3209 5776 3608 2328 3525 2207 945 1407 1623 685 2251 8734 3126 8506 705 2955 881 1157
is_linear=0
shrinkage=0.05


Tree=31
num_leaves=31
num_cat=0
split_feature=0 12 12 9 0 1 0 0 5 0 3 9 0 3 0 9 0 0 0 0 7 1 9 0 0 0 3 0 0 3
split_gain=155.263 9.29594 4.28445 2.77436 1.86418 0.615517 0.475719 0.432716 0.390165 0.346265 0.339406 0.307382 0.259924 0.185987 0.130861 0.129349 0.0963816 0.0926672 0.0867452 0.084475 0.0550109 0.0505529 0.0500333 0.0498468 0.0489201 0.0368359 0.0363032 0.0288171 0.0265493 0.0226235
threshold=1.0000000180025095e-35 1.0000000180025095e-35 1.0000000180025095e-35 5.2024998664855966 0.58785000443458568 0.77500000596046459 0.64305001497268688 0.54725000262260448 0.78750002384185802 0.65565001964569103 23.500000000000004 4.3005001544952401 0.5790500044822694 18.500000000000004 0.60914999246597301 7.2009999752044687 0.69835001230239879 0.59485000371932995 0.5165500044822694 0.57005000114440929 1.0000000180025095e-35 0.77500000596046459 9.3874998092651385 0.54725000262260448 0.63854998350143444 0.69369998574256908 39.500000000000007 0.65125000476837169 0.49175000190734869 50.500000000000007
decision_type=2 2 2 2 2 2 2 2 2 2 2 2 2 2 2 2 2 2 2 2 2 2 2 2 2 2 2 2 2 2
left_child=2 4 -1 8 7 9 14 18 12 10 -5 20 23 -14 -6 24 -8 -10 28 -9 29 -19 26 -3 -7 -11 -13 -17 -2 -4
right_child=1 3 11 5 6 15 16 19 17 25 -12 22 13 -15 -16 27 -18 21 -20 -21 -22 -23 -24 -25 -26 -27 -28 -29 -30 -31
leaf_value=-0.0065018212104597899 6.0819403338181418e-05 -0.0015982717335394428 -0.0041948968652041523 0.0010660011299078063 0.0022189740384725124 0.0016795803258249293 0.0032189824198295327 0.0016533585577636926 -6.373751872294623e-08 0.0019074284102676181 0.00013764047935761739 -0.0033282996890972444 8.8378818815480805e-05 -0.00052231686143037093 0.0026264167890422928 0.0028865870439922477 0.0049151074619239515 0.0007282723055108618 0.0013019698145026427 0.0019578535425331211 -0.0047952757550656869 0.0018459490149690479 -0.0021562285884871315 -0.00083833269501970673 0.002781309461499684 0.0029907882624067008 -0.0043586871040916545 0.0043313011578563175 0.00083479508364874108 -0.0052418880875442896
leaf_weight=6003 153 297 1184 3894 5126 541 1528 4647 397 397 1335 535 2387 2583 3609 224 102 613 2896 5305 1537 132 91 1087 149 129 155 65 607 100
leaf_count=6003 153 297 1184 3894 5126 541 1528 4647 397 397 1335 535 2387 2583 3609 224 102 613 2896 5305 1537 132 91 1087 149 129 155 65 607 100
internal_value=4.30751e-07 0.00142928 -0.00568211 0.00041649 0.00203024 0.0011532 0.00253634 0.00164436 -0.000244674 0.000954532 0.000829948 -0.00431447 -0.000398078 -0.000228009 0.00238792 0.00231577 0.00332848 0.000604438 0.00117523 0.00181619 -0.00456301 0.000933235 -0.00340986 -0.00100513 0.0019251 0.00218314 -0.00356761 0.0032302 0.000685588 -0.00428073
internal_weight=47808 38203 9605 14230 23973 6734 10365 13608 7496 5755 5229 3602 6354 4970 8735 979 1630 1142 3656 9952 2821 745 781 1384 690 526 690 289 760 1284
internal_count=47808 38203 9605 14230 23973 6734 10365 13608 7496 5755 5229 3602 6354 4970 8735 979 1630 1142 3656 9952 2821 745 781 1384 690 526 690 289 760 1284
is_linear=0
shrinkage=0.05


Tree=32
num_leaves=31
num_cat=0
split_feature=0 11 10 0 9 9 0 5 9 11 0 9 5 0 3 0 0 5 5 0 0 8 0 0 0 0 0 3 0 8
split_gain=140.136 8.85712 3.86423 1.43817 1.31022 0.856323 0.527285 0.397184 0.384649 0.331257 0.311034 0.277738 0.251231 0.248648 0.156046 0.135691 0.132547 0.116335 0.114787 0.0999652 0.0922232 0.0909045 0.0876986 0.0718752 0.0667767 0.0547725 0.0537965 0.0529727 0.0514612 0.0387191
threshold=1.0000000180025095e-35 1.1875000000000002 1.0000000180025095e-35 0.58165001869201671 4.0030000209808358 4.7980000972747812 0.62874999642372142 0.99149999022483837 6.7005000114440927 1.0000000180025095e-35 0.54395002126693737 5.0025000572204599 0.83449998497962963 0.64235001802444469 9.5000000000000018 0.67645001411437999 0.61414998769760143 0.97450000047683727 0.91550001502037059 0.60295000672340404 0.57005000114440929 0.12060606107115747 0.5855500102043153 0.5774500072002412 0.49795000255107885 0.56655001640319835 0.61994999647140514 7.5000000000000009 0.68244999647140514 0.26794873178005224
decision_type=2 2 2 2 2 2 2 2 2 2 2 2 2 2 2 2 2 2 2 2 2 2 2 2 2 2 2 2 2 2
left_child=2 3 -1 9 13 6 19 18 12 10 24 27 22 14 23 -8 -14 -11 -7 -5 -16 -9 -6 -3 -2 -12 -10 -4 -15 -19
right_child=1 4 11 5 8 7 15 21 26 17 25 -13 16 28 20 -17 -18 29 -20 -21 -22 -23 -24 -25 -26 -27 -28 -29 -30 -31
leaf_value=-0.0061767354426626479 0.0003406710049698839 -0.00062106162547339878 -0.0038497400185487553 0.0020198453408523157 -0.00064649779859871136 0.00064602372633210592 0.0028033697932693343 0.0018953589800519951 0.0013983388947056768 0 0.0015239616877512187 -0.0031310097965594769 0.00056529650774366598 0.00015446211976402589 -0.0013293691427584383 0.0039433338930460853 0.0013988957268224601 0.00096435204326920812 0.0014008225342849038 0.0023698164514703601 -0.00059719888701099835 0.0030604053337575775 0.00025230629020843117 7.4084279055006727e-05 0.0011453074882051377 0.0017928894629888764 0.0022688356516348878 -0.004438583183892379 0.0010539863336104845 0.0028700877781783311
leaf_weight=6003 304 526 658 5938 369 1103 2539 510 573 508 4299 647 1301 845 531 320 785 405 989 3545 2692 290 1023 1237 2822 4207 308 2297 202 32
leaf_count=6003 304 526 658 5938 369 1103 2539 510 573 508 4299 647 1301 845 531 320 785 405 989 3545 2692 290 1023 1237 2822 4207 308 2297 202 32
internal_value=4.51649e-07 0.00135792 -0.00539818 0.00182331 0.000111952 0.00215066 0.00233271 0.00137195 0.000772799 0.00142639 0.00149975 -0.00409913 0.000534284 -0.000364703 -0.000512191 0.00293285 0.000881444 0.000517924 0.0010053 0.00215122 -0.000719415 0.00232427 1.04247e-05 -0.000130504 0.00106867 0.00165758 0.00170856 -0.00430929 0.000332868 0.00111597
internal_weight=47808 38203 9605 27811 10392 15234 12342 2892 4359 12577 11632 3602 3478 6033 4986 2859 2086 945 2092 9483 3223 800 1392 1763 3126 8506 881 2955 1047 437
internal_count=47808 38203 9605 27811 10392 15234 12342 2892 4359 12577 11632 3602 3478 6033 4986 2859 2086 945 2092 9483 3223 800 1392 1763 3126 8506 881 2955 1047 437
is_linear=0
shrinkage=0.05


Tree=33
num_leaves=31
num_cat=0
split_feature=11 1 1 3 1 5 7 1 3 5 10 1 3 1 3 8 8 8 3 5 8 8 3 8 3 5 1 11 1 1
split_gain=10.8656 3.83744 1.71569 0.777306 0.498612 0.455128 0.270252 0.237316 0.226302 0.169776 0.255792 0.660334 0.165587 0.120831 0.0962226 0.0907773 0.0867005 0.083006 0.0622742 0.0608199 0.0602235 0.0486467 0.0476709 0.035083 0.0307109 0.0285451 0.0283538 0.0282516 0.0265922 0.0258416
threshold=5.8960001468658456 0.18333333730697635 0.46428571641445165 26.500000000000004 0.13392857462167743 0.99549999833107006 1.0000000180025095e-35 0.61250001192092907 21.500000000000004 0.97949999570846569 6.0655000209808358 0.13392857462167743 50.500000000000007 0.81666666269302379 11.500000000000002 0.23303167521953586 0.023532669059932235 0.034785239025950439 51.500000000000007 0.84700000286102306 0.019049347378313545 0.051956815645098693 5.5000000000000009 0.050641026347875602 50.500000000000007 0.84700000286102306 0.77500000596046459 7.9070000648498544 0.30952382087707525 0.61250001192092907
decision_type=2 2 2 2 2 2 2 2 2 2 2 2 2 2 2 2 2 2 2 2 2 2 2 2 2 2 2 2 2 2
left_child=2 6 3 9 25 8 22 14 13 10 -1 -12 17 16 28 29 -4 27 23 -6 26 -9 -2 -16 -24 -5 -10 -8 -3 -7
right_child=1 7 5 4 19 15 12 21 20 -11 11 -13 -14 -15 18 -17 -18 -19 -20 -21 -22 -23 24 -25 -26 -27 -28 -29 -30 -31
leaf_value=0.00028840061357030423 -0.0026288199194329891 -0.00076234464582643224 0.00075623439882213303 -0.0026572917647914307 -0.00072381417463657954 0.0015386880526240562 -0.0023815661886289292 -0.00010638883044706626 -6.315440452430919e-05 0.0010628996927422934 -0.0013640245309726581 0.00030345159787666652 -0.0042183242566511308 0.0019199202838858466 -0.0010828016221733521 0.0033766200231800979 0.0014162016520827868 -0.0011721402183437835 -0.0021372953862192358 4.5397290982672147e-05 0.00080929740798678276 0.00070953854447278794 -0.0034380476177593711 -0.00044878164338912576 -0.0046232685346312818 -0.0013167330799874954 0.00068789952766654182 -0.0029412198886946926 -0.00025196416215085852 0.0022530644207525217
leaf_weight=30312 224 439 1093 329 515 263 2108 822 522 653 860 1909 139 557 1206 161 1001 147 130 490 582 233 967 303 88 64 162 358 718 453
leaf_count=30312 224 439 1093 329 515 263 2108 822 522 653 860 1909 139 557 1206 161 1001 147 130 490 582 233 967 303 88 64 162 358 718 453
internal_value=5.00233e-07 -0.00169589 0.000335523 0.000214272 -0.000940208 0.00122302 -0.00277452 -0.000565502 0.000990175 0.000262267 0.000246308 -0.00021266 -0.00248829 0.00125381 -0.000806744 0.00225706 0.00107416 -0.00239419 -0.00105549 -0.000343834 0.000434111 6.91225e-05 -0.00338626 -0.000958845 -0.00354208 -0.00245209 0.000107492 -0.00246496 -0.000449988 0.00199789
internal_weight=47808 7882 39926 35132 1398 4794 4031 3851 3917 33734 33081 2769 2752 2651 2796 877 2094 2613 1639 1005 1266 1055 1279 1509 1055 393 684 2466 1157 716
internal_count=47808 7882 39926 35132 1398 4794 4031 3851 3917 33734 33081 2769 2752 2651 2796 877 2094 2613 1639 1005 1266 1055 1279 1509 1055 393 684 2466 1157 716
is_linear=0
shrinkage=0.05


Tree=34
num_leaves=31
num_cat=0
split_feature=0 10 10 9 0 1 0 0 0 0 3 9 3 1 9 0 0 0 0 0 0 0 7 0 3 0 3 3 0 3
split_gain=124.669 7.42844 3.98848 2.03375 1.52556 0.483219 0.403403 0.348704 0.335855 0.305398 0.237559 0.22222 0.217739 0.145008 0.103705 0.103671 0.0845691 0.081953 0.0795249 0.0750337 0.0658703 0.0604973 0.0563512 0.0423703 0.0357993 0.027815 0.0251902 0.0243197 0.0229599 0.0223269
threshold=1.0000000180025095e-35 1.0000000180025095e-35 1.0000000180025095e-35 5.2024998664855966 0.59174999594688427 0.77500000596046459 0.5505499839782716 0.6439499855041505 0.65035000443458568 0.62475001811981212 23.500000000000004 6.0245001316070566 29.500000000000004 0.61250001192092907 7.2009999752044687 0.67645001411437999 0.52364999055862438 0.70544999837875377 0.60965001583099376 0.57054999470710765 0.55924999713897716 0.68244999647140514 1.0000000180025095e-35 0.63284999132156383 29.500000000000004 0.49175000190734869 11.500000000000002 18.500000000000004 0.65125000476837169 50.500000000000007
decision_type=2 2 2 2 2 2 2 2 2 2 2 2 2 2 2 2 2 2 2 2 2 2 2 2 2 2 2 2 2 2
left_child=2 4 -1 8 6 9 16 18 12 10 -5 22 13 -3 23 -11 25 -9 -6 -8 -14 24 29 -7 -10 -2 -24 -23 -16 -4
right_child=1 3 11 5 7 14 19 17 21 15 -12 -13 20 -15 28 -17 -18 -19 -20 -21 -22 27 26 -25 -26 -27 -28 -29 -30 -31
leaf_value=-0.0058823235767358614 2.6347376741167221e-05 -0.0002697329889725517 -0.0035828582967293793 0.00082110121561872423 0.0020210422123494378 0.0014390499228647726 0.0014978438987623141 0.0029294011741776873 0.00068746992366757636 0.0012405587839822911 -4.9125086996311754e-05 -0.0026857292619835451 -0.0015123423331893917 0.00043130796462383835 0.0025441035500760635 0.0023553236902091957 0.0012157255810747473 0.0048461511975429108 0.0023624278634187274 0.0017805885636990324 -0.00062228393071670071 0.0019332591771692984 -0.0037868410099923151 0.0024246470878967479 -1.3261111620321995e-06 0.00079043275283819281 -0.0043179748162987521 0.00086942338670502231 0.0038550444439442669 -0.0044914295018847967
leaf_weight=6003 153 3254 1342 3207 3999 523 4281 1494 448 1257 1024 443 243 950 224 267 3110 67 3610 6358 2022 104 564 167 301 901 1129 174 65 124
leaf_count=6003 153 3254 1342 3207 3999 523 4281 1494 448 1257 1024 443 243 950 224 267 3110 67 3610 6358 2022 104 564 167 301 901 1129 174 65 124
internal_value=4.42027e-07 0.00128081 -0.00509154 0.000375404 0.00181803 0.00100617 0.00150312 0.00232581 -0.000190586 0.000829987 0.000609308 -0.00377212 -0.000324454 -0.000110119 0.00203659 0.00143928 0.00108242 0.00301518 0.00218369 0.0016673 -0.000720044 0.000647722 -0.0039228 0.00168516 0.000404026 0.000684274 -0.00414422 0.00128594 0.00285748 -0.00366342
internal_weight=47808 38203 9605 14230 23973 6734 14803 9170 7496 5755 4231 3602 6469 4204 979 1524 4164 1561 7609 10639 2265 1027 3159 690 749 1054 1693 278 289 1466
internal_count=47808 38203 9605 14230 23973 6734 14803 9170 7496 5755 4231 3602 6469 4204 979 1524 4164 1561 7609 10639 2265 1027 3159 690 749 1054 1693 278 289 1466
is_linear=0
shrinkage=0.05


Tree=35
num_leaves=31
num_cat=0
split_feature=0 11 10 0 11 3 0 0 3 0 3 5 11 0 3 0 0 0 0 0 3 0 3 3 0 0 0 0 0 3
split_gain=112.522 6.95562 3.59756 1.22516 1.00215 0.565812 0.391838 0.311163 0.270087 0.287874 0.209608 0.182669 0.180959 0.161912 0.106961 0.10424 0.104161 0.0922152 0.0723098 0.0713017 0.067578 0.0642323 0.0557589 0.0535077 0.0508012 0.0481142 0.0437992 0.0416949 0.0408077 0.0400493
threshold=1.0000000180025095e-35 0.95549997687339794 1.0000000180025095e-35 0.58525002002716076 4.6504998207092294 2.5000000000000004 0.6415500044822694 0.61994999647140514 8.5000000000000018 0.5505499839782716 24.500000000000004 0.98649999499320995 4.1004998683929452 0.60815000534057628 25.500000000000004 0.60655000805854808 0.56215000152587902 0.68505001068115245 0.6658499836921693 0.52974998950958263 9.5000000000000018 0.65944999456405651 13.500000000000002 39.500000000000007 0.6675499975681306 0.66255000233650219 0.5505499839782716 0.56755000352859508 0.55285000801086437 38.500000000000007
decision_type=2 2 2 2 2 2 2 2 2 2 2 2 2 2 2 2 2 2 2 2 2 2 2 2 2 2 2 2 2 2
left_child=2 3 -1 8 7 6 15 10 9 19 16 23 29 20 18 -5 -3 -8 -9 -2 -6 22 -15 -7 -16 -13 -22 -11 -12 -4
right_child=1 4 12 5 13 11 17 14 -10 27 28 25 -14 21 24 -17 -18 -19 -20 -21 26 -23 -24 -25 -26 -27 -28 -29 -30 -31
leaf_value=-0.0055882123367282334 0.00072611560173914966 -0.00018249214159247662 -0.0026901242065361011 0.0018424382276873747 -0.00026347419445397758 0.00098605610229511391 0.0026468924822655305 0.0012120814190631317 9.0883794510588129e-05 0.0013750684144842905 -0.0013173653365580089 0.0016520608120431943 -0.00378500640790677 0.00017883237403641553 0.0002892228359042054 0.0021853029201362255 0.00069693896466458034 0.0037918114009458507 0.002194815011139739 0.0011657097817242966 -0.001551419348942341 0.00050793420516065792 -0.00035508797020431589 0.00016549665185480289 0.0013601880721145756 0.0029066615996240571 -0.00068595478374546481 0.0016102943560370225 -0.00017146919557629436 -0.0036276429061589304
leaf_weight=6003 1514 381 644 5683 1082 973 1626 1048 447 3654 88 511 2766 775 440 4122 2422 225 250 2740 173 448 1286 269 157 107 1637 5293 852 192
leaf_count=6003 1514 381 644 5683 1082 973 1626 1048 447 3654 88 511 2766 775 440 4122 2422 225 250 2740 173 448 1286 269 157 107 1637 5293 852 192
internal_value=4.62681e-07 0.00121686 -0.00483711 0.00164697 0.000158031 0.00198513 0.0021149 0.000624611 0.00131171 0.00135266 0.00035835 0.00116915 -0.00358382 -0.000328099 0.00114784 0.00198711 0.000575616 0.00278896 0.00140537 0.00101045 -0.000583186 -3.20674e-05 -0.000151893 0.000812387 0.000579421 0.00187781 -0.000771519 0.0015148 -0.000284192 -0.00291183
internal_weight=47808 38203 9605 27164 11039 13516 11656 5638 13648 13201 3743 1860 3602 5401 1895 9805 2803 1851 1298 4254 2892 2509 2061 1242 597 618 1810 8947 940 836
internal_count=47808 38203 9605 27164 11039 13516 11656 5638 13648 13201 3743 1860 3602 5401 1895 9805 2803 1851 1298 4254 2892 2509 2061 1242 597 618 1810 8947 940 836
is_linear=0
shrinkage=0.05


Tree=36
num_leaves=31
num_cat=0
split_feature=0 10 10 9 0 5 0 5 0 0 0 9 3 0 3 0 8 0 3 0 0 0 3 0 0 0 0 9 7 7
split_gain=101.557 6.07626 3.24537 1.71352 1.25006 0.545267 0.366605 0.314144 0.255398 0.220262 0.1885 0.186294 0.139509 0.132986 0.0999914 0.0935508 0.0727317 0.0645736 0.0628967 0.05909 0.0571227 0.0522767 0.0517175 0.0501526 0.0285378 0.0270563 0.0257796 0.0231768 0.0178038 0.0159539
threshold=1.0000000180025095e-35 1.0000000180025095e-35 1.0000000180025095e-35 6.0025000572204599 0.59565001726150524 0.78750002384185802 0.55695000290870678 0.9975000023841859 0.65224999189376842 0.57104998826980602 0.5928499996662141 6.0245001316070566 18.500000000000004 0.59485000371932995 50.500000000000007 0.52555000782012951 0.23303167521953586 0.67175000905990612 28.500000000000004 0.61814999580383312 0.70544999837875377 0.6253499984741212 28.500000000000004 0.57464998960495006 0.5400499999523164 0.49175000190734869 0.55865001678466808 9.3874998092651385 1.0000000180025095e-35 1.0000000180025095e-35
decision_type=2 2 2 2 2 2 2 2 2 2 2 2 2 2 2 2 2 2 2 2 2 2 2 2 2 2 2 2 2 2
left_child=2 4 -1 5 6 9 15 10 19 24 18 22 -11 26 -12 25 21 -15 -5 -6 -10 -9 28 -8 -3 -2 -7 -13 -4 -24
right_child=1 3 11 7 8 13 23 16 20 12 14 27 -14 17 -16 -17 -18 -19 -20 -21 -22 -23 29 -25 -26 -27 -28 -29 -30 -31
leaf_value=-0.005308806062684468 0 -0.0014255346775105401 -0.0031016807651716534 0.00060524402398319684 0.001905779952212929 -0.00043563717144672038 0.001413096103844325 0.001409677164764726 0.002761619579014309 8.594567124466855e-05 0.0012676947213186879 -0.0026152633032551233 -0.00040049179434719457 0.000745684350936019 0.00014921684530462721 0.0011571322728875261 0.0029460634883159012 0.0017490957761836683 -0.00023111303218261131 0.002222148926979234 0.0044148969745760351 0.0024001578550682445 -0.0035312074138051479 0.0016501651440873361 -0.00078126083575858797 0.00073454336518012078 0.00023711624432240787 -0.0015473689352347223 -0.0035308673840220013 -0.0040021963130695516
leaf_weight=6003 153 253 811 1197 4152 175 4165 491 1038 2889 2311 352 2981 1314 230 4211 166 194 267 2831 67 218 655 6330 841 1026 703 91 908 785
leaf_count=6003 153 253 811 1197 4152 175 4165 491 1038 2889 2311 352 2981 1314 230 4211 166 194 267 2831 67 218 655 6330 841 1026 703 91 908 785
internal_value=4.8219e-07 0.0011561 -0.00459534 0.000337196 0.00164198 -5.8682e-05 0.00138345 0.0010967 0.00214911 -0.000282667 0.000906822 -0.00340478 -0.000160236 0.000592951 0.00116843 0.0010454 0.0019599 0.000878193 0.000449291 0.00203479 0.00286678 0.00172157 -0.00354296 0.00155657 -0.000934943 0.000642009 9.72968e-05 -0.00240758 -0.00333148 -0.00379169
internal_weight=47808 38203 9605 14230 23973 9350 15885 4880 8088 6964 4005 3602 5870 2386 2541 5390 875 1508 1464 6983 1105 709 3159 10495 1094 1179 878 443 1719 1440
internal_count=47808 38203 9605 14230 23973 9350 15885 4880 8088 6964 4005 3602 5870 2386 2541 5390 875 1508 1464 6983 1105 709 3159 10495 1094 1179 878 443 1719 1440
is_linear=0
shrinkage=0.05


Tree=37
num_leaves=31
num_cat=0
split_feature=11 1 1 3 5 1 1 3 8 5 12 1 1 3 8 3 1 3 12 8 1 8 3 1 3 8 8 8 5 1
split_gain=7.28184 2.51826 1.25259 0.563566 0.3446 0.323146 0.193164 0.176084 0.140012 0.113043 0.325349 0.370198 0.0956358 0.0841263 0.0830588 0.0798278 0.0670633 0.066214 0.0502852 0.0469589 0.0459539 0.0412182 0.0371578 0.0346604 0.0267426 0.025891 0.0255828 0.0208582 0.0187415 0.0180332
threshold=5.8960001468658456 0.18333333730697635 0.46428571641445165 26.500000000000004 0.92849999666214 0.13392857462167743 0.6904762089252473 50.500000000000007 0.18898809701204303 0.90849998593330394 0.064288310706615462 0.13392857462167743 0.77500000596046459 14.500000000000002 0.037749288603663451 50.500000000000007 0.30952382087707525 38.500000000000007 0.99176940321922313 0.019049347378313545 0.91666665673255932 0.049390243366360671 49.500000000000007 0.15476191043853763 20.500000000000004 0.051956815645098693 0.034785239025950439 0.10300619155168535 0.88899999856948864 0.81666666269302379
decision_type=2 2 2 2 2 2 2 2 2 2 2 2 2 2 2 2 2 2 2 2 2 2 2 2 2 2 2 2 2 2
left_child=2 7 3 9 12 28 15 14 13 10 -1 -12 17 20 18 16 -3 26 22 -7 -6 -18 -2 -11 -14 -8 -4 -25 -5 -15
right_child=1 6 4 5 8 19 25 -9 -10 23 11 -13 24 29 -16 -17 21 -19 -20 -21 -22 -23 -24 27 -26 -27 -28 -29 -30 -31
leaf_value=0.00023638335505422414 -0.0022268692343536834 -0.00091934952800373489 0.00040332192905498301 -0.0021637685037542436 0.0013632613338012455 -0.00064298853306821873 0.00013287799359812177 -0.003648333837674338 0.0025102931188640942 -2.4988488194243493e-05 -0.001263860968317872 8.1848671385585954e-05 0.0014530564617971685 0.00070426176186944478 -0.0010260848955176002 -0.0017370526459968652 -0.00051682075150273404 -0.00016579970318569894 -0.0025286409198990718 3.3553815312321734e-05 0.0020730778958042715 3.0449112010231141e-05 -0.0017572461889883333 0.00063341960003998241 0.00067426152650186912 0.0009069729117273525 0.00086780463480146835 0.0011834810858342643 -0.00085082431300233068 0.0013432363398360337
leaf_weight=30153 1777 965 912 349 1085 548 483 227 285 149 784 1450 350 569 166 159 1685 376 1130 457 340 411 731 949 206 148 500 249 44 171
leaf_count=30153 1777 965 912 349 1085 548 483 227 285 149 784 1450 350 569 166 159 1685 376 1130 457 340 411 731 949 206 148 500 249 44 171
internal_value=4.8771e-07 -0.00138823 0.00027477 0.000171145 0.00103311 -0.0008118 -0.0004722 -0.00226208 0.00144918 0.00021203 0.000193144 -0.000388212 0.000596042 0.00130708 -0.00217795 -0.000629486 -0.000570266 0.000413568 -0.00222911 -0.0003304 0.00153626 -0.000407126 -0.00209206 0.000662355 0.00117367 0.000322478 0.000571389 0.00075201 -0.00202975 0.000858834
internal_weight=47808 7882 39926 35132 4794 1398 3851 4031 2450 33734 32387 2234 2344 2165 3804 3220 3061 1788 3638 1005 1425 2096 2508 1347 556 631 1412 1198 393 740
internal_count=47808 7882 39926 35132 4794 1398 3851 4031 2450 33734 32387 2234 2344 2165 3804 3220 3061 1788 3638 1005 1425 2096 2508 1347 556 631 1412 1198 393 740
is_linear=0
shrinkage=0.05


Tree=38
num_leaves=31
num_cat=0
split_feature=11 1 1 3 9 1 5 1 3 7 8 3 1 8 3 3 3 9 8 9 1 3 5 1 8 8 3 1 9 9
split_gain=6.57336 2.27333 1.13147 0.509903 0.340176 0.324106 0.207762 0.177565 0.158455 0.145224 0.102594 0.243545 0.346899 0.076157 0.0752802 0.0677615 0.0630447 0.056704 0.0552604 0.0507951 0.043376 0.0427478 0.0419207 0.0400287 0.0381791 0.0366546 0.0350984 0.0316524 0.0312684 0.0286995
threshold=5.8960001468658456 0.18333333730697635 0.46428571641445165 21.500000000000004 7.0034999847412118 0.13392857462167743 0.88350000977516185 0.61250001192092907 50.500000000000007 1.0000000180025095e-35 0.042109929025173194 1.0000000180025095e-35 1.0000000180025095e-35 0.15894736349582675 10.500000000000002 10.500000000000002 42.500000000000007 9.9499998092651385 0.019049347378313545 7.0304999351501474 0.91666665673255932 51.500000000000007 0.82749998569488536 0.91666665673255932 0.037749288603663451 0.051956815645098693 19.500000000000004 0.21111111342906955 0.93750000000000011 7.3754999637603769
decision_type=2 2 2 2 2 2 2 2 2 2 2 2 2 2 2 2 2 2 2 2 2 2 2 2 2 2 2 2 2 2
left_child=2 8 3 10 6 17 16 15 9 -2 11 -1 -13 26 23 -3 20 22 29 27 -4 -17 -5 -8 28 -9 -6 -12 -11 -7
right_child=1 7 4 5 13 18 14 25 -10 24 19 12 -14 -15 -16 21 -18 -19 -20 -21 -22 -23 -24 -25 -26 -27 -28 -29 -30 -31
leaf_value=0.00022475629137185774 -0.0025385831013859089 -0.00034163148884845863 0.00027056632477822674 -0.0022457703121840397 0.0017253164075649178 -0.00070615361811022831 0.0011649772300053602 -5.1229050430366385e-05 -0.0034659974937821269 -0.0019224237488387316 4.019264782131061e-05 -0.0012549433852105324 0.00010894169037414216 0.0026281183639524103 0.00072563580610505996 -0.00077832341688113024 -0.00039024687632675803 -2.9015762735387571e-05 0.00011358746583929808 0.001191463816097939 0.00098185916410852502 -0.001758610049647771 -0.00095294600346254804 0.0019156174784942508 -0.00098875226950339342 0.00065513648426573045 0.0010101747818124862 0.00067694473410810771 -0.00014016536750210826 0.00017099667390230153
leaf_weight=30101 1191 1090 954 335 696 544 865 822 227 2437 325 685 1442 206 962 1576 273 47 557 334 291 130 96 263 145 233 284 564 31 102
leaf_count=30101 1191 1090 954 335 696 544 865 822 227 2437 325 685 1442 206 962 1576 273 47 557 334 291 130 96 263 145 233 284 564 31 102
internal_value=4.73324e-07 -0.00131895 0.000261076 0.00016258 0.000981828 -0.000686445 0.00073788 -0.000448528 -0.00214924 -0.00206926 0.000205397 0.00018812 -0.000327985 0.00171962 0.00106213 -0.000657317 0.000288117 -0.00178938 -0.000243936 0.000656528 0.000440902 -0.000856052 -0.0019697 0.00134458 -0.00185334 0.000100082 0.0015233 0.000449816 -0.00190207 -0.000559912
internal_weight=47808 7882 39926 35132 4794 1681 3608 3851 4031 3804 33451 32228 2127 1186 2090 2796 1518 478 1203 1223 1245 1706 431 1128 2613 1055 980 889 2468 646
internal_count=47808 7882 39926 35132 4794 1681 3608 3851 4031 3804 33451 32228 2127 1186 2090 2796 1518 478 1203 1223 1245 1706 431 1128 2613 1055 980 889 2468 646
is_linear=0
shrinkage=0.05


Tree=39
num_leaves=31
num_cat=0
split_feature=0 10 10 9 0 5 0 0 0 0 1 9 0 9 0 0 4 0 0 0 0 0 4 1 0 9 4 5 0 1
split_gain=89.1978 5.29172 3.68388 1.26011 1.13055 0.359644 0.299877 0.285643 0.25361 0.223103 0.211839 0.137173 0.118896 0.105525 0.103381 0.0779942 0.0765585 0.0665216 0.0619902 0.0503015 0.0501731 0.0443096 0.0368992 0.0291907 0.021326 0.019767 0.0133186 0.0124022 0.0119692 0.0114247
threshold=1.0000000180025095e-35 1.0000000180025095e-35 1.0000000180025095e-35 6.0025000572204599 0.58675000071525585 0.83449998497962963 0.6415500044822694 0.65565001964569103 0.54465001821517955 0.62744998931884777 0.61250001192092907 6.0245001316070566 0.56545001268386852 7.0034999847412118 0.59525001049041759 0.60574999451637279 2.5000000000000004 0.68854999542236339 0.66975000500679027 0.56804999709129345 0.50575000047683727 0.6740500032901765 2.5000000000000004 0.58571431040763866 0.55865001678466808 9.3874998092651385 2.5000000000000004 0.95750001072883617 0.71889999508857738 0.46428571641445165
decision_type=2 2 2 2 2 2 2 2 2 2 2 2 2 2 2 2 2 2 2 2 2 2 2 2 2 2 2 2 2 2
left_child=2 4 -1 5 8 9 15 10 20 12 13 22 -3 -5 24 -6 -12 -8 -11 -10 -2 -16 29 -9 -7 27 -25 -13 -19 -4
right_child=1 3 11 7 6 14 17 23 19 18 16 25 -14 -15 21 -17 -18 28 -20 -21 -22 -23 -24 26 -26 -27 -28 -29 -30 -31
leaf_value=-0.0050664270672783895 0.0003378441425903343 -0.00087526490491623651 -0.0029376245642780061 0.00034670682341244349 0.0016584133312063883 -0.00041352617435788528 0.0024174808249001071 0.0017187674535451966 0.0012228319135918482 0.00011984968699800065 0.0016516528297592745 -0.00246657472581062 -0.00024616302051006092 0.00094094759530033347 0.00071575415440969323 0.0019681882694754841 0.00080288164026806597 0.0031779433784524264 0.00082146300295628358 0.0014600408654768197 0.00092140247898781229 0.0016420553057420067 -0.0033178365073975253 0.0030088789410133297 0.00023293681498771446 -0.0013748387196821977 0.0019389424362913821 -0.00095543569556912024 0.0047003277108033066 -0.0013643932072793547
leaf_weight=6003 457 920 1231 1714 4832 156 1580 268 4518 1572 878 326 4370 1380 1141 4117 422 127 402 5491 2814 158 1904 131 631 91 87 26 37 24
leaf_count=6003 457 920 1231 1714 4832 156 1580 268 4518 1572 878 326 4370 1380 1141 4117 422 127 402 5491 2814 158 1904 131 631 91 87 26 37 24
internal_value=4.49203e-07 0.00108348 -0.00430664 0.000319232 0.00153691 -2.01657e-05 0.0019204 0.000970524 0.00122774 -0.000186859 0.000841379 -0.0030389 -0.000356532 0.000613391 0.000557888 0.0018015 0.00138006 0.00252747 0.000265299 0.00135348 0.000841413 0.000832389 -0.00315814 0.00212744 9.84055e-05 -0.00217679 0.0026059 -0.00236946 0.00355453 -0.00291163
internal_weight=47808 38203 9605 14230 23973 9350 10693 4880 13280 7264 4394 3602 5290 3094 2086 8949 1300 1744 1974 10009 3271 1299 3159 486 787 443 218 352 164 1255
internal_count=47808 38203 9605 14230 23973 9350 10693 4880 13280 7264 4394 3602 5290 3094 2086 8949 1300 1744 1974 10009 3271 1299 3159 486 787 443 218 352 164 1255
is_linear=0
shrinkage=0.05


Tree=40
num_leaves=31
num_cat=0
split_feature=0 10 10 9 0 5 0 0 0 0 1 9 0 9 1 0 0 0 0 7 9 0 0 0 1 0 0 5 9 5
split_gain=80.5098 4.7751 3.32263 1.13788 1.0222 0.326646 0.321888 0.261136 0.194664 0.187892 0.171528 0.122927 0.107479 0.0947591 0.0919604 0.0816413 0.0618386 0.0548717 0.0525766 0.0518133 0.0505052 0.04454 0.0432822 0.0391741 0.0278057 0.0265359 0.0207897 0.0182802 0.0174609 0.0107385
threshold=1.0000000180025095e-35 1.0000000180025095e-35 1.0000000180025095e-35 6.0025000572204599 0.59794998168945324 0.78750002384185802 0.55805000662803661 0.63854998350143444 0.65334999561309826 0.5976499915122987 0.61250001192092907 6.0245001316070566 0.59485000371932995 7.0034999847412118 0.91666665673255932 0.52974998950958263 0.55594998598098766 0.67965000867843639 0.67175000905990612 1.0000000180025095e-35 7.2009999752044687 0.70544999837875377 0.57664999365806591 0.62055000662803661 0.77500000596046459 0.49175000190734869 0.55865001678466808 0.7995000183582307 9.3874998092651385 0.95750001072883617
decision_type=2 2 2 2 2 2 2 2 2 2 2 2 2 2 2 2 2 2 2 2 2 2 2 2 2 2 2 2 2 2
left_child=2 4 -1 5 6 9 15 10 23 16 13 19 26 -5 -11 25 -3 24 -14 -4 -12 -10 -8 -6 -9 -2 -7 -21 29 -13
right_child=1 3 11 7 8 12 22 17 21 14 20 28 18 -15 -16 -17 -18 -19 -20 27 -22 -23 -24 -25 -26 -27 -28 -29 -30 -31
leaf_value=-0.004813109684184292 0 -0.00098705733292999104 -0.0027565615078494446 0.00027749380897468121 0.0017277929543476516 -0.00044045220378843234 0.0012734095697840668 0.0012689470149519623 0.002489526257425104 -5.673757074485674e-05 0.0009981528162581214 -0.0023432838149044328 0.00062146065270308971 0.0008611877521571532 0.00071176158078636257 0.0010465681877419959 -0.00038662872956551745 0.0024484924169211378 0.0015277028203800219 -0.0032380122256764447 0.0017105514003081012 0.0039708247438806007 0.0014883766161464854 0.0020026286685812435 0.0021760850287200766 0.00067671958693955609 0.00016596235364696243 -0.0017834384086617607 -0.0013061722546292452 -0.00090784693986063259
leaf_weight=6003 153 547 1466 1575 3776 175 4532 484 989 3659 740 326 1314 1297 435 4126 2323 219 194 1655 435 67 6373 2614 130 1343 703 38 91 26
leaf_count=6003 153 547 1466 1575 3776 175 4532 484 989 3659 740 326 1314 1297 435 4126 2323 219 194 1655 435 67 6373 2614 130 1343 703 38 91 26
internal_value=4.80408e-07 0.00102942 -0.00409147 0.000303415 0.00146015 -1.90761e-05 0.00124015 0.000922315 0.00194776 -0.000192576 0.00075415 -0.00288732 0.000485207 0.000542853 2.37119e-05 0.000930135 -0.000502838 0.00173313 0.000741455 -0.0030004 0.00126627 0.00258861 0.00139951 0.00184103 0.00146948 0.000605619 3.93633e-05 -0.00320842 -0.00206913 -0.00225175
internal_weight=47808 38203 9605 14230 23973 9350 16527 4880 7446 6964 4047 3602 2386 2872 4094 5622 2870 833 1508 3159 1175 1056 10905 6390 614 1496 878 1693 443 352
internal_count=47808 38203 9605 14230 23973 9350 16527 4880 7446 6964 4047 3602 2386 2872 4094 5622 2870 833 1508 3159 1175 1056 10905 6390 614 1496 878 1693 443 352
is_linear=0
shrinkage=0.05


Tree=41
num_leaves=31
num_cat=0
split_feature=0 10 10 5 0 0 0 0 0 3 3 0 0 11 3 0 0 3 5 0 7 0 0 0 3 0 0 3 0 0
split_gain=72.6678 4.30902 2.99671 1.03632 0.925798 0.28871 0.232509 0.223481 0.207663 0.152685 0.112535 0.0959683 0.09363 0.0922358 0.0844455 0.0663532 0.0661906 0.0644146 0.061339 0.0607942 0.0520491 0.0465127 0.0456589 0.0436674 0.0266725 0.0263531 0.0221176 0.0188798 0.0121747 0.0119545
threshold=1.0000000180025095e-35 1.0000000180025095e-35 1.0000000180025095e-35 0.88899999856948864 0.58875000476837169 0.59995001554489147 0.64724999666214 0.54554998874664318 0.61605000495910656 30.500000000000004 13.500000000000002 0.6740500032901765 0.55645000934600841 3.654500007629395 21.500000000000004 0.66255000233650219 0.61004999279975902 20.500000000000004 0.99649998545646679 0.6658499836921693 1.0000000180025095e-35 0.70544999837875377 0.56955000758171093 0.51274999976158153 39.500000000000007 0.56494998931884777 0.66975000500679027 34.500000000000007 0.49175000190734869 0.6675499975681306
decision_type=2 2 2 2 2 2 2 2 2 2 2 2 2 2 2 2 2 2 2 2 2 2 2 2 2 2 2 2 2 2
left_child=2 4 -1 5 7 12 16 23 10 11 18 -7 27 24 15 -10 -6 -14 -5 -11 -15 29 -9 28 -4 -12 -16 -3 -2 -8
right_child=1 3 13 8 6 9 21 22 14 19 25 -13 17 20 26 -17 -18 -19 -20 -21 -22 -23 -24 -25 -26 -27 -28 -29 -30 -31
leaf_value=-0.0045724584496370175 0 -0.00063224872650026757 -0.0020619392484146851 0.00069239309229148427 0.001529805663259695 0.00035896579505311388 0.0021399155539359059 0.0011157786728879318 0.0013653817891201491 -0.00022443650844094517 -0.00034661379073206057 0.0013710704500081883 -3.0574739104231325e-05 -0.0026220532714810608 0.00055721863152450755 0.0023050659727772418 0.0018229080607083626 -0.00047612504570360419 0.0013455930955319556 0.00058743903270773402 -0.0031025484537811009 0.0037725793983337608 0.0013362258139116561 0.00085119607573375306 -0.0028665580926121193 0.0003352159375477439 0.0013522104399180603 -0.0012120442365718127 0.00049734349943276004 0.0025642257230139073
leaf_weight=6003 153 514 633 1363 4956 3140 864 4760 924 1714 161 258 2094 1268 368 265 3711 1352 527 264 1524 67 5761 2795 177 906 137 243 456 450
leaf_count=6003 153 514 633 1363 4956 3140 864 4760 924 1714 161 258 2094 1268 368 265 3711 1352 527 264 1524 67 5761 2795 177 906 137 243 456 450
internal_value=4.90878e-07 0.000978038 -0.00388706 0.000288354 0.00138721 -8.45429e-06 0.00175389 0.00112226 0.000900709 0.000233719 0.000644538 0.000437321 -0.000319403 -0.00274332 0.00134486 0.0015792 0.0016559 -0.000206841 0.000877236 -0.000113525 -0.00288622 0.00236507 0.00123698 0.000766188 -0.00224427 0.000227626 0.000783014 -0.000825105 0.000367762 0.00228922
internal_weight=47808 38203 9605 14230 23973 9579 10048 13925 4651 5376 2957 3398 4203 3602 1694 1189 8667 3446 1890 1978 2792 1381 10521 3404 810 1067 505 757 609 1314
internal_count=47808 38203 9605 14230 23973 9579 10048 13925 4651 5376 2957 3398 4203 3602 1694 1189 8667 3446 1890 1978 2792 1381 10521 3404 810 1067 505 757 609 1314
is_linear=0
shrinkage=0.05


Tree=42
num_leaves=31
num_cat=0
split_feature=0 10 10 5 0 0 0 1 3 0 0 0 11 3 0 11 0 3 3 0 0 3 0 3 1 0 3 0 0 1
split_gain=65.5881 3.8889 2.70311 0.935993 0.837002 0.271014 0.266397 0.204894 0.16057 0.152704 0.12211 0.101829 0.0826938 0.0754106 0.0739535 0.0658703 0.0585766 0.0445287 0.0437064 0.0373541 0.0305863 0.0296058 0.0280254 0.0278207 0.0235735 0.0230011 0.0228597 0.0224694 0.0133071 0.0121266
threshold=1.0000000180025095e-35 1.0000000180025095e-35 1.0000000180025095e-35 0.88899999856948864 0.59915000200271618 0.560350000858307 0.63854998350143444 0.91666665673255932 22.500000000000004 0.65334999561309826 0.59325000643730175 0.56955000758171093 3.8255000114440922 17.500000000000004 0.53114998340606701 4.1004998683929452 0.55805000662803661 13.500000000000002 12.500000000000002 0.71889999508857738 0.57945001125335704 7.5000000000000009 0.62115001678466808 50.500000000000007 0.91666665673255932 0.61145001649856578 39.500000000000007 0.49175000190734869 0.66414999961853038 0.38750000298023229
decision_type=2 2 2 2 2 2 2 2 2 2 2 2 2 2 2 2 2 2 2 2 2 2 2 2 2 2 2 2 2 2
left_child=2 4 -1 6 5 14 8 10 11 22 17 -3 26 -12 27 23 -10 -5 25 -11 -7 -14 -6 -8 -17 -9 29 -2 -20 -4
right_child=1 3 12 7 9 20 15 18 16 19 13 -13 21 -15 -16 24 -18 -19 28 -21 -22 -23 -24 -25 -26 -27 -28 -29 -30 -31
leaf_value=-0.0043438393297897176 0 -0.00044024011487314295 -0.0020074554657960215 0.0005551339173007734 0.0015706057134169387 0.0011769779930904624 0.00099027932979401127 0.0015045256186754278 -0.0010494126715220465 0.0022697068315491735 0.0011412990871135184 0.00015706136421559839 -0.0023800045534874037 0.00053356313794823381 0.00096167071222569799 0.00017109237791403423 -0.00033954520539990836 0 0.00085286578571756519 0.0040798183259456305 0.0013606122236111309 -0.002842917199607387 0.0018123579535695073 0 0.00088154537546294173 0.0023138324944870273 -0.0027144891925069245 0.00061857016935176659 0.0018930884907226598 -0.00039991323479372467
leaf_weight=6003 153 874 620 995 3578 4901 693 230 336 1019 1565 3847 611 815 4495 907 2705 540 215 37 5774 2171 2552 76 141 241 180 1464 50 20
leaf_count=6003 153 874 620 995 3578 4901 693 230 336 1019 1565 3847 611 815 4495 907 2705 540 215 37 5774 2171 2552 76 141 241 180 1464 50 20
internal_value=5.00788e-07 0.000929214 -0.00369282 0.000273991 0.00131793 0.0011238 -8.05781e-06 0.00085595 -0.000136148 0.00177071 0.000709754 4.54167e-05 -0.00260637 0.00093532 0.000855781 0.000536353 -0.000419655 0.000356721 0.00162662 0.00233824 0.00127678 -0.00274314 0.00167209 0.000890683 0.000271524 0.00192965 -0.00213601 0.000558292 0.00106864 -0.0019651
internal_weight=47808 38203 9605 14230 23973 16787 9579 4651 7762 7186 3915 4721 3602 2380 6112 1817 3041 1535 736 1056 10675 2782 6130 769 1048 471 820 1617 265 640
internal_count=47808 38203 9605 14230 23973 16787 9579 4651 7762 7186 3915 4721 3602 2380 6112 1817 3041 1535 736 1056 10675 2782 6130 769 1048 471 820 1617 265 640
is_linear=0
shrinkage=0.05


Tree=43
num_leaves=31
num_cat=0
split_feature=0 10 10 5 0 0 0 0 0 11 3 3 8 11 0 0 0 5 7 0 3 3 0 0 0 3 0 3 0 5
split_gain=59.1993 3.50931 2.438 0.845269 0.757892 0.245367 0.207995 0.175504 0.167865 0.112793 0.0991167 0.0928341 0.0768809 0.0741533 0.0691284 0.0656434 0.0580932 0.0542448 0.0478148 0.0410662 0.0400361 0.0390055 0.029382 0.0287915 0.028344 0.024926 0.0224149 0.0223098 0.0143907 0.0124187
threshold=1.0000000180025095e-35 1.0000000180025095e-35 1.0000000180025095e-35 0.88899999856948864 0.58614999055862438 0.60694998502731334 0.62944999337196361 0.61605000495910656 0.5400499999523164 5.8960001468658456 31.500000000000004 13.500000000000002 0.1132478639483452 5.8960001468658456 0.67645001411437999 0.67175000905990612 0.56655001640319835 0.99649998545646679 1.0000000180025095e-35 0.5660499930381776 35.500000000000007 7.5000000000000009 0.60495001077651989 0.54815000295639049 0.49795000255107885 36.500000000000007 0.6740500032901765 38.500000000000007 0.71889999508857738 0.95750001072883617
decision_type=2 2 2 2 2 2 2 2 2 2 2 2 2 2 2 2 2 2 2 2 2 2 2 2 2 2 2 2 2 2
left_child=2 4 -1 5 8 10 22 11 24 15 16 17 20 27 -8 -7 -3 -5 -15 -10 -9 -11 -6 -12 -2 -13 -14 29 -16 -4
right_child=1 3 13 7 6 9 14 12 19 21 23 25 26 18 28 -17 -18 -19 -20 -21 -22 -23 -24 -25 -26 -27 -28 -29 -30 -31
leaf_value=-0.0041266507002812513 0.00014996760445465295 -0.00046078951162307639 -0.0019358622592267458 0.00061505316288853237 0.0013448061093930628 0.00041108181333244652 0.0018410304263351115 0.0011608086129381728 0.00096833012079946537 0.00040509562953255945 -0.0012158886550271617 0.00034466257932905145 0.0015519095235143046 -0.0023560324787340325 0.0024877425985879928 0.0012553600595513745 1.2207649894413452e-05 0.0012295899056965856 -0.0028222303772655871 0.0011769825239536956 0.00041253158484998566 -8.0589369172259708e-05 0.0015578612717727681 -0.00050467730945752171 0.00068678339375683644 -0.00019627696088850597 0.0024980184611869162 -0.0025828519460071192 0.0038763772103825029 -0.00063529586869777097
leaf_weight=6003 304 854 650 1363 4895 1871 2484 1044 4775 525 174 788 290 1231 283 272 2627 527 1486 5754 243 1922 3207 1334 2234 279 117 204 37 31
leaf_count=6003 304 854 650 1363 4895 1871 2484 1044 4775 525 174 788 290 1231 283 272 2627 527 1486 5754 243 1922 3207 1334 2234 279 117 204 37 31
internal_value=5.14321e-07 0.000882843 -0.00350832 0.000260396 0.00125211 -7.60951e-06 0.00156065 0.000813433 0.000994199 0.000255675 -0.00025084 0.000577709 0.0012219 -0.00247635 0.00193695 0.000520628 -0.000102407 0.000789109 -0.00261294 0.00108284 0.00102345 2.15826e-05 0.00142977 -0.000590131 0.000624462 0.000198527 0.00183672 -0.00205109 0.00266508 -0.0018841
internal_weight=47808 38203 9605 14230 23973 9579 10906 4651 13067 4590 4989 2957 1694 3602 2804 2143 3481 1890 2717 10529 1287 2447 8102 1508 2538 1067 407 885 320 681
internal_count=47808 38203 9605 14230 23973 9579 10906 4651 13067 4590 4989 2957 1694 3602 2804 2143 3481 1890 2717 10529 1287 2447 8102 1508 2538 1067 407 885 320 681
is_linear=0
shrinkage=0.05


Tree=44
num_leaves=31
num_cat=0
split_feature=0 10 10 9 0 0 1 0 0 3 9 9 1 0 0 3 0 3 0 0 0 0 7 0 0 9 3 3 3 0
split_gain=53.4333 3.16695 2.19881 0.871265 0.684628 0.235251 0.205192 0.181497 0.162459 0.151578 0.105087 0.0898801 0.0886338 0.0686534 0.0677266 0.0613263 0.0559729 0.0529998 0.0525263 0.0518816 0.0429613 0.0388333 0.0367095 0.0332712 0.0319576 0.0168459 0.0150727 0.0150466 0.0149453 0.010697
threshold=1.0000000180025095e-35 1.0000000180025095e-35 1.0000000180025095e-35 6.0025000572204599 0.59135001897811901 0.63625001907348644 0.61250001192092907 0.54895001649856578 0.65035000443458568 13.500000000000002 7.0034999847412118 6.0245001316070566 0.61250001192092907 0.65565001964569103 0.68854999542236339 10.500000000000002 0.56334999203681957 33.500000000000007 0.56545001268386852 0.63484999537467968 0.61094999313354503 0.5165500044822694 1.0000000180025095e-35 0.57295000553131115 0.69369998574256908 9.3874998092651385 21.500000000000004 11.500000000000002 50.500000000000007 0.49175000190734869
decision_type=2 2 2 2 2 2 2 2 2 2 2 2 2 2 2 2 2 2 2 2 2 2 2 2 2 2 2 2 2 2
left_child=2 4 -1 5 7 9 10 21 20 12 19 22 -3 15 17 -8 -12 -7 -11 -5 -6 29 28 -9 -10 -13 -16 -24 -4 -2
right_child=1 3 11 6 8 14 13 23 24 18 16 25 -14 -15 26 -17 -18 -19 -20 -21 -22 -23 27 -25 -26 -27 -28 -29 -30 -31
leaf_value=-0.0039203218561448937 0 -7.1518070144341753e-05 -0.0021762332647564078 0.0001879108947607232 0.0013284659058127781 0.00053736492196444633 0.0014431105677141743 0.00098484313099421223 0.0019706909285709582 -0.00085668238878120742 0.00011284528455396056 -0.0018233282641588755 0.00051055146119637388 0.0021889491009625794 0.0017207170618628858 0.00072275910327260088 0.0010073432188387357 -2.9668323125526093e-05 -0.00030697731282399441 0.00087805023351352645 0.0015751873840129387 0.00076012771772785218 -0.002347734100626768 0.0011720708835595026 0.0029062470102337885 -0.0009217928946284019 0.00080310390361042693 -0.0027620157974067088 -0.0029045803753072271 0.00044267896397597387
leaf_weight=6003 153 2617 1342 1531 4336 1137 748 5139 1091 516 217 352 868 193 109 552 1298 621 3351 341 3729 3166 564 5623 129 91 131 1129 124 607
leaf_count=6003 153 2617 1342 1531 4336 1137 748 5139 1091 516 217 352 868 193 109 552 1298 621 3351 341 3729 3166 564 5623 129 91 131 1129 124 607
internal_value=5.31144e-07 0.000838795 -0.00333304 0.000247467 0.00118959 -3.46711e-05 0.000789053 0.000976184 0.00152662 -0.000165913 0.000571092 -0.00235282 7.20323e-05 0.0012801 0.000445737 0.00114116 0.000882536 0.000334231 -0.000381641 0.000316336 0.00144318 0.000681697 -0.00244979 0.00108314 0.00207394 -0.00164967 0.00124122 -0.0026271 -0.00224144 0.000348334
internal_weight=47808 38203 9605 14230 23973 9350 4880 14688 9285 7352 3387 3602 3485 1493 1998 1300 1515 1758 3867 1872 8065 3926 3159 10762 1220 443 240 1693 1466 760
internal_count=47808 38203 9605 14230 23973 9350 4880 14688 9285 7352 3387 3602 3485 1493 1998 1300 1515 1758 3867 1872 8065 3926 3159 10762 1220 443 240 1693 1466 760
is_linear=0
shrinkage=0.05


Tree=45
num_leaves=31
num_cat=0
split_feature=0 10 10 9 0 5 0 1 0 0 0 0 9 9 3 1 0 1 0 7 9 0 0 0 0 0 9 3 3 5
split_gain=48.2298 2.85775 1.98282 0.7888 0.619947 0.267341 0.212616 0.163751 0.142993 0.109048 0.104965 0.0841886 0.0805878 0.067449 0.0636452 0.0608582 0.0594996 0.0426806 0.0329796 0.0326583 0.0282084 0.0222936 0.0221134 0.0216508 0.018714 0.0159372 0.0148886 0.0137159 0.0135658 0.0132495
threshold=1.0000000180025095e-35 1.0000000180025095e-35 1.0000000180025095e-35 6.3025000095367441 0.60164999961853038 0.83449998497962963 0.56215000152587902 0.91666665673255932 0.61814999580383312 0.66104999184608471 0.6253499984741212 0.59485000371932995 6.0245001316070566 8.0085000991821307 13.500000000000002 0.91666665673255932 0.52974998950958263 0.58571431040763866 0.67645001411437999 1.0000000180025095e-35 7.3754999637603769 0.71889999508857738 0.62744998931884777 0.57985001802444469 0.55645000934600841 0.49175000190734869 9.3874998092651385 8.5000000000000018 35.500000000000007 0.85250002145767223
decision_type=2 2 2 2 2 2 2 2 2 2 2 2 2 2 2 2 2 2 2 2 2 2 2 2 2 2 2 2 2 2
left_child=2 4 -1 5 6 8 16 10 14 22 13 24 19 -5 -3 -10 25 -13 -12 27 28 -11 -6 -8 -7 -2 -14 -4 -9 -21
right_child=1 3 12 7 9 11 23 20 15 21 18 17 26 -15 -16 -17 -18 -19 -20 29 -22 -23 -24 -25 -26 -27 -28 -29 -30 -31
leaf_value=-0.0037243089140572569 0 -0.00011887829447254747 -0.0017827923651500023 0.00041199802817026192 0.0013818064159229681 -0.00041787402122255528 0.0010180061732768138 0.0014212482142149066 5.255645227554784e-05 0.002053897947502091 0.0010125674889033798 0.00042333727456594103 -0.0017321877445439994 0.0010828993830228077 -0.00048773516374300276 0.00083848512574007019 0.00082672528033787178 0.00095414718379134306 0.0018867033743295643 -0.0025174303548479936 0.0020820121605685284 0.0035381599015624054 0.0016054852225652477 0.00117476487953637 0.00015850924088784996 0.00051326098602647063 -0.00087575384719311596 -0.002237328797306759 0.00040481121415308972 -0.0010849174155287214
leaf_weight=6003 153 2196 359 2260 3678 168 4665 312 2338 684 714 973 352 466 2612 278 4966 684 149 1664 220 37 2267 6180 807 1343 91 1107 53 29
leaf_count=6003 153 2196 359 2260 3678 168 4665 312 2338 684 714 973 352 466 2612 278 4966 684 149 1664 220 37 2267 6180 807 1343 91 1107 53 29
internal_value=5.3737e-07 0.000796944 -0.00316655 0.000235202 0.00113018 -4.14146e-06 0.000971581 0.000813013 -0.000158136 0.00154116 0.000684093 0.000428316 -0.00223555 0.000528556 -0.00032031 0.000138016 0.00074217 0.000645514 0.00116948 -0.00232755 0.00159514 0.00213748 0.00146797 0.00110781 5.40336e-05 0.00045811 -0.00156778 -0.00212956 0.0012875 -0.00249591
internal_weight=47808 38203 9605 14230 23973 10056 17307 4174 7424 6666 3589 2632 3602 2726 4808 2616 6462 1657 863 3159 585 721 5945 10845 975 1496 443 1466 365 1693
internal_count=47808 38203 9605 14230 23973 10056 17307 4174 7424 6666 3589 2632 3602 2726 4808 2616 6462 1657 863 3159 585 721 5945 10845 975 1496 443 1466 365 1693
is_linear=0
shrinkage=0.05


Tree=46
num_leaves=31
num_cat=0
split_feature=0 10 10 9 0 5 0 0 0 0 0 1 9 3 1 3 0 0 0 0 3 0 0 9 3 0 7 1 9 0
split_gain=43.5335 2.5785 1.78798 0.713646 0.560822 0.298093 0.156932 0.135968 0.13446 0.125382 0.0903983 0.0880043 0.0725585 0.0691835 0.0630344 0.0466869 0.0403765 0.0401192 0.0382998 0.0376577 0.0318881 0.0316294 0.0296197 0.0272506 0.024978 0.0188929 0.0161139 0.0118186 0.0100801 0.00844286
threshold=1.0000000180025095e-35 1.0000000180025095e-35 1.0000000180025095e-35 6.5004999637603769 0.58585000038146984 0.83449998497962963 0.64074999094009411 0.59174999594688427 0.6253499984741212 0.53775000572204601 0.63284999132156383 0.91666665673255932 6.5640001296997079 30.500000000000004 0.46428571641445165 19.500000000000004 0.67965000867843639 0.5505499839782716 0.67965000867843639 0.60535001754760753 11.500000000000002 0.56494998931884777 0.69369998574256908 8.4025001525878924 23.500000000000004 0.49795000255107885 1.0000000180025095e-35 0.46428571641445165 9.3874998092651385 0.71889999508857738
decision_type=2 2 2 2 2 2 2 2 2 2 2 2 2 2 2 2 2 2 2 2 2 2 2 2 2 2 2 2 2 2
left_child=2 4 -1 5 9 7 19 17 13 25 15 -9 20 14 -5 -7 24 -3 -8 -6 27 -11 -12 -15 -10 -2 -22 -4 -14 -20
right_child=1 3 12 8 6 10 18 11 16 21 22 -13 28 23 -16 -17 -18 -19 29 -21 26 -23 -24 -25 -26 -27 -28 -29 -30 -31
leaf_value=-0.0035380966749524257 0.00011873821636480776 -0.00090148034520242445 -0.0019715462618156514 0.00046215373408743475 0.0011538817936774428 0.00041865885800439814 0.0016595342681353089 -7.1307694491649017e-05 0.0013894209702472763 0.00082055258839476737 0.00076033707647087719 0.00060639511664785232 -0.0015916986765198587 -0.00010358669225806993 0.0010093814663973901 -6.4537364167505866e-05 0.0021370306777219543 -0.00035478241400904107 0.0021776915521340549 0.0013704606355828697 -0.0021398739503703324 0.0010033852616220577 0.0017106393730583005 0.00095564535183311503 0.00070023772649365163 0.00056447899172340716 -0.0024837869950962081 -0.00038934179709990282 -0.00083201422292685998 0.0033617287372161111
leaf_weight=6003 304 418 1041 1009 5092 1604 1528 4428 540 4794 689 537 275 362 1218 702 156 2168 242 4119 1019 5894 106 72 221 1963 1156 20 91 37
leaf_count=6003 304 418 1041 1009 5092 1604 1528 4428 540 4794 689 537 275 362 1218 702 156 2168 242 4119 1019 5894 106 72 221 1963 1156 20 91 37
internal_value=5.54208e-07 0.0007572 -0.00300839 0.000223586 0.00107373 1.78867e-05 0.00133677 -0.000151127 0.000834555 0.000849635 0.000431043 9.94384e-07 -0.00212413 0.000650964 0.000763723 0.000269398 0.00136173 -0.000445115 0.00176962 0.00125129 -0.00220254 0.000921854 0.000893532 6.08e-05 0.00119596 0.000506919 -0.00232507 -0.00194647 -0.00141675 0.00235378
internal_weight=47808 38203 9605 14230 23973 10652 11018 7551 3578 12955 3101 4965 3602 2661 2227 2306 917 2586 1807 9211 3236 10688 795 434 761 2267 2175 1061 366 279
internal_count=47808 38203 9605 14230 23973 10652 11018 7551 3578 12955 3101 4965 3602 2661 2227 2306 917 2586 1807 9211 3236 10688 795 434 761 2267 2175 1061 366 279
is_linear=0
shrinkage=0.05


Tree=47
num_leaves=31
num_cat=0
split_feature=0 10 10 9 0 0 0 1 4 0 1 9 9 8 0 0 0 4 0 1 0 0 4 7 0 0 9 9 4 0
split_gain=39.2945 2.32703 1.61222 0.646489 0.507371 0.207425 0.150972 0.146327 0.140997 0.108085 0.0937147 0.0762958 0.0654664 0.0584312 0.0571773 0.0540348 0.0435347 0.0346195 0.031228 0.0299574 0.0291995 0.028072 0.0269853 0.0251829 0.0238195 0.0224934 0.0219326 0.0114102 0.0099788 0.00832646
threshold=1.0000000180025095e-35 1.0000000180025095e-35 1.0000000180025095e-35 6.2005000114440927 0.59525001049041759 0.64074999094009411 0.54895001649856578 0.61250001192092907 2.5000000000000004 0.65224999189376842 0.46428571641445165 8.0085000991821307 6.0245001316070566 0.059714796021580703 0.69369998574256908 0.61044999957084667 0.56545001268386852 2.5000000000000004 0.57385000586509716 0.61250001192092907 0.5165500044822694 0.55695000290870678 2.5000000000000004 1.0000000180025095e-35 0.61605000495910656 0.70544999837875377 7.5715000629425058 9.3874998092651385 2.5000000000000004 0.71889999508857738
decision_type=2 2 2 2 2 2 2 2 2 2 2 2 2 2 2 2 2 2 2 2 2 2 2 2 2 2 2 2 2 2
left_child=2 4 -1 5 6 8 20 11 10 24 -3 13 19 -5 17 26 -10 -7 -8 23 -2 -13 -17 -4 -6 -11 -9 -14 -25 -16
right_child=1 3 12 7 9 14 18 15 16 25 -12 21 27 -15 29 22 -18 -19 -20 -21 -22 -23 -24 28 -26 -27 -28 -29 -30 -31
leaf_value=-0.0033611948987937071 0.00029085731867054432 -0.00012806624988481979 -0.0019363983525553957 0.00020563923013947223 0.0011762795787745998 0.00062520601261192767 0.00084859292624611844 0.00067208984477382019 -0.00077580210090770875 0.0017402963812214749 0.00035418635144783908 0 -0.0015594212508438226 0.00070842357401000133 0.0010525812660877427 0.0017641158178343186 -0.00026976012048670657 0.00015296761960846713 0.0010212461043800356 -6.5154015140515218e-05 0.00064949896832553486 0.0012045500303083277 0.00099833402622546952 -0.0020577347941703196 0.0013798596543765826 0.0028285945203549464 0.0013561119892813074 -0.0007904591647607533 -0.0024020004802276698 0.0021058756569425534
leaf_weight=6003 760 2277 1452 1526 3983 724 5389 554 502 1038 1795 57 352 972 164 406 3439 916 6461 23 3166 466 216 682 3109 67 179 91 1002 37
leaf_count=6003 760 2277 1452 1526 3983 724 5389 554 502 1038 1795 57 352 972 164 406 3439 916 6461 23 3166 466 216 682 3109 67 179 91 1002 37
internal_value=5.58691e-07 0.000719427 -0.00285813 0.00021248 0.00102013 -1.16074e-05 0.000853442 0.000718217 -0.00012206 0.00134032 8.32937e-05 0.000521518 -0.00201828 0.0004033 0.000466407 0.001153 -0.000335506 0.000364518 0.000943159 -0.00210154 0.000581355 0.00107642 0.00150643 -0.00211488 0.00126625 0.00181106 0.000846112 -0.00141296 -0.00226568 0.00127229
internal_weight=47808 38203 9605 14230 23973 9854 15776 4376 8013 8197 4072 3021 3602 2498 1841 1355 3941 1640 11850 3159 3926 523 622 3136 7092 1105 733 443 1684 201
internal_count=47808 38203 9605 14230 23973 9854 15776 4376 8013 8197 4072 3021 3602 2498 1841 1355 3941 1640 11850 3159 3926 523 622 3136 7092 1105 733 443 1684 201
is_linear=0
shrinkage=0.05


Tree=48
num_leaves=31
num_cat=0
split_feature=3 5 1 3 1 9 1 1 9 9 3 9 9 5 1 7 9 3 1 8 8 5 5 9 9 8 3 3 8 1
split_gain=1.36234 0.711864 0.665643 0.632549 0.848859 0.164112 0.148538 0.107888 0.0942183 0.0893331 0.0685228 0.0631713 0.0603173 0.052733 0.0482225 0.0457447 0.0326518 0.0315814 0.0299054 0.0267814 0.0266815 0.0224785 0.0219964 0.0205698 0.0179773 0.0178387 0.0159886 0.0114222 0.0113126 0.0111274
threshold=28.500000000000004 0.86999997496604931 0.21111111342906955 1.0000000180025095e-35 0.21111111342906955 8.1020002365112322 0.58571431040763866 0.91666665673255932 8.1020002365112322 5.2979998588562021 50.500000000000007 7.2009999752044687 6.6914999485015878 0.62099999189376842 0.77500000596046459 1.0000000180025095e-35 8.5060000419616717 50.500000000000007 0.21111111342906955 0.033908046782016761 0.044949496164917953 0.84700000286102306 0.73399999737739574 7.6024999618530282 8.8499999046325701 0.019049347378313545 53.500000000000007 7.5000000000000009 0.025320513173937801 0.21111111342906955
decision_type=2 2 2 2 2 2 2 2 2 2 2 2 2 2 2 2 2 2 2 2 2 2 2 2 2 2 2 2 2 2
left_child=1 3 10 -1 8 7 12 -6 13 14 15 19 18 -5 20 -2 21 24 -3 -8 26 -17 -12 29 25 -11 -4 -21 -20 -14
right_child=2 6 9 4 5 -7 11 -9 -10 17 22 -13 23 -15 -16 16 -18 -19 28 27 -22 -23 -24 -25 -26 -27 -28 -29 -30 -31
leaf_value=0.00013406991979396705 -0.0015511542497735472 -9.3847778719088871e-05 -0.00057136280475795565 -0.0011209841934749954 -0.00010351755197597851 0.0011771867132591024 0.00062388487453481707 0.00066332078269169619 5.7043760073840675e-05 -3.1515039791811399e-05 -0.0020517356098850264 0.0017191189199946744 0.00025646599934490071 -0.00043960969312176017 0.00013500286668089557 -0.0011047672982039904 0.00047439017454371861 -0.00021158412184006526 0.00019940886915211474 0.0013106638244894811 -0.00016612971335488256 -0.00021251625915535643 -0.0010033592834502083 0.0012891510460794945 0.0010648224609683874 0.00046557432333331234 -0.0010980195852142362 0.00085886008449555067 0.0005381926586106099 0.00077542219040276745
leaf_weight=30311 636 381 979 2758 3487 318 514 528 197 326 375 340 166 345 297 1462 31 452 471 444 382 89 82 192 75 361 203 348 701 557
leaf_count=30311 636 381 979 2758 3487 318 514 528 197 326 375 340 166 345 297 1462 31 452 471 444 382 89 82 192 75 361 203 348 701 557
internal_value=5.80344e-07 9.9375e-05 -0.000721166 3.15027e-05 -0.000375138 8.39553e-05 0.000724139 -1.41375e-06 -0.000979441 -0.000217438 -0.00129832 0.00109437 0.000475157 -0.00104686 -0.000435655 -0.0011772 -0.00102362 0.000112967 0.000280409 0.000927781 -0.00054722 -0.00105681 -0.00187482 0.000800167 0.000312046 0.000222445 -0.000666127 0.00111859 0.000406338 0.000663237
internal_weight=47808 42058 5750 37944 7633 4333 4114 4015 3300 3075 2675 1646 2468 3103 1861 2218 1582 1214 1553 1306 1564 1551 457 915 762 687 1182 792 1172 723
internal_count=47808 42058 5750 37944 7633 4333 4114 4015 3300 3075 2675 1646 2468 3103 1861 2218 1582 1214 1553 1306 1564 1551 457 915 762 687 1182 792 1172 723
is_linear=0
shrinkage=0.05


Tree=49
num_leaves=31
num_cat=0
split_feature=0 10 10 9 0 5 0 0 0 0 0 0 9 0 1 4 0 0 0 0 0 1 1 4 0 0 9 5 5 0
split_gain=35.0474 2.06131 1.59718 0.526209 0.45875 0.22388 0.129184 0.115909 0.103687 0.103124 0.0901027 0.063831 0.0535317 0.0516219 0.0474021 0.0469606 0.0443772 0.0412765 0.0343653 0.0254334 0.0238359 0.0219321 0.0177643 0.0170119 0.0168121 0.0163735 0.0118564 0.0121749 0.0104307 0.00888023
threshold=1.0000000180025095e-35 1.0000000180025095e-35 1.0000000180025095e-35 6.5004999637603769 0.58585000038146984 0.75549998879432689 0.62944999337196361 0.62604999542236339 0.60734999179840099 0.53775000572204601 0.59485000371932995 0.56334999203681957 5.7005000114440927 0.68854999542236339 0.91666665673255932 2.5000000000000004 0.6740500032901765 0.55215001106262218 0.6740500032901765 0.56494998931884777 0.55865001678466808 0.61250001192092907 0.91666665673255932 1.5000000000000002 0.60295000672340404 0.49175000190734869 8.0085000991821307 0.95750001072883617 0.99850001931190502 0.71889999508857738
decision_type=2 2 2 2 2 2 2 2 2 2 2 2 2 2 2 2 2 2 2 2 2 2 2 2 2 2 2 2 2 2
left_child=2 4 -1 5 9 8 24 11 17 25 20 28 21 -12 -10 -13 -8 -3 22 -11 -7 23 -9 -4 -6 -2 27 -14 -5 -18
right_child=1 3 12 7 6 10 16 18 14 19 13 15 26 -15 -16 -17 29 -19 -20 -21 -22 -23 -24 -25 -26 -27 -28 -29 -30 -31
leaf_value=-0.003199841107750095 -2.0516502851839915e-05 -0.00078466638581935417 -0.0016482506343308764 -0.00011365065469741995 0.0010264387345091063 -0.00041544849512036003 0.0014138093992784799 0.00090815635841953062 0 0.00073383852396314154 0.00046855088398427752 0.00083256124496546122 -0.0015999586360661453 0.0014723868020806912 0.00063147183784728156 0.00033830760784744733 0.0019123589801185326 -0.00025704703588184811 0.0018586973879842897 0.00089875330469033662 0.00011951050493362388 -0.0001168691299010776 0.0016297767176144955 -0.0020267840391533227 0.0011885250392824323 0.00048483065757796507 -0.00086844064232067099 -0.00025576315674161009 0.00053869218012275917 0.0030463616059957488
leaf_weight=6003 153 432 529 354 4614 257 2433 578 2930 4794 2171 1481 403 142 332 773 334 3307 189 5894 1081 22 129 2490 3600 2114 131 27 74 37
leaf_count=6003 153 432 529 354 4614 257 2433 578 2930 4794 2171 1481 403 142 332 773 334 3307 189 5894 1081 22 129 2490 3600 2114 131 27 74 37
internal_value=5.62019e-07 0.000679477 -0.00269922 0.000202323 0.000962498 2.56156e-05 0.00120046 0.000726982 -0.000139411 0.000759722 0.000343427 0.000559012 -0.00186344 0.000532401 6.53279e-05 0.0006653 0.00149848 -0.000319364 0.00122407 0.000825258 1.29968e-05 -0.00195047 0.00104711 -0.00196217 0.0010981 0.00044852 -0.00138251 -0.00152726 0 0.00203972
internal_weight=47808 38203 9605 14230 23973 10652 11018 3578 7001 12955 3651 2682 3602 2313 3262 2254 2804 3739 896 10688 1338 3041 707 3019 8214 2267 561 430 428 371
internal_count=47808 38203 9605 14230 23973 10652 11018 3578 7001 12955 3651 2682 3602 2313 3262 2254 2804 3739 896 10688 1338 3041 707 3019 8214 2267 561 430 428 371
is_linear=0
shrinkage=0.05


Tree=50
num_leaves=31
num_cat=0
split_feature=11 2 8 4 2 2 4 8 9 9 9 2 2 5 5 9 4 7 4 2 11 10 9 9 8 10 8 5 9 4
split_gain=2.04335 0.537142 0.41549 0.1954 0.147351 0.100721 0.090849 0.0754978 0.0600876 0.051134 0.044359 0.0425552 0.0415921 0.0351893 0.0309353 0.0708547 0.0287369 0.028584 0.0285339 0.0263158 0.0228283 0.0342305 0.0219839 0.0217958 0.0215517 0.0178034 0.0135513 0.0127177 0.0123423 0.0116953
threshold=5.8960001468658456 1.0000000180025095e-35 1.0000000180025095e-35 2.5000000000000004 1.5000000000000002 1.0000000180025095e-35 2.5000000000000004 0.10380747169256212 7.3754999637603769 8.0085000991821307 8.3185000419616717 1.5000000000000002 1.0000000180025095e-35 0.75549998879432689 0.91749998927116405 1.0000000180025095e-35 1.5000000000000002 1.0000000180025095e-35 1.5000000000000002 1.0000000180025095e-35 7.3499999046325692 7.2754998207092294 9.9499998092651385 7.0304999351501474 0.16904762387275699 7.5199999809265146 0.17316342145204547 0.78750002384185802 0.93750000000000011 2.5000000000000004
decision_type=2 2 2 2 2 2 2 2 2 2 2 2 2 2 2 2 2 2 2 2 2 2 2 2 2 2 2 2 2 2
left_child=2 16 3 9 12 22 8 11 24 14 13 18 -4 -7 15 -1 -2 -18 -3 -11 21 -19 27 25 -6 -14 -9 -5 -20 -13
right_child=1 7 4 5 6 10 -8 26 -10 19 -12 29 23 -15 -16 -17 17 20 28 -21 -22 -23 -24 -25 -26 -27 -28 -29 -30 -31
leaf_value=0.00012237657004323605 -0.00083692033239149215 -0.00017341953211206311 -0.00041217495672876019 -0.0012224111202224905 0.00077133774588671999 -0.00052121184262574137 0.00042013164825551965 0.00018220409731982258 0.0015660342156014865 4.6495749070742984e-06 0.00067928122831740708 -3.148845964901785e-05 -3.6389068865174793e-06 -4.8571147045263579e-05 0.00042030088238832731 -0.00020015703979000518 -0.0014532050709905211 -0.001066950620715715 -0.00065595720859744052 0.0010028673661416931 -0.0012807135657793977 -0.00031247170547750577 0 0.00070836672991008863 0.0013551072958910173 0.00038901303873388438 0.00098163773616407788 -0.00051362826068082873 0.00022682598890049269 -0.00030901018007700861
leaf_weight=29976 685 460 231 367 1351 687 1085 175 396 104 138 719 521 985 804 1794 1040 854 1604 247 1091 207 55 278 212 585 92 110 32 923
leaf_count=29976 685 460 231 367 1351 687 1085 175 396 104 138 719 521 985 804 1794 1040 854 1604 247 1091 207 55 278 212 585 92 110 32 923
internal_value=5.64475e-07 -0.000735025 0.000145908 8.71154e-05 0.000589861 -0.000353623 0.000795231 -0.00032716 0.0010004 0.000118619 -0.000172456 -0.000385924 0.000199652 -0.000245782 0.000111967 0.000104006 -0.00115505 -0.00122172 -0.000536582 0.000721426 -0.00110747 -0.000924508 -0.000960452 0.000305406 0.000853799 0.000199544 0.000476648 -0.00106958 -0.000635621 -0.000190543
internal_weight=47808 7882 39926 35267 4659 2342 3044 4005 1959 32925 1810 3738 1615 1672 32574 31770 3877 3192 2096 351 2152 1061 532 1384 1563 1106 267 477 1636 1642
internal_count=47808 7882 39926 35267 4659 2342 3044 4005 1959 32925 1810 3738 1615 1672 32574 31770 3877 3192 2096 351 2152 1061 532 1384 1563 1106 267 477 1636 1642
is_linear=0
shrinkage=0.05


Tree=51
num_leaves=31
num_cat=0
split_feature=0 10 10 9 0 0 0 3 0 1 0 0 0 3 9 3 0 3 0 7 0 0 3 0 5 3 3 5 0 3
split_gain=31.2747 1.82708 1.5693 0.427552 0.414454 0.188472 0.128882 0.126455 0.103431 0.102279 0.0865463 0.0568653 0.051034 0.0430164 0.0423924 0.0353816 0.0302409 0.0285467 0.0281632 0.0261833 0.0233355 0.0200444 0.0171825 0.0156296 0.014127 0.012525 0.0122218 0.00871692 0.00789173 0.00658871
threshold=1.0000000180025095e-35 1.0000000180025095e-35 1.0000000180025095e-35 6.5004999637603769 0.59665000438690197 0.64235001802444469 0.55215001106262218 31.500000000000004 0.62604999542236339 0.91666665673255932 0.6569499969482423 0.56334999203681957 0.69369998574256908 33.500000000000007 6.7300000190734872 35.500000000000007 0.67965000867843639 50.500000000000007 0.52015000581741344 1.0000000180025095e-35 0.57385000586509716 0.62055000662803661 50.500000000000007 0.71889999508857738 0.73399999737739574 31.500000000000004 50.500000000000007 0.99850001931190502 0.49175000190734869 7.5000000000000009
decision_type=2 2 2 2 2 2 2 2 2 2 2 2 2 2 2 2 2 2 2 2 2 2 2 2 2 2 2 2 2 2
left_child=2 4 -1 5 6 7 18 9 11 -3 21 27 15 -13 19 -7 22 -9 28 26 -8 -6 -10 -12 29 -14 -4 -5 -2 -21
right_child=1 3 14 8 10 12 20 17 16 -11 23 13 25 -15 -16 -17 -18 -19 -20 24 -22 -23 -24 -25 -26 -27 -28 -29 -30 -31
leaf_value=-0.0030459705551997215 -2.5606174106742507e-05 -9.289730737025933e-06 -0.0015488892133653075 -0.0001246946462937359 0.0010688764231377003 0.00055492640491751203 0.00076065371787955617 -0.00026796794379013912 0.0010582024608424394 0.00065318011414310833 0.0016303822246350515 0.00069723018182641207 0.0015387925284729225 5.8941076445636812e-05 -0.0011521322688722068 4.8059038981662708e-05 0.0018081254020561799 -0.00068920769887087692 0.00059584887709267882 -0.0016942714347397908 0.00091375624003211359 0.0012613616714096099 7.2084337462278712e-05 0.0028883516908977231 -0.001126060853743456 0.00063559456510404099 -0.0021767082768023522 0.00046945909499801898 0.00033935507616747245 -0.0020431264021616262
leaf_weight=6003 153 5563 1379 354 4124 1087 4887 2061 681 649 839 1928 137 326 346 537 156 531 3513 392 6864 2794 59 37 82 87 130 74 762 1273
leaf_count=6003 153 5563 1379 354 4124 1087 4887 2061 681 649 839 1928 137 326 346 537 156 531 3513 392 6864 2794 59 37 82 87 130 74 762 1273
internal_value=5.19731e-07 0.000641859 -0.00254981 0.000192605 0.000908319 3.32661e-05 0.000763175 -6.25899e-05 0.000665558 5.91265e-05 0.00120896 0.000506761 0.000492615 0.000607138 -0.00172147 0.000390415 0.0011352 -0.000356216 0.000530245 -0.00178039 0.000850517 0.00114736 0.000986356 0.00168955 -0.0019277 0.00121075 -0.00160643 -1.0202e-05 0.000272869 -0.0019641
internal_weight=47808 38203 9605 14230 23973 10652 16179 8804 3578 6212 7794 2682 1848 2254 3602 1624 896 2592 4428 3256 11751 6918 740 876 1747 224 1509 428 915 1665
internal_count=47808 38203 9605 14230 23973 10652 16179 8804 3578 6212 7794 2682 1848 2254 3602 1624 896 2592 4428 3256 11751 6918 740 876 1747 224 1509 428 915 1665
is_linear=0
shrinkage=0.05


Tree=52
num_leaves=31
num_cat=0
split_feature=0 10 10 9 0 1 0 4 0 0 0 8 9 0 0 0 7 0 0 1 0 8 0 0 11 0 4 4 1 0
split_gain=28.2301 1.64861 1.415 0.396206 0.375743 0.206034 0.137382 0.103578 0.0983112 0.0937797 0.0663798 0.0598205 0.0383345 0.0314279 0.0303057 0.0238644 0.023682 0.0236471 0.0222605 0.0211666 0.0197757 0.0180851 0.0179264 0.0171431 0.0136772 0.0105408 0.00581455 0.00508159 0.00494059 0.00431478
threshold=1.0000000180025095e-35 1.0000000180025095e-35 1.0000000180025095e-35 7.0034999847412118 0.58875000476837169 0.6904762089252473 0.57504999637603771 2.5000000000000004 0.6439499855041505 0.54304999113082897 0.61515000462532055 0.022991543635725979 7.053499937057496 0.54205000400543224 0.56334999203681957 0.61765000224113475 1.0000000180025095e-35 0.68244999647140514 0.60965001583099376 0.91666665673255932 0.56905001401901256 0.26201373338699346 0.5855500102043153 0.49795000255107885 6.2239999771118173 0.67965000867843639 2.5000000000000004 1.5000000000000002 0.21111111342906955 0.52705001831054699
decision_type=2 2 2 2 2 2 2 2 2 2 2 2 2 2 2 2 2 2 2 2 2 2 2 2 2 2 2 2 2 2
left_child=2 4 -1 5 9 6 13 -8 18 23 14 22 16 -3 28 -13 26 -10 -6 25 -11 -16 -7 -2 -18 -12 -4 -14 -5 -25
right_child=1 3 12 10 8 11 7 -9 17 20 19 15 27 -15 21 -17 24 -19 -20 -21 -22 -23 -24 29 -26 -27 -28 -29 -30 -31
leaf_value=-0.0028936744703659777 6.6144987679227042e-05 -0.00084506806862926257 -0.0013440207155641505 -0.00025844353221831832 0.00095129195172314089 -0.00010017028183566192 0.00025104492655451347 -0.00010170295170447278 0.0013739485096693283 0.00068358471968168197 0.00091888011842801301 0.00058733103857833949 -0.00047092328577450919 -0.00030347358418983422 0.00065350482527043062 0.0011542307904960664 -0.0015400107979297766 0.0019816588755572364 0.0011297014784448129 0.0017149328733649305 0.00082857275404848638 0.0017633463997317818 0.00039730332513037802 0.00037915834600454066 -0.001924291874458363 0.0016682293700219565 -0.0016276407636210679 -0.0011489168821380957 0.00022255815997571324 0.00053785577055342668
leaf_weight=6003 304 346 614 65 4877 216 4018 4293 1325 5035 540 443 67 1515 1109 409 492 236 3610 170 5902 44 786 973 1301 74 945 183 202 1711
leaf_count=6003 304 346 614 65 4877 216 4018 4293 1325 5035 540 443 67 1515 1109 409 492 236 3610 170 5902 44 786 973 1301 74 945 183 202 1711
internal_value=5.2546e-07 0.000609853 -0.00242248 0.000183082 0.000862967 6.96774e-05 -1.82035e-05 6.82344e-05 0.00109686 0.000693829 0.00079957 0.000554509 -0.00163575 -0.000406894 0.000588494 0.000865441 -0.00168258 0.00146915 0.00102778 0.00117538 0.00076229 0.000700343 0.000285075 0.000441551 -0.00182173 0.00101759 -0.00151924 -0.000987468 8.66879e-05 0.000482204
internal_weight=47808 38203 9605 14230 23973 12026 10172 8311 10048 13925 2204 1854 3602 1861 1420 852 3352 1561 8487 784 10937 1153 1002 2988 1793 614 1559 250 267 2684
internal_count=47808 38203 9605 14230 23973 12026 10172 8311 10048 13925 2204 1854 3602 1861 1420 852 3352 1561 8487 784 10937 1153 1002 2988 1793 614 1559 250 267 2684
is_linear=0
shrinkage=0.05


Tree=53
num_leaves=31
num_cat=0
split_feature=0 3 10 0 5 0 0 0 0 0 11 11 0 10 3 3 1 0 1 1 0 3 3 0 0 0 5 5 0 0
split_gain=25.482 1.50765 1.27581 0.355148 0.281769 0.120146 0.0972858 0.095499 0.0795881 0.0576142 0.0526165 0.045598 0.0437199 0.043491 0.0425597 0.0419174 0.0343326 0.0318969 0.0315062 0.0300324 0.0282612 0.0280647 0.0275922 0.0264225 0.025828 0.0201112 0.0172354 0.0162945 0.00969552 0.00866084
threshold=1.0000000180025095e-35 2.5000000000000004 1.0000000180025095e-35 0.5928499996662141 0.90000000596046459 0.60734999179840099 0.55695000290870678 0.66104999184608471 0.62174999713897716 0.6675499975681306 1.0000000180025095e-35 0.020499999634921554 0.55215001106262218 6.2744998931884775 50.500000000000007 23.500000000000004 0.58571431040763866 0.56334999203681957 0.46428571641445165 0.91666665673255932 0.52364999055862438 27.500000000000004 31.500000000000004 0.66255000233650219 0.61865001916885387 0.71889999508857738 0.98450002074241649 0.77300000190734874 0.575850009918213 0.70544999837875377
decision_type=2 2 2 2 2 2 2 2 2 2 2 2 2 2 2 2 2 2 2 2 2 2 2 2 2 2 2 2 2 2
left_child=2 3 -1 6 5 12 13 11 15 14 28 24 -3 20 -7 17 21 -6 -13 -14 -2 27 23 -10 -5 -9 -12 -4 -8 -11
right_child=1 4 16 7 8 9 10 25 22 29 26 18 19 -15 -16 -17 -18 -19 -20 -21 -22 -23 -24 -25 -26 -27 -28 -29 -30 -31
leaf_value=-0.0027489931245824268 0.00026499505640834687 -0.00067142583156278208 -0.0014675026125308866 0.00094335100653741757 -4.4697575920584193e-06 0.00013656661821269636 0.00070645785675911663 0.0014642082602637123 0.00079066680735307478 0.00055005173515745897 0.00011748380030233727 0.00032151665796141716 -0.00020198122879715684 -0.00019636329422802483 -0.00050049735301841141 -4.0201323766140271e-05 0 0.00053013152637011133 0.00091283570352903784 0.00027776473509866532 0.00056385463595506132 -0.0017405993139437113 0.00036523469538929257 0.001451024704399669 0.0011402963442489831 0.0026447242735596951 0.00078999608716832622 -0.00075959575931755562 0.00082133960108879173 0.0012690350137812539
leaf_weight=6003 1054 474 1861 4973 316 3326 4537 832 667 484 468 454 3631 219 282 576 32 1590 526 350 4336 1592 278 235 3155 50 129 117 5200 61
leaf_count=6003 1054 474 1861 4973 316 3326 4537 832 667 484 468 454 3631 219 282 576 32 1590 526 350 4336 1592 278 235 3155 50 129 117 5200 61
internal_value=5.31057e-07 0.000579448 -0.00230152 0.000795538 0.000122323 -3.34138e-05 0.000648214 0.00103014 0.00048976 0.000159366 0.000740103 0.000980487 -0.000214247 0.000478016 8.53757e-05 0.000325688 -0.00155432 0.00043888 0.00064406 -0.000158541 0.000506347 -0.00156895 0.000830575 0.000968396 0.00102043 0.00153709 0.000271282 -0.0014282 0.000768331 0.000639916
internal_weight=47808 38203 9605 25933 12270 8608 15943 9990 3662 4153 10334 9108 4455 5609 3608 2482 3602 1906 980 3981 5390 3570 1180 902 8128 882 597 1978 9737 545
internal_count=47808 38203 9605 25933 12270 8608 15943 9990 3662 4153 10334 9108 4455 5609 3608 2482 3602 1906 980 3981 5390 3570 1180 902 8128 882 597 1978 9737 545
is_linear=0
shrinkage=0.05


Tree=54
num_leaves=31
num_cat=0
split_feature=0 3 10 0 9 0 0 0 0 3 11 1 3 0 11 9 9 1 0 0 7 9 5 11 0 0 0 5 0 3
split_gain=23.0002 1.36078 1.15076 0.320486 0.294235 0.109252 0.0909313 0.0879981 0.0860674 0.0810515 0.0661875 0.0540921 0.0504684 0.0484631 0.0409084 0.0336863 0.03082 0.0283125 0.0263335 0.0233601 0.0211775 0.020931 0.0206363 0.0192342 0.0184154 0.0168134 0.0140232 0.0132884 0.012287 0.0114003
threshold=1.0000000180025095e-35 2.5000000000000004 1.0000000180025095e-35 0.5928499996662141 5.5044999122619638 0.64074999094009411 0.65125000476837169 0.53904998302459728 0.66104999184608471 36.500000000000007 1.0000000180025095e-35 0.61250001192092907 50.500000000000007 0.58165001869201671 0.020499999634921554 7.1264998912811288 8.4025001525878924 0.46428571641445165 0.57005000114440929 0.62344998121261608 1.0000000180025095e-35 7.5030000209808358 0.9805000126361848 0.19549999386072162 0.70544999837875377 0.69369998574256908 0.68244999647140514 0.73399999737739574 0.49175000190734869 50.500000000000007
decision_type=2 2 2 2 2 2 2 2 2 2 2 2 2 2 2 2 2 2 2 2 2 2 2 2 2 2 2 2 2 2
left_child=2 3 -1 7 6 9 12 23 14 11 18 -6 13 -3 19 20 -11 -16 -9 -5 29 25 -12 28 -10 -7 -8 -22 -2 -4
right_child=1 4 15 8 5 21 26 10 24 16 22 -13 -14 -15 17 -17 -18 -19 -20 -21 27 -23 -24 -25 -26 -27 -28 -29 -30 -31
leaf_value=-0.0026115457995227009 -4.0872898865164949e-05 -0.00036488103142746865 -0.0013121721202503398 0.00090587187259976397 0.00027300973448069052 0.00066366730042593581 0.00022964571925729161 0.000611786112614916 0.0013661504262968902 -0.00026382971627392216 4.3174287829528248e-05 0.00070681890225226434 -0.00076252624150507334 -3.8292258214097922e-05 0.000305444365571472 -0.00086114689798024238 0.00078428487102813168 0.00086720259384032909 0.0007634820852636282 0.0011020953265064094 -0.0016877652591432432 0.0014778228069477206 0.00068540592649852204 -0.00041444849763059465 0.0022332714790980709 0.0014058034910825164 0.00067748634473479988 -0.00093519575918887604 0.00039375076552096227 -0.0019037996164969343
leaf_weight=6003 153 1573 1429 5521 2506 564 674 5900 792 706 569 1050 335 4246 454 245 76 526 6824 2607 1703 162 168 76 90 108 270 93 2253 132
leaf_count=6003 153 1573 1429 5521 2506 564 674 5900 792 706 569 1050 335 4246 454 245 76 526 6824 2607 1703 162 168 76 90 108 270 93 2253 132
internal_value=5.54981e-07 0.000550562 -0.00218651 0.00075586 0.00011625 0.000403262 -9.21819e-05 0.000615867 0.000978765 0.00030078 0.000666696 0.000402525 -0.000162836 -0.00012744 0.000931547 -0.00147672 -0.000155487 0.000612119 0.00069354 0.000969437 -0.00152013 0.000930221 0.000196428 0.000338166 0.00146054 0.00079057 0.00036309 -0.00165163 0.000364034 -0.00136552
internal_weight=47808 38203 9605 25933 12270 5172 7098 15943 9990 4338 13461 3556 6154 5819 9108 3602 782 980 12724 8128 3357 834 737 2482 882 672 944 1796 2406 1561
internal_count=47808 38203 9605 25933 12270 5172 7098 15943 9990 4338 13461 3556 6154 5819 9108 3602 782 980 12724 8128 3357 834 737 2482 882 672 944 1796 2406 1561
is_linear=0
shrinkage=0.05


Tree=55
num_leaves=31
num_cat=0
split_feature=0 3 10 0 9 0 0 0 3 10 0 5 11 3 0 9 9 9 0 2 3 0 7 0 3 5 12 0 0 5
split_gain=20.7611 1.22806 1.03759 0.290543 0.266771 0.115758 0.0989901 0.0668636 0.0654655 0.0605008 0.0552913 0.0522143 0.0376637 0.0362154 0.0354912 0.0319917 0.0304936 0.0288844 0.0272654 0.0240966 0.0214718 0.0210324 0.0185961 0.0185759 0.0162794 0.0157801 0.0134507 0.0111082 0.0101289 0.0100404
threshold=1.0000000180025095e-35 2.5000000000000004 1.0000000180025095e-35 0.5806500017642976 6.4094998836517343 0.64235001802444469 0.63554999232292186 0.62115001678466808 31.500000000000004 5.9059998989105233 0.53554999828338634 0.70649999380111705 1.0000000180025095e-35 50.500000000000007 0.68505001068115245 7.0304999351501474 6.7300000190734872 4.1890001296997079 0.56395000219345104 1.0000000180025095e-35 50.500000000000007 0.60205000638961803 1.0000000180025095e-35 0.67965000867843639 46.500000000000007 0.99050000309944164 0.0089731207117438334 0.66975000500679027 0.56395000219345104 0.81949999928474437
decision_type=2 2 2 2 2 2 2 2 2 2 2 2 2 2 2 2 2 2 2 2 2 2 2 2 2 2 2 2 2 2
left_child=2 3 -1 9 5 8 12 13 11 10 -2 -3 21 18 26 -14 22 27 -6 -10 23 -5 -4 -9 -19 -11 -8 -7 -12 -24
right_child=1 4 16 6 7 17 14 20 19 25 28 -13 15 -15 -16 -17 -18 24 -20 -21 -22 -23 29 -25 -26 -27 -28 -29 -30 -31
leaf_value=-0.0024809707755244666 0.00031532890260223056 -0.00013856374439941575 -0.001304282320489115 0.00077164891535586521 0 5.0840004520339955e-05 0.0011386491659287127 0.00081409036791606465 -4.8495136747476579e-05 -8.8070828378250667e-05 0.00055530721381805896 0.00019512618410125836 0.0003563495952116695 -0.00032676349756366929 0.0017409271900358384 0.0010694384603910855 -0.00091569110320960259 0.00073514445085264848 0.00048465985934251855 -0.00040922530849518322 5.5197332076164981e-05 0.00092706768174557292 -0.0016037418955126117 0.0015399275275700887 0 0.00064261440069005157 0.00073112572065934546 0.00041861846709033272 0.00067138801311692647 -0.0007180168204222137
leaf_weight=6003 1985 2932 1509 6046 343 646 2050 785 657 470 4853 1952 820 177 261 210 346 526 1729 1887 92 4339 1693 122 92 87 309 330 4503 54
leaf_count=6003 1985 2932 1509 6046 343 646 2050 785 657 470 4853 1952 820 177 261 210 346 526 1729 1887 92 4339 1693 122 92 87 309 330 4503 54
internal_value=5.59046e-07 0.000523115 -0.00207732 0.000718146 0.0001105 -2.88631e-05 0.000872807 0.000499139 -0.000112343 0.00053528 0.000560285 -4.1721e-06 0.000807705 0.000344139 0.00115449 0.00050668 -0.00140317 0.000356996 0.000403877 -0.000318036 0.00084301 0.000837075 -0.00145341 0.000917393 0.000627816 1.71776e-05 0.00108742 0.000180344 0.000611717 -0.00157927
internal_weight=47808 38203 9605 25933 12270 9022 14035 3248 7428 11898 11341 4884 11415 2249 2620 1030 3602 1594 2072 2544 999 10385 3256 907 618 557 2359 976 9356 1747
internal_count=47808 38203 9605 25933 12270 9022 14035 3248 7428 11898 11341 4884 11415 2249 2620 1030 3602 1594 2072 2544 999 10385 3256 907 618 557 2359 976 9356 1747
is_linear=0
shrinkage=0.05


Tree=56
num_leaves=31
num_cat=0
split_feature=11 1 1 3 8 3 3 1 1 8 3 1 8 1 3 9 9 8 3 3 3 9 5 8 1 9 9 3 8 8
split_gain=1.16065 0.326686 0.317367 0.153428 0.0820081 0.0753308 0.0631762 0.0493471 0.0467721 0.046008 0.0330565 0.101411 0.0295954 0.0271183 0.0270642 0.0269273 0.0215408 0.02201 0.0200889 0.0581912 0.0174721 0.0173696 0.0143948 0.0130561 0.0121213 0.0118795 0.0113832 0.0108323 0.0104038 0.00978156
threshold=5.8960001468658456 0.53571429848670971 0.30952382087707525 37.500000000000007 0.067424245178699507 10.500000000000002 50.500000000000007 0.91666665673255932 0.26785714924335485 0.077935222536325469 1.5000000000000002 0.21111111342906955 0.080322578549385085 0.30952382087707525 3.5000000000000004 9.3874998092651385 8.0085000991821307 0.033908046782016761 49.500000000000007 32.500000000000007 50.500000000000007 7.5030000209808358 0.81949999928474437 0.17316342145204547 0.91666665673255932 7.3754999637603769 1.0000000180025095e-35 42.500000000000007 0.23303167521953586 0.044949496164917953
decision_type=2 2 2 2 2 2 2 2 2 2 2 2 2 2 2 2 2 2 2 2 2 2 2 2 2 2 2 2 2 2
left_child=1 3 6 4 10 9 14 12 15 21 -1 -12 20 -6 -2 22 17 27 19 -16 26 24 -5 -9 -3 -15 -4 -7 -11 -10
right_child=2 5 7 8 13 16 -8 23 29 28 11 -13 -14 25 18 -17 -18 -19 -20 -21 -22 -23 -24 -25 -26 -27 -28 -29 -30 -31
leaf_value=8.9495825617762019e-05 -0.00042645624434430442 0.00041480979563436241 -0.00026816182717959603 -0.001098775683196273 0.00017775794175806345 0.00019822918822741989 -0.0015713710672610637 0.00024312106414255309 -0.0003062027120578279 0.0010761474907465649 -0.00040652452992354034 0.00012931379209690447 0.00028428512336953069 0.00053363956510560091 -0.00079777027160600326 0.00028125842834967181 0.0011413017395825243 0.00048921063834418287 -0.00065053782291513975 -0.001557358864094838 -0.00088228953949353629 0.0011916469376072793 -0.0005189051271677871 0.0015154510962240625 0.00082215044021685451 0.0010445729488502127 0.00062468684179246923 -0.00025105424310115884 0.0017181258623255227 9.9080587150996992e-05
leaf_weight=30399 629 635 1944 352 544 539 259 488 416 406 1393 2394 242 664 2186 47 83 693 1649 305 124 143 215 23 328 175 33 171 121 208
leaf_count=30399 629 635 1944 352 544 539 259 488 416 406 1393 2394 242 664 2186 47 83 693 1649 305 124 143 215 23 328 175 33 171 121 208
internal_value=5.73629e-07 0.00011014 -0.000553791 6.83516e-05 8.7516e-05 0.000601658 -0.00079302 -0.000130566 -0.000478185 0.000838165 7.20718e-05 -6.64728e-05 -0.000228895 0.00046563 -0.000749668 -0.000790178 0.000338351 0.000287208 -0.000797555 -0.000892841 -0.000290395 0.000645256 -0.000887842 0.000310456 0.000558813 0.000646281 -0.000250699 8.29601e-05 0.00123333 -0.000163103
internal_weight=47808 39926 7882 36807 35569 3119 5028 2854 1238 1633 34186 3787 2343 1383 4769 614 1486 1403 4140 2491 2101 1106 567 511 963 839 1977 710 527 624
internal_count=47808 39926 7882 36807 35569 3119 5028 2854 1238 1633 34186 3787 2343 1383 4769 614 1486 1403 4140 2491 2101 1106 567 511 963 839 1977 710 527 624
is_linear=0
shrinkage=0.05


Tree=57
num_leaves=31
num_cat=0
split_feature=0 3 10 0 9 0 0 0 0 0 3 10 11 8 0 0 1 1 9 0 3 0 9 0 0 11 8 1 7 0
split_gain=18.537 1.08023 1.01185 0.261339 0.223601 0.123953 0.0823229 0.0653513 0.0592364 0.0530872 0.0527499 0.0457829 0.0438851 0.0372134 0.0368111 0.0320234 0.028958 0.026029 0.0245487 0.0185473 0.0163643 0.0155678 0.0152762 0.013741 0.0134893 0.0128031 0.0115936 0.00980904 0.00963414 0.00962472
threshold=1.0000000180025095e-35 2.5000000000000004 1.0000000180025095e-35 0.58525002002716076 7.0034999847412118 0.60734999179840099 0.66104999184608471 0.6658499836921693 0.53554999828338634 0.55474999547004711 19.500000000000004 5.9059998989105233 1.0000000180025095e-35 0.13100686669349673 0.59874999523162853 0.61194998025894176 0.91666665673255932 0.46428571641445165 8.0085000991821307 0.70544999837875377 11.500000000000002 0.71889999508857738 8.0085000991821307 0.56395000219345104 0.55215001106262218 0.19549999386072162 1.0000000180025095e-35 0.61250001192092907 1.0000000180025095e-35 0.49175000190734869
decision_type=2 2 2 2 2 2 2 2 2 2 2 2 2 2 2 2 2 2 2 2 2 2 2 2 2 2 2 2 2 2
left_child=2 3 -1 8 5 9 12 10 25 -3 -7 23 15 -11 24 -5 18 -14 20 -9 -4 -8 27 -10 -6 29 -13 -16 -22 -2
right_child=1 4 16 6 14 7 21 19 11 13 -12 26 17 -15 22 -17 -18 -19 -20 -21 28 -23 -24 -25 -26 -27 -28 -29 -30 -31
leaf_value=-0.0023613989581856691 -5.9058601295579764e-05 -0.00057475195355802592 -0.0011553936387818028 0.0007645557501863888 -0.00013637156905744641 0.00029346142184168058 0.0012511281779464751 0.00051502304029294344 0.00052306772577984226 -0.00012752766751705766 -5.6343756442962087e-05 -4.9324841228206239e-05 0.0002352204161834507 0.00042717688591160751 0.00048337246854959017 0.00095268318890399809 0.00041839644678900783 0.00072831550424690247 -0.00056329875017894289 0.0012954614870819968 -0.0012832702666284591 0.0023024487296145354 0.0010955554847628371 0.00064607321008364768 0.0004360162587225306 -0.00037666700572023892 0.00040129877881131255 0.00094381976997966785 -0.0015421527888741385 0.0003274247230655381
leaf_weight=6003 153 646 1148 6414 106 2151 832 671 4853 4440 2121 345 541 321 416 4099 20 617 130 99 1090 50 377 5902 696 67 226 226 1214 1834
leaf_count=6003 153 646 1148 6414 106 2151 832 671 4853 4440 2121 345 541 321 416 4099 20 617 130 99 1090 50 377 5902 696 67 226 226 1214 1834
internal_value=5.76669e-07 0.000494355 -0.00196284 0.000677275 0.000107339 1.77384e-05 0.000841801 0.000196499 0.000522538 -0.000148031 0.000118619 0.000567751 0.000805477 -8.90696e-05 0.000618695 0.00083839 -0.00129719 0.000502307 -0.00130817 0.000622013 -0.00133476 0.00131665 0.000821963 0.000591039 0.000354123 0.000270782 0.000120315 0.00065337 -0.00142191 0.000295148
internal_weight=47808 38203 9605 25933 12270 10449 12553 5042 13380 5407 4272 11326 11671 4761 1821 10513 3602 1158 3582 770 3452 882 1019 10755 802 2054 571 642 2304 1987
internal_count=47808 38203 9605 25933 12270 10449 12553 5042 13380 5407 4272 11326 11671 4761 1821 10513 3602 1158 3582 770 3452 882 1019 10755 802 2054 571 642 2304 1987
is_linear=0
shrinkage=0.05


Tree=58
num_leaves=31
num_cat=0
split_feature=0 3 10 0 5 0 0 0 0 3 11 1 0 11 3 1 12 0 5 0 3 0 8 8 5 0 0 5 7 0
split_gain=16.7318 0.974802 0.912565 0.236662 0.19163 0.084068 0.0666976 0.0649505 0.0644581 0.0458352 0.0416338 0.0409809 0.0407392 0.0318274 0.0311142 0.0263903 0.0244286 0.0226203 0.0219605 0.0209087 0.0204191 0.0173462 0.0164561 0.0152522 0.0137026 0.0117355 0.010719 0.0098968 0.0087294 0.00862356
threshold=1.0000000180025095e-35 2.5000000000000004 1.0000000180025095e-35 0.5928499996662141 0.88650000095367443 0.5920500159263612 0.55285000801086437 0.6675499975681306 0.58245000243186962 50.500000000000007 1.0000000180025095e-35 0.91666665673255932 0.6545500159263612 0.053500000387430198 35.500000000000007 0.91666665673255932 0.016551755368709568 0.55215001106262218 0.91850000619888317 0.62344998121261608 11.500000000000002 0.51274999976158153 0.15075758099555972 0.15504807978868487 0.98450002074241649 0.54304999113082897 0.71889999508857738 0.86599999666214 1.0000000180025095e-35 0.57424998283386242
decision_type=2 2 2 2 2 2 2 2 2 2 2 2 2 2 2 2 2 2 2 2 2 2 2 2 2 2 2 2 2 2
left_child=2 3 -1 6 5 17 16 13 23 12 29 14 -7 19 -10 20 21 -3 -15 -5 27 -2 -19 25 -12 -6 -9 -4 -22 -8
right_child=1 4 15 7 8 9 10 26 11 -11 24 -13 -14 18 -16 -17 -18 22 -20 -21 28 -23 -24 -25 -26 -27 -28 -29 -30 -31
leaf_value=-0.0022433310154883097 0.00012417227935615328 -0.00058081536589764133 -0.0010832010397112545 0.00077208121670181088 -0.00060700164305265976 5.8654904355060156e-05 0.00055826103390930657 0.0012535269778141654 0.00050569750583519767 -0.00040529362684064128 6.0668693167090373e-05 0.00094142369541750596 0.00044168998211469295 0.00032320791054092374 1.6194897934708184e-05 0.00039758071423837203 -0.00021619031046382758 -0.00021841931676029781 0.00082505274787055298 0.00095243760447241428 -0.0012058213459040983 0.0004233876125708119 0.00044765627627482441 0.00056851248156770408 0.00064014209603153798 2.1373955841072396e-05 0.0021875560997488969 -0.00015008694156929694 -0.001450341469777311 0.00066092263687471224
leaf_weight=6003 609 464 1168 5528 81 4340 4888 589 1999 445 513 482 838 620 413 20 165 2223 388 2815 1123 3932 92 119 136 774 50 42 1249 5700
leaf_count=6003 609 464 1168 5528 81 4340 4888 589 1999 445 513 482 838 620 413 20 165 2223 388 2815 1123 3932 92 119 136 774 50 42 1249 5700
internal_value=5.79809e-07 0.000469704 -0.00186478 0.00064347 0.000102035 -3.14853e-05 0.000523057 0.000835129 0.00039335 7.90227e-05 0.000589958 0.0005119 0.000121618 0.000800438 0.000423958 -0.00123247 0.000362241 -0.00025688 0.000521401 0.000833545 -0.00124298 0.000384364 -0.000189771 3.59589e-05 0.000189882 -3.23731e-05 0.00133477 -0.00105496 -0.00133674 0.000614006
internal_weight=47808 38203 9605 25933 12270 8402 15943 9990 3868 5623 11237 2894 5178 9351 2412 3602 4706 2779 1008 8343 3582 4541 2315 974 649 855 639 1210 2372 10588
internal_count=47808 38203 9605 25933 12270 8402 15943 9990 3868 5623 11237 2894 5178 9351 2412 3602 4706 2779 1008 8343 3582 4541 2315 974 649 855 639 1210 2372 10588
is_linear=0
shrinkage=0.05


Tree=59
num_leaves=31
num_cat=0
split_feature=0 3 10 0 5 11 0 0 10 0 0 5 0 3 3 5 0 0 3 3 0 3 5 0 0 0 0 7 2 0
split_gain=15.1028 0.882974 0.82299 0.219454 0.136779 0.0744957 0.0738255 0.0680307 0.0609463 0.0572949 0.0468617 0.0368074 0.0340994 0.0330324 0.0304645 0.0300419 0.028882 0.0284056 0.0245152 0.0215373 0.0215372 0.0158527 0.0123912 0.0111756 0.0110417 0.0108869 0.0101212 0.00928834 0.00963113 0.00821519
threshold=1.0000000180025095e-35 4.5000000000000009 1.0000000180025095e-35 0.58525002002716076 0.85750001668930065 0.053500000387430198 0.6740500032901765 0.61044999957084667 1.0000000180025095e-35 0.59565001726150524 0.53554999828338634 0.99549999833107006 0.61364999413490307 35.500000000000007 50.500000000000007 0.9924999773502351 0.6675499975681306 0.66414999961853038 50.500000000000007 8.5000000000000018 0.56804999709129345 30.500000000000004 0.81949999928474437 0.55645000934600841 0.71889999508857738 0.5644499957561494 0.560350000858307 1.0000000180025095e-35 1.0000000180025095e-35 0.49175000190734869
decision_type=2 2 2 2 2 2 2 2 2 2 2 2 2 2 2 2 2 2 2 2 2 2 2 2 2 2 2 2 2 2
left_child=2 3 -1 5 7 10 8 14 12 21 29 -10 -5 17 20 26 18 -11 -9 -4 -3 23 27 -6 -8 -12 -7 28 -21 -2
right_child=1 4 19 6 9 15 24 16 11 13 25 -13 -14 -15 -16 -17 -18 -19 -20 22 -22 -23 -24 -25 -26 -27 -28 -29 -30 -31
leaf_value=-0.0021311662557251944 -6.2312168131877787e-05 -0.00038165631221365984 -0.00094556741634980101 0.00069328958212174429 -0.00018258044138209806 -0.00026455478819200717 0.0012320907824334385 9.4237533960921213e-05 0.0003763508165778448 0.00048991382723444817 0.00047364371463764956 0.0010346202540525591 0.00088332067561183074 9.5902054045900938e-05 -0.00068206986613474215 0.00065415761587487914 0.00047945432948510162 0.0010944427968640877 -0.0004375110332213982 -0.0010777021602750975 -8.7687719036038693e-05 -0.00027040788740283482 -0.00062074986298071345 0.00022424573256834592 0.0021259575652635035 0.0005839741021220425 7.2934618845453956e-05 -0.0013861410894066256 -0.0016003665981513199 0.00029358120338150148
leaf_weight=6003 153 823 960 6668 193 366 455 2633 1774 1511 4970 255 4194 481 303 175 459 244 234 1048 2894 276 106 922 58 5799 531 1339 149 1832
leaf_count=6003 153 823 960 6668 193 366 455 2633 1774 1511 4970 255 4194 481 303 175 459 244 234 1048 2894 276 106 922 58 5799 531 1339 149 1832
internal_value=6.0354e-07 0.000446312 -0.00177163 0.000598927 6.71315e-05 0.000458216 0.000743692 -5.6332e-05 0.000719432 0.000318564 0.000491913 0.000461592 0.000767132 0.00047565 -0.000195183 5.26304e-05 0.000109989 0.000576869 4.90794e-05 -0.00117099 -0.00015413 6.24406e-05 -0.00125097 0.000149333 0.00134329 0.000533525 -5.92107e-05 -0.00127532 -0.00114707 0.000263629
internal_weight=47808 38203 9605 27230 10973 13826 13404 7346 12891 3627 12754 2029 10862 2236 4020 1072 3326 1755 2867 3602 3717 1391 2642 1115 513 10769 897 2536 1197 1985
internal_count=47808 38203 9605 27230 10973 13826 13404 7346 12891 3627 12754 2029 10862 2236 4020 1072 3326 1755 2867 3602 3717 1391 2642 1115 513 10769 897 2536 1197 1985
is_linear=0
shrinkage=0.05


Tree=60
num_leaves=31
num_cat=0
split_feature=0 3 10 0 9 0 0 10 1 10 9 0 9 0 0 3 1 9 8 9 0 0 12 3 7 0 3 0 3 0
split_gain=13.6327 0.797107 0.741946 0.198457 0.161289 0.0836131 0.074982 0.0636986 0.0497447 0.0473083 0.0429066 0.0417048 0.0373994 0.0357539 0.0277954 0.025348 0.0237949 0.0218866 0.019402 0.0183363 0.0180493 0.0167027 0.0154422 0.0143981 0.0126294 0.0126179 0.00956947 0.00920533 0.0091843 0.00767646
threshold=1.0000000180025095e-35 4.5000000000000009 1.0000000180025095e-35 0.57945001125335704 6.5004999637603769 0.65125000476837169 0.63924998044967662 5.9059998989105233 0.81666666269302379 1.0000000180025095e-35 8.0085000991821307 0.57464998960495006 7.0304999351501474 0.53554999828338634 0.68854999542236339 35.500000000000007 0.58571431040763866 8.0085000991821307 0.086335405707359328 4.1010000705719003 0.62804999947547924 0.60245001316070568 0.0089731207117438334 50.500000000000007 1.0000000180025095e-35 0.58134999871253978 32.500000000000007 0.63214999437332164 42.500000000000007 0.49795000255107885
decision_type=2 2 2 2 2 2 2 2 2 2 2 2 2 2 2 2 2 2 2 2 2 2 2 2 2 2 2 2 2 2
left_child=2 3 -1 7 5 8 9 13 11 21 15 -3 -11 29 22 20 17 23 -9 -7 -6 -5 -8 24 -4 -12 -10 -17 -21 -2
right_child=1 4 16 6 10 19 14 18 26 12 25 -13 -14 -15 -16 27 -18 -19 -20 28 -22 -23 -24 -25 -26 -27 -28 -29 -30 -31
leaf_value=-0.0020246098270809408 2.0399817504889583e-06 -0.00041271923109601166 -0.00098526654498815361 0.00062265629146571969 0.00029820050924566434 0.00017751911952299066 0.00095684044043109213 -0.0001042635465783207 0.00043610684261218436 0.00028312848642338562 0.00028454601959075355 -8.6492053310130668e-05 0.00086481734879151556 0.00049051083216165934 0.0014954907768576315 -0.0001887061829315851 0.00010932266962064598 -0.00042123591315088851 0.00049469027417359506 0.00071767801255176705 0.00072297088603745854 0.00075740449624973416 0.0005913001825341408 -0.0015223196120521245 -0.0012195784581054284 0.00094780865361279428 1.7604350270591048e-05 0.00032986253068064851 9.8964682011816119e-05 0.0002922458070288828
leaf_weight=6003 304 1220 1466 6461 1292 667 1771 723 446 1491 115 5351 357 9028 235 305 32 129 166 370 344 4568 445 310 1665 418 234 116 95 1681
leaf_count=6003 304 1220 1466 6461 1292 667 1771 723 446 1491 115 5351 357 9028 235 305 32 129 166 370 344 4568 445 310 1665 418 234 116 95 1681
internal_value=5.83889e-07 0.00042405 -0.00168318 0.000569056 6.37524e-05 -4.22601e-05 0.000688499 0.000414807 -0.000105187 0.000639037 0.0004088 -0.000147827 0.000398246 0.000447676 0.000946284 0.000301299 -0.00111273 -0.00112509 1.9965e-06 0.000356371 0.000390611 0.000678926 0.000885722 -0.00115001 -0.0011115 0.000814163 0.000299468 -3.39046e-05 0.000602073 0.000250322
internal_weight=47808 38203 9605 27230 10973 8383 15328 11902 7251 12877 2590 6571 1848 11013 2451 2057 3602 3570 889 1132 1636 11029 2216 3441 3131 533 680 421 465 1985
internal_count=47808 38203 9605 27230 10973 8383 15328 11902 7251 12877 2590 6571 1848 11013 2451 2057 3602 3570 889 1132 1636 11029 2216 3441 3131 533 680 421 465 1985
is_linear=0
shrinkage=0.05


Tree=61
num_leaves=31
num_cat=0
split_feature=0 3 11 0 9 11 0 0 0 11 0 1 5 1 1 3 8 9 1 0 9 5 1 3 0 0 0 9 9 0
split_gain=12.3058 0.722009 0.665244 0.181562 0.125449 0.0988322 0.0615084 0.0561587 0.0537117 0.0513748 0.0478513 0.0463369 0.0422466 0.0368876 0.0446817 0.0364491 0.0363245 0.0298673 0.0220968 0.022094 0.019812 0.0159819 0.0147667 0.013766 0.0131817 0.0114618 0.0110358 0.00910754 0.00901563 0.00871985
threshold=1.0000000180025095e-35 6.5000000000000009 1.0000000180025095e-35 0.60295000672340404 5.5044999122619638 1.0000000180025095e-35 0.54895001649856578 0.63625001907348644 0.67965000867843639 1.0000000180025095e-35 0.6569499969482423 0.53571429848670971 0.9924999773502351 1.0000000180025095e-35 0.30952382087707525 50.500000000000007 0.030776515603065494 7.3385000228881845 0.91666665673255932 0.560350000858307 8.0085000991821307 0.81949999928474437 0.13392857462167743 51.500000000000007 0.5774500072002412 0.50575000047683727 0.64305001497268688 7.3125000000000009 8.2465000152587908 0.71889999508857738
decision_type=2 2 2 2 2 2 2 2 2 2 2 2 2 2 2 2 2 2 2 2 2 2 2 2 2 2 2 2 2 2
left_child=2 3 -1 5 10 6 25 15 9 26 13 -11 19 16 -15 17 -3 -6 20 -7 21 22 -4 28 -8 -2 -5 -14 -9 -10
right_child=1 4 18 8 7 12 24 23 29 11 -12 -13 27 14 -16 -17 -18 -19 -20 -21 -22 -23 -24 -25 -26 -27 -28 -29 -30 -31
leaf_value=-0.0019219580603485557 6.1463211158331804e-05 0.00018468044951048919 -0.0010738442573180397 0.00072579874218416606 0.00012064208758298886 -0.00024875706331170213 0.00048255712786174462 0.00063367538125072369 0.001152935571323535 0.00027710829478275672 0.00028165904522141041 0.00079453370793627865 0.00044663248027056483 -0.0005177221709913968 -0.00013583733132315772 -0.00028884936841191912 -0.00069529021547842297 0.0005037375809403944 0.00042893296589528149 0.00014171095069740822 -0.00039785772088871628 -0.00049244620680437441 -0.0014832057746982741 5.2973058245440598e-05 0.00058874202208278987 0.00034189911600209931 0.00090881350389166577 0.0010798057067893487 0.0012765563118932871 0.0019470651240621661
leaf_weight=6010 457 1023 2990 4775 2037 470 6483 585 360 1257 668 701 253 1060 2984 394 131 705 20 1521 130 137 318 106 7162 3469 1353 102 82 65
leaf_count=6010 457 1023 2990 4775 2037 470 6483 585 360 1257 668 701 253 1060 2984 394 131 705 20 1521 130 137 318 106 7162 3469 1353 102 82 65
internal_value=6.17865e-07 0.000402953 -0.0015991 0.000530425 3.17214e-05 0.000447162 0.000487976 0.000251541 0.000724678 0.00069451 -0.000113912 0.000464941 0.00013934 -0.000165714 -0.000237182 0.000155323 8.04038e-05 0.000220979 -0.00105793 4.70171e-05 -0.00106766 -0.00109147 -0.00111475 0.00063535 0.000538662 0.000310531 0.000767037 0.000642892 0.000720385 0.00128658
internal_weight=47808 38203 9605 28428 9775 19917 17571 3909 8511 8086 5866 1958 2346 5198 4044 3136 1154 2742 3595 1991 3575 3445 3308 773 13645 3926 6128 355 667 425
internal_count=47808 38203 9605 28428 9775 19917 17571 3909 8511 8086 5866 1958 2346 5198 4044 3136 1154 2742 3595 1991 3575 3445 3308 773 13645 3926 6128 355 667 425
is_linear=0
shrinkage=0.05


Tree=62
num_leaves=31
num_cat=0
split_feature=0 3 10 0 0 11 0 12 1 3 11 0 0 0 0 1 1 1 1 0 0 3 3 11 0 7 0 11 0 10
split_gain=11.108 0.651744 0.603597 0.163841 0.0885024 0.0805008 0.0691401 0.0726227 0.0589076 0.0545638 0.0518989 0.0348734 0.0302544 0.024197 0.0211395 0.0231782 0.0201305 0.0194816 0.017795 0.0174344 0.0173224 0.0171951 0.0117094 0.0103027 0.00844357 0.0066522 0.00643942 0.00582112 0.00558937 0.00481338
threshold=1.0000000180025095e-35 7.5000000000000009 1.0000000180025095e-35 0.58024999499320995 0.65944999456405651 0.053500000387430198 0.65944999456405651 0.0089731207117438334 0.46428571641445165 33.500000000000007 5.8960001468658456 0.5855500102043153 0.53554999828338634 0.60864999890327465 0.54815000295639049 1.0000000180025095e-35 0.91666665673255932 1.0000000180025095e-35 0.46428571641445165 0.70544999837875377 0.70544999837875377 27.500000000000004 33.500000000000007 5.9275000095367441 0.54815000295639049 1.0000000180025095e-35 0.49175000190734869 2.8305000066757207 0.55865001678466808 6.8964998722076425
decision_type=2 2 2 2 2 2 2 2 2 2 2 2 2 2 2 2 2 2 2 2 2 2 2 2 2 2 2 2 2 2
left_child=2 3 -1 5 9 12 7 13 -9 10 11 -3 26 -5 -11 -16 21 -12 -7 27 22 23 29 -4 -20 -25 -2 -8 -14 -6
right_child=1 4 16 6 20 18 19 8 -10 14 17 -13 28 -15 15 -17 -18 -19 24 -21 -22 -23 -24 25 -26 -27 -28 -29 -30 -31
leaf_value=-0.001827284673344936 -6.2371666522008921e-05 -5.9203805404772709e-05 -0.00071352374075810306 0.00057430004586277509 0.00035317671319641655 -0.0001657105658394396 0.00095669137133322444 0.00013014596752875221 0.00056228822936941428 -0.00071418711483733541 0.00014658058153180608 0.00028124206920038529 0.00039064400547759233 0.00072820224965933602 9.0144496463301252e-05 -0.00023407729802665418 0.00040759300877947122 -0.00026462387877001549 -0.0002172360686945235 0.0016300011786480933 0.0011238565675516564 -0.0011482336857730931 0.00017745958412208402 -0.00083566980550701269 0.00029350446424687921 -0.0011206891132368724 0.00025071998741738022 0.00045074741709092846 0.00048137050278325281 0.00075373528595506405
leaf_weight=6003 153 1057 664 7418 210 754 913 1513 1734 189 360 2433 3786 4557 691 2388 20 1220 86 115 101 1596 396 604 474 718 1832 103 5486 234
leaf_count=6003 153 1057 664 7418 210 754 913 1513 1734 189 360 2433 3786 4557 691 2388 20 1220 86 115 101 1596 396 604 474 718 1832 103 5486 234
internal_value=6.39812e-07 0.000382899 -0.00151923 0.000499876 1.77208e-05 0.000363146 0.000604676 0.000575853 0.000362474 -3.35966e-05 6.83659e-05 0.000176701 0.00040638 0.00063329 -0.000193309 -0.00015969 -0.0010044 -0.000167764 -3.43649e-06 0.0009881 0.000477702 -0.00101369 0.000393934 -0.000902999 0.000206118 -0.000994323 0.000224067 0.00091037 0.000444868 0.000575663
internal_weight=47808 38203 9605 28924 9279 12571 16353 15222 3247 8338 5070 3490 11257 11975 3268 3079 3602 1580 1314 1131 941 3582 840 1986 560 1322 1985 1016 9272 444
internal_count=47808 38203 9605 28924 9279 12571 16353 15222 3247 8338 5070 3490 11257 11975 3268 3079 3602 1580 1314 1131 941 3582 840 1986 560 1322 1985 1016 9272 444
is_linear=0
shrinkage=0.05


Tree=63
num_leaves=31
num_cat=0
split_feature=11 1 1 3 9 8 8 8 3 1 9 12 9 1 3 9 3 3 1 8 3 9 1 3 1 8 5 3 1 8
split_gain=0.61397 0.212875 0.150013 0.0924911 0.0550309 0.0511733 0.0465037 0.0389705 0.0366 0.0283916 0.0283204 0.0248254 0.0243805 0.024984 0.0231823 0.022446 0.0142776 0.0192495 0.0134951 0.0117344 0.0114839 0.0105462 0.0089249 0.00725738 0.00692693 0.00686872 0.00669469 0.00597813 0.00595201 0.00562101
threshold=5.8960001468658456 0.53571429848670971 0.30952382087707525 40.500000000000007 7.6024999618530282 0.10102041065692903 0.019049347378313545 0.10380747169256212 50.500000000000007 0.77500000596046459 9.0355000495910662 0.0089731207117438334 9.5085000991821307 0.26785714924335485 8.5000000000000018 1.0000000180025095e-35 3.5000000000000004 49.500000000000007 0.81666666269302379 0.25866188108921057 50.500000000000007 1.0000000180025095e-35 0.30952382087707525 38.500000000000007 0.77500000596046459 0.17316342145204547 0.82749998569488536 40.500000000000007 0.21111111342906955 0.16904762387275699
decision_type=2 2 2 2 2 2 2 2 2 2 2 2 2 2 2 2 2 2 2 2 2 2 2 2 2 2 2 2 2 2
left_child=1 3 8 5 6 10 18 9 15 20 11 -1 13 -5 29 16 -2 -18 23 22 21 -4 -7 -3 -16 -9 -15 -20 -12 -8
right_child=2 4 7 12 -6 19 14 25 -10 -11 28 -13 -14 26 24 -17 17 -19 27 -21 -22 -23 -24 -25 -26 -27 -28 -29 -30 -31
leaf_value=6.3501586236697127e-05 -0.00030373601755009542 9.5779946092571126e-05 -0.00022706943405339543 -0.00072608583074030252 0.001044757093501788 0.00013223706176237121 0.00071020676870293422 0.00026323786938245284 -0.0011626018267712134 0.00017642166774540894 0.00023594510957557934 -6.0504416579798694e-05 0.00045765570549064524 -0.00040040002078517824 0.00025150304381704643 0.00038663836298199203 -0.00067427583851921338 -0.00044016068894273694 0.00046529958841325949 0.0011014923374022061 -0.00072407618078798109 0.00061147271033954896 0.0005267984196469528 -0.00034785791694494838 0.00058593705521365138 0.00094477278374197515 -1.4020865053562871e-05 0 0.00073053608550081124 0.0011788331075247708
leaf_weight=29985 614 689 2004 506 385 268 588 128 259 484 153 4623 70 243 495 59 2450 1646 367 73 125 35 450 104 306 78 261 64 175 121
leaf_count=29985 614 689 2004 506 385 268 588 128 259 484 153 4623 70 243 495 59 2450 1646 367 73 125 35 450 104 306 78 261 64 175 121
internal_value=6.3945e-07 8.0357e-05 -0.000402529 4.65975e-05 0.000477132 6.05005e-05 0.000395336 -0.000110815 -0.000567112 -0.000163809 5.13344e-05 4.6792e-05 -0.000408655 -0.000473686 0.000582282 -0.000533699 -0.000546298 -0.000581429 0.000160595 0.000458961 -0.00024222 -0.000210194 0.000386527 3.1257e-05 0.000385563 0.000545888 -0.000210272 0.000386903 0.000515209 0.00079739
internal_weight=47808 39926 7882 36807 3119 35727 2734 2854 5028 2648 34936 34608 1080 1010 1510 4769 4710 4096 1224 791 2164 2039 718 793 801 206 504 431 328 709
internal_count=47808 39926 7882 36807 3119 35727 2734 2854 5028 2648 34936 34608 1080 1010 1510 4769 4710 4096 1224 791 2164 2039 718 793 801 206 504 431 328 709
is_linear=0
shrinkage=0.05


Tree=64
num_leaves=31
num_cat=0
split_feature=0 12 3 9 0 5 0 1 1 8 0 0 0 3 1 9 0 12 0 5 1 1 12 0 8 12 1 9 9 0
split_gain=9.93093 0.582784 0.571847 0.162325 0.144904 0.089907 0.0483994 0.0436748 0.0557824 0.0547035 0.0426408 0.0323413 0.0279859 0.0272772 0.017597 0.0150819 0.0147674 0.0138616 0.0136448 0.0133222 0.0140369 0.011655 0.0114881 0.0102065 0.00841268 0.00801303 0.00967651 0.00792386 0.00742748 0.0073728
threshold=1.0000000180025095e-35 1.0000000180025095e-35 1.5000000000000002 7.0034999847412118 0.59874999523162853 0.75549998879432689 0.55805000662803661 1.0000000180025095e-35 0.91666665673255932 0.023532669059932235 0.59485000371932995 0.6658499836921693 0.60374999046325695 38.500000000000007 0.58571431040763866 8.0085000991821307 0.55645000934600841 0.0089731207117438334 0.52015000581741344 0.90399998426437389 0.13392857462167743 0.61250001192092907 0.013030560221523048 0.54725000262260448 0.26794873178005224 0.0089731207117438334 0.46428571641445165 7.0764999389648446 8.2465000152587908 0.62874999642372142
decision_type=2 2 2 2 2 2 2 2 2 2 2 2 2 2 2 2 2 2 2 2 2 2 2 2 2 2 2 2 2 2
left_child=1 -1 4 5 6 7 17 9 -9 -4 16 25 23 -12 15 19 -7 18 -2 20 -3 28 -8 -5 -25 29 -27 -24 -14 -6
right_child=2 14 3 12 11 10 22 8 -10 -11 13 -13 21 -15 -16 -17 -18 -19 -20 -21 -22 -23 27 24 -26 26 -28 -29 -30 -31
leaf_value=-0.0017390969726408985 0.0001266334162922418 -0.00093760539096831132 0.00025059200498272306 -0.00016437563627846562 0.00061938146795931096 -0.00034828470794871292 0.00048963046678306913 -0.00022708668930888922 0.00026627396639838192 -0.00063820549899462641 0.00039294624020201618 0.0010326982026020463 0.00040912174000557513 -1.3742309811728513e-05 0.00010408268696730056 -0.00034624750202213832 5.9909436043445585e-05 -0.00014595164304033529 0.00034709699223232839 -0.00021216848589381958 -0.0013251327562281338 0.00096987407154784297 8.8519639948109869e-05 0.00032938934028393083 0.0012358380834964311 0.00018614723300254717 0.00064254516311759702 0.00065508693591348 0.00081143792661485562 0.00074846363396709713
leaf_weight=6003 915 3034 1360 87 4406 266 11088 4575 646 196 2209 644 413 478 32 129 1308 155 4707 75 332 329 356 876 31 260 289 84 234 2291
leaf_count=6003 915 3034 1360 87 4406 266 11088 4575 646 196 2209 644 413 478 32 129 1308 155 4707 75 332 329 356 876 31 260 289 84 234 2291
internal_value=6.40393e-07 -0.00143644 0.000362084 9.23883e-05 0.000501127 1.72991e-05 0.0004194 -9.53544e-05 -0.000165081 0.000135389 0.000197643 0.000679738 0.000510556 0.00031874 -0.000930612 -0.00094129 -5.91514e-06 0.00029895 0.000312108 -0.000962134 -0.000977352 0.000705001 0.000479323 0.000314551 0.000366015 0.000647664 0.000435579 0.000208168 0.000562457 0.000664297
internal_weight=47808 9605 38203 13008 25195 11038 17305 6777 5221 1556 4261 7890 1970 2687 3602 3570 1574 5777 5622 3441 3366 976 11528 994 907 7246 549 440 647 6697
internal_count=47808 9605 38203 13008 25195 11038 17305 6777 5221 1556 4261 7890 1970 2687 3602 3570 1574 5777 5622 3441 3366 976 11528 994 907 7246 549 440 647 6697
is_linear=0
shrinkage=0.05


Tree=65
num_leaves=31
num_cat=0
split_feature=0 10 3 0 9 10 0 10 0 9 0 0 5 9 3 1 8 1 0 0 3 1 0 9 5 0 3 7 1 0
split_gain=8.96434 0.525494 0.51929 0.136085 0.0822704 0.0718641 0.0528092 0.0556036 0.0459718 0.0450795 0.038827 0.0320578 0.028859 0.0265107 0.0244363 0.0182715 0.0191642 0.0182736 0.0178929 0.0168477 0.0165316 0.014644 0.0100523 0.00980781 0.00975341 0.00920587 0.00861327 0.00830158 0.00945691 0.00766719
threshold=1.0000000180025095e-35 1.0000000180025095e-35 7.5000000000000009 0.58785000443458568 5.5044999122619638 5.9059998989105233 0.6740500032901765 1.0000000180025095e-35 0.64074999094009411 7.3754999637603769 0.61285001039505016 0.54395002126693737 0.98849999904632579 7.5030000209808358 41.500000000000007 1.0000000180025095e-35 0.030776515603065494 0.30952382087707525 0.62344998121261608 0.6675499975681306 7.5000000000000009 1.0000000180025095e-35 0.55924999713897716 7.1984999179840097 0.90399998426437389 0.71889999508857738 51.500000000000007 1.0000000180025095e-35 0.13392857462167743 0.49795000255107885
decision_type=2 2 2 2 2 2 2 2 2 2 2 2 2 2 2 2 2 2 2 2 2 2 2 2 2 2 2 2 2 2
left_child=1 -1 3 5 10 11 7 18 13 -9 15 29 22 14 -6 16 -4 -17 -5 21 23 -12 -7 -3 27 -8 -10 28 -22 -2
right_child=2 20 4 6 8 12 25 9 26 -11 19 -13 -14 -15 -16 17 -18 -19 -20 -21 24 -23 -24 -25 -26 -27 -28 -29 -30 -31
leaf_value=-0.001652143626314965 0 -0.00072638064933076764 0.00010980634690492696 0.00055371587029343918 0.00012935527730401642 -0.0002470655434361093 0.00094886019448490197 0.0002757251949654136 0.00067277147468903457 0.0008675964731881203 0.00023066889062581838 0.00042650237752613003 0.00046494135655069486 0.00042067405736614916 -0.0002572704244858392 -0.00051446985426771043 -0.00065677575657127672 -0.00019576645968733664 0.00070988308372242116 0.00033506543683135674 -0.00078469206752127701 -8.5603025714453638e-05 3.3235681521261161e-05 -6.2967863061468899e-05 -0.00022208475079402189 0.0017113437710155359 6.4053163826426063e-05 -0.0010634172154705757 -0.0012618930446027673 0.00026543306668254033
leaf_weight=6003 304 783 607 7038 1908 472 505 2656 537 379 472 10482 323 596 515 651 94 1792 2956 417 1105 1604 922 78 63 65 86 1411 162 2822
leaf_count=6003 304 783 607 7038 1908 472 505 2656 537 379 472 10482 323 596 515 651 94 1792 2956 417 1105 1604 922 78 63 65 86 1411 162 2822
internal_value=6.50584e-07 -0.0013647 0.00034406 0.000448478 1.80322e-05 0.000345466 0.000564194 0.000542774 0.000203709 0.00035131 -0.000101046 0.000383968 3.74058e-05 0.000120919 4.51087e-05 -0.000218168 0 -0.000282757 0.000600414 4.46588e-05 -0.000884224 -1.12793e-05 -5.8097e-05 -0.000672101 -0.000949005 0.00104487 0.000596791 -0.00096423 -0.000849748 0.000239733
internal_weight=47808 9605 38203 28924 9279 15325 13599 13029 3642 3035 5637 13608 1717 3019 2423 3144 701 2443 9994 2493 3602 2076 1394 861 2741 570 623 2678 1267 3126
internal_count=47808 9605 38203 28924 9279 15325 13599 13029 3642 3035 5637 13608 1717 3019 2423 3144 701 2443 9994 2493 3602 2076 1394 861 2741 570 623 2678 1267 3126
is_linear=0
shrinkage=0.05


Tree=66
num_leaves=31
num_cat=0
split_feature=0 10 3 0 9 11 0 0 0 0 10 1 5 3 1 9 1 1 8 1 1 1 3 0 9 5 9 0 0 0
split_gain=8.09257 0.473537 0.46874 0.124446 0.0816373 0.0664245 0.0428268 0.0415597 0.0374167 0.0364301 0.0334067 0.0324635 0.0305708 0.0220456 0.0172987 0.0168092 0.0166634 0.0184004 0.0182262 0.016522 0.0159614 0.0159192 0.0133585 0.0131785 0.0115849 0.0102379 0.00995953 0.00901387 0.00789518 0.00789364
threshold=1.0000000180025095e-35 1.0000000180025095e-35 6.5000000000000009 0.60295000672340404 5.5044999122619638 1.0000000180025095e-35 0.62235000729560863 0.55215001106262218 0.67965000867843639 0.61325001716613781 1.0000000180025095e-35 0.6904762089252473 0.9924999773502351 50.500000000000007 0.91666665673255932 7.2520000934600839 1.0000000180025095e-35 0.30952382087707525 0.030776515603065494 1.0000000180025095e-35 0.81666666269302379 0.91666665673255932 27.500000000000004 0.67965000867843639 8.0085000991821307 0.77300000190734874 8.2465000152587908 0.51274999976158153 0.64724999666214 0.57385000586509716
decision_type=2 2 2 2 2 2 2 2 2 2 2 2 2 2 2 2 2 2 2 2 2 2 2 2 2 2 2 2 2 2
left_child=1 -1 3 5 9 7 13 27 10 16 28 -12 20 15 19 -6 18 -18 -4 -11 -7 22 24 26 25 -3 -8 -2 -5 -9
right_child=2 21 4 8 6 12 23 29 -10 14 11 -13 -14 -15 -16 -17 17 -19 -20 -21 -22 -23 -24 -25 -26 -27 -28 -29 -30 -31
leaf_value=-0.0015695378076092687 6.9065782053458102e-05 -0.00080980528646165976 0.00011260614101925563 0.00059266509612448297 5.834122985429295e-05 -1.6024407634054791e-05 0.00030582542031462395 0.00038317111714220291 0.0010615167435831612 0.00025006379018565608 0.00026642629478325743 0.00077025669384140445 0.00053596931125926767 -0.00028400505614304994 0.00041002827661073377 0.0003594490940255344 -0.00048298197726131257 -0.00017382554588800389 -0.0006071072329420881 -7.0589405036150152e-05 0.00045097717670729412 0.00040580953821187739 -0.00096802387397484631 0.00085384372892534713 -0.0001464805620741613 -0.0002581797140799276 0.00081946123542701399 0.00028775691921302797 0.00076231668033898987 0.00047185464684561712
leaf_weight=6003 609 1773 627 5023 1680 1789 910 4887 425 522 1533 428 355 334 296 671 696 1885 102 1738 202 20 1596 191 96 117 123 3819 1102 8256
leaf_count=6003 609 1773 627 5023 1680 1789 910 4887 425 522 1533 428 355 334 296 671 696 1885 102 1738 202 20 1596 191 96 117 123 3819 1102 8256
internal_value=6.34161e-07 -0.00129662 0.000326924 0.000429636 2.76989e-05 0.0003606 0.000205095 0.000394074 0.000590596 -8.96637e-05 0.000565213 0.000378974 0.000107752 9.10057e-05 5.05756e-05 0.000146419 -0.000199466 -0.000259146 4.97828e-06 1.26847e-06 2.88651e-05 -0.000840366 -0.000848731 0.000451251 -0.000750302 -0.000778318 0.000371898 0.000258811 0.000624017 0.000439263
internal_weight=47808 9605 38203 28428 9775 19917 3909 17571 8511 5866 8086 1961 2346 2685 2556 2351 3310 2581 729 2260 1991 3602 3582 1224 1986 1890 1033 4428 6125 13143
internal_count=47808 9605 38203 28428 9775 19917 3909 17571 8511 5866 8086 1961 2346 2685 2556 2351 3310 2581 729 2260 1991 3602 3582 1224 1986 1890 1033 4428 6125 13143
is_linear=0
shrinkage=0.05


Tree=67
num_leaves=31
num_cat=0
split_feature=11 1 1 3 8 8 3 9 9 8 9 8 9 1 9 8 3 3 1 3 1 1 3 3 8 8 1 8 9 1
split_gain=0.418012 0.163313 0.107122 0.0710055 0.0449617 0.0401066 0.0305825 0.0266082 0.0251481 0.0218995 0.0215937 0.020589 0.0189182 0.0184433 0.0183858 0.0149847 0.0123166 0.011339 0.0109086 0.0109036 0.0108093 0.00641009 0.00638469 0.00816935 0.00618837 0.00541245 0.0051225 0.00360654 0.00282462 0.00275673
threshold=5.8960001468658456 0.53571429848670971 0.46428571641445165 40.500000000000007 0.038838613778352744 0.13397436589002612 50.500000000000007 8.0085000991821307 1.0000000180025095e-35 0.10380747169256212 8.0085000991821307 0.20416666567325595 9.9499998092651385 0.26785714924335485 1.0000000180025095e-35 0.15075758099555972 6.5000000000000009 42.500000000000007 0.77500000596046459 10.500000000000002 0.91666665673255932 0.21111111342906955 26.500000000000004 49.500000000000007 0.25866188108921057 0.025978407822549347 0.77500000596046459 0.17316342145204547 7.7650001049041757 0.18333333730697635
decision_type=2 2 2 2 2 2 2 2 2 2 2 2 2 2 2 2 2 2 2 2 2 2 2 2 2 2 2 2 2 2
left_child=1 3 6 5 10 7 8 14 15 18 17 19 13 -5 -1 16 -2 20 22 28 -3 -9 -4 -24 29 -15 -21 -11 -6 -7
right_child=2 4 9 12 11 24 -8 21 -10 27 -12 -13 -14 25 -16 -17 -18 -19 -20 26 -22 -23 23 -25 -26 -27 -28 -29 -30 -31
leaf_value=5.1888623987407624e-05 -0.00027927501486253731 0.00010697117778022605 -2.8275496739130426e-05 -0.00063652602622941924 0.00062973678586341535 0 -0.00091224737352401633 0.00017773210737898523 0.00046192475123256672 0.00030007758124928931 0.00086820312660249141 0.0011525796077714169 0.00040249003994705866 -0.00032839414574373259 -5.3451796173958014e-05 0.00032191806974624765 -0.00046851495283742697 -0.00018898811938578355 0.00014619401864384568 0.0002360237781741422 0.0004257532725871002 0.00057038356949833666 -0.00061414653617081455 -0.00012847508811723692 0.00098553248733682141 0 0.00056079212396096915 0.00093875811367156222 0.0011080468742832009 0.00045742653484680392
leaf_weight=29976 1267 846 708 507 640 47 332 241 77 94 123 171 69 295 4761 60 4311 183 484 395 435 280 135 356 73 209 259 58 67 349
leaf_count=29976 1267 846 708 507 640 47 332 241 77 94 123 171 69 295 4761 60 4311 183 484 395 435 280 135 356 73 209 259 58 67 349
internal_value=6.44698e-07 6.64401e-05 -0.000332002 3.68533e-05 0.000413975 4.90513e-05 -0.000433543 4.27858e-05 -0.000404844 0 0.000222434 0.000609102 -0.000362003 -0.000419159 3.73068e-05 -0.000417576 -0.000426433 0.000164709 -4.92963e-05 0.000537065 0.00021915 0.000398418 -0.000132385 -0.000272289 0.00050931 -0.000190497 0.00037235 0.000577115 0.000682286 0.000408671
internal_weight=47808 39926 7882 36807 3119 35727 6047 35258 5715 1835 1587 1532 1080 1011 34737 5638 5578 1464 1683 1361 1281 521 1199 491 469 504 654 152 707 396
internal_count=47808 39926 7882 36807 3119 35727 6047 35258 5715 1835 1587 1532 1080 1011 34737 5638 5578 1464 1683 1361 1281 521 1199 491 469 504 654 152 707 396
is_linear=0
shrinkage=0.05


Tree=68
num_leaves=31
num_cat=0
split_feature=11 1 1 3 8 8 3 9 9 8 9 1 3 9 8 9 5 3 3 8 9 1 1 1 8 5 8 1 1 8
split_gain=0.377379 0.147765 0.096679 0.0642941 0.040613 0.0375851 0.0275255 0.0227747 0.0199312 0.0198863 0.0194481 0.0193021 0.0184569 0.0165778 0.0138102 0.0129556 0.0118848 0.0107559 0.00998846 0.00979949 0.00968241 0.00923291 0.00848493 0.0075083 0.00556904 0.0043797 0.00394702 0.00382539 0.0035434 0.00328997
threshold=5.8960001468658456 0.53571429848670971 0.46428571641445165 37.500000000000007 0.038838613778352744 0.10102041065692903 50.500000000000007 1.0000000180025095e-35 9.0355000495910662 0.10380747169256212 8.0085000991821307 0.26785714924335485 10.500000000000002 1.0000000180025095e-35 0.1132478639483452 9.5085000991821307 0.90999999642372142 3.5000000000000004 50.500000000000007 0.23303167521953586 1.0000000180025095e-35 0.30952382087707525 0.81666666269302379 0.91666665673255932 0.044949496164917953 0.73399999737739574 0.23303167521953586 0.91666665673255932 0.21111111342906955 0.22401433438062671
decision_type=2 2 2 2 2 2 2 2 2 2 2 2 2 2 2 2 2 2 2 2 2 2 2 2 2 2 2 2 2 2
left_child=1 3 6 5 10 8 7 14 13 18 16 15 19 -1 17 25 23 -2 20 -6 22 -7 -4 -3 -13 -5 -23 -14 -10 -11
right_child=2 4 9 11 12 21 -8 -9 28 29 -12 24 27 -15 -16 -17 -18 -19 -20 -21 -22 26 -24 -25 -26 -27 -28 -29 -30 -31
leaf_value=4.9294191672301775e-05 -0.00021608768768014602 -8.8578268977382662e-05 -0.00011239823004611241 -0.00074521203450170432 0.00065578645420343842 0.00013650091521079038 -0.00086664874936643709 0.00043885846938598936 0.00019969190600406582 0.00038395618618136961 0.00082482823154734824 -0.00022151989459414688 0.00025577195102098382 -5.329748439246976e-05 0.00010802776632772296 0.00021030888625662048 0.00031233340761400958 -0.00043672417064889203 -0.00064255780681951331 0.0012101564382938908 0.00087812392751580664 0.00043877852285198455 0.00014361571743702796 0.00023014478832624047 8.1764096106114886e-05 -0.00040090296818491231 0.00091473825544344939 0.00054486692469182113 0.00060219923418753383 0.0011890658329563788
leaf_weight=29976 734 511 1147 294 731 280 332 77 151 127 123 416 429 4488 117 46 669 4787 68 121 29 421 439 284 208 274 79 251 174 25
leaf_count=29976 734 511 1147 294 731 280 332 77 151 127 123 416 429 4488 117 46 669 4787 68 121 29 421 439 284 208 274 79 251 174 25
internal_value=6.58154e-07 6.31791e-05 -0.000315402 3.50286e-05 0.000393765 4.74799e-05 -0.000411867 -0.000384558 3.96233e-05 0 0.000211474 -0.000318648 0.000579312 3.57892e-05 -0.000396698 -0.000520044 0.000156474 -0.000408301 -4.69818e-05 0.000740518 -1.87709e-05 0.000391436 -3.83774e-05 1.90061e-05 -0.000112417 -0.00058802 0.000524146 0.000369898 0.000430687 0.000549943
internal_weight=47808 39926 7882 36807 3119 35569 6047 5715 34789 1835 1587 1238 1532 34464 5638 614 1464 5521 1683 852 1615 780 1586 795 624 568 500 680 325 152
internal_count=47808 39926 7882 36807 3119 35569 6047 5715 34789 1835 1587 1238 1532 34464 5638 614 1464 5521 1683 852 1615 780 1586 795 624 568 500 680 325 152
is_linear=0
shrinkage=0.05


Tree=69
num_leaves=31
num_cat=0
split_feature=0 10 10 9 0 0 1 0 3 1 0 0 9 1 0 3 3 0 9 0 1 0 1 3 2 0 9 0 3 0
split_gain=7.17959 0.48087 0.404382 0.129209 0.1063 0.0760166 0.0644341 0.0366175 0.0361751 0.0229279 0.0226696 0.016603 0.0161148 0.0132948 0.0129699 0.0117409 0.00959295 0.00779236 0.00759643 0.00742511 0.00623918 0.00411755 0.00374287 0.0035391 0.00340912 0.0021952 0.00218735 0.00202592 0.00145629 0.000609054
threshold=1.0000000180025095e-35 1.0000000180025095e-35 1.0000000180025095e-35 7.053499937057496 0.60164999961853038 0.56545001268386852 0.91666665673255932 0.54895001649856578 24.500000000000004 0.91666665673255932 0.6675499975681306 0.56334999203681957 9.0355000495910662 0.91666665673255932 0.54205000400543224 32.500000000000007 9.5000000000000018 0.57295000553131115 7.7304999828338632 0.49795000255107885 0.13392857462167743 0.63015002012252819 0.13392857462167743 27.500000000000004 1.5000000000000002 0.52705001831054699 1.0000000180025095e-35 0.71889999508857738 12.500000000000002 0.49175000190734869
decision_type=2 2 2 2 2 2 2 2 2 2 2 2 2 2 2 2 2 2 2 2 2 2 2 2 2 2 2 2 2 2
left_child=1 -1 4 5 7 14 8 19 -7 11 21 28 -13 16 -4 -8 18 -9 -3 29 26 -6 -16 -11 -22 -21 -18 -12 -5 -2
right_child=2 13 3 9 10 6 15 17 -10 23 27 12 -14 -15 22 -17 20 -19 -20 25 24 -23 -24 -25 -26 -27 -28 -29 -30 -31
leaf_value=-0.0014961211956703961 -7.7262533998980959e-05 -0.0006596987420056465 -0.00056192183506553989 8.0262392863519817e-05 0.00053594241915214363 0.00010746835228785974 0.00051728569037821687 0.00035368608982539449 -9.7407213095680124e-05 0.00094794189520935759 0.00088166962615358804 0.00034825830929053605 0.00075361512618606367 0.00036399821954691291 0 0.00014596653991364933 -0.00082899745477420142 0.00043997270965194594 -6.1829328461569758e-05 0.00017115120192064468 -0.0011857815050379977 0.00064229428712030546 -0.00025025807756489163 0.000292912099787311 -0.00035349816576950538 0.00027709183351212578 -0.0006372338934458754 0.0015301628753723641 -0.00018207359019581994 6.3470418128976389e-05
leaf_weight=6003 153 965 382 158 3919 6094 896 5139 3313 266 480 1221 350 20 188 334 1811 8242 76 973 240 2230 901 48 32 2649 458 37 79 151
leaf_count=6003 153 965 382 158 3919 6094 896 5139 3313 266 480 1221 350 20 188 334 1811 8242 76 973 240 2230 901 48 32 2649 458 37 79 151
internal_value=6.78176e-07 -0.00122121 0.000308017 9.64215e-05 0.000433408 3.29007e-05 7.98629e-05 0.000367322 3.47826e-05 0.000456493 0.000604229 0.000382936 0.000441792 -0.00076162 -0.000303273 0.000420541 -0.000769311 0.000407211 -0.000620863 0.000230089 -0.000828133 0.000575335 -0.00020791 0.000863854 -0.00110641 0.000250018 -0.000792523 0.000938036 0 0
internal_weight=47808 9605 38203 14230 23973 12108 10637 17307 9407 2122 6666 1808 1571 3602 1471 1230 3582 13381 1041 3926 2541 6149 1089 314 272 3622 2269 517 237 304
internal_count=47808 9605 38203 14230 23973 12108 10637 17307 9407 2122 6666 1808 1571 3602 1471 1230 3582 13381 1041 3926 2541 6149 1089 314 272 3622 2269 517 237 304
is_linear=0
shrinkage=0.05


Tree=70
num_leaves=31
num_cat=0
split_feature=11 1 1 8 3 9 3 9 9 8 3 1 3 9 9 5 8 1 3 9 3 9 8 1 5 8 9 1 8 5
split_gain=0.310604 0.127227 0.0782744 0.0668936 0.054463 0.0255227 0.0233339 0.0224924 0.0201163 0.0178018 0.0162912 0.0153795 0.0150912 0.0148127 0.017454 0.0534676 0.0120439 0.0113613 0.0101351 0.00956053 0.00874876 0.00862063 0.00787094 0.00667957 0.00621024 0.00353114 0.00320535 0.00315442 0.00287093 0.00242546
threshold=5.8960001468658456 0.46428571641445165 0.46428571641445165 0.01835016813129187 31.500000000000004 7.6024999618530282 50.500000000000007 8.0085000991821307 1.0000000180025095e-35 0.10380747169256212 18.500000000000004 0.26785714924335485 38.500000000000007 8.0085000991821307 1.0000000180025095e-35 0.67049998044967662 0.15075758099555972 0.91666665673255932 49.500000000000007 9.5085000991821307 50.500000000000007 1.0000000180025095e-35 0.22401433438062671 0.77500000596046459 0.73399999737739574 0.070598009973764433 5.2024998664855966 0.91666665673255932 0.17316342145204547 0.83449998497962963
decision_type=2 2 2 2 2 2 2 2 2 2 2 2 2 2 2 2 2 2 2 2 2 2 2 2 2 2 2 2 2 2
left_child=1 4 6 7 13 10 8 12 16 20 22 19 17 14 -1 -16 18 -3 -2 24 21 23 -5 -4 -6 -15 -13 -12 -11 -14
right_child=2 3 9 5 11 -7 -8 -9 -10 28 27 26 29 25 15 -17 -18 -19 -20 -21 -22 -23 -24 -25 -26 -27 -28 -29 -30 -31
leaf_value=4.4538622331897183e-05 -0.00041728674894748758 3.0292353798612288e-05 -0.00010651681348350562 0.00046128397603607899 -0.00066946677591713996 0.00090162803231400588 -0.00079231394526224934 0.00063386996910777798 0.00042555044527013393 0.00026219013275348017 0.00012856242532485211 -0.00028138514860677792 -0.00039338680344699661 0.0002527172236883896 -0.00034041083658616214 6.5749679712337491e-05 0.00030089022626382875 0.00034889349365662347 -0.00026442570466983766 0.00014022295343496291 -0.00060473358709564812 0.00082516836424924669 0.00093314381191068072 0.00011726694121224028 -0.00032233050120477062 0.00075068357166624172 1.3645629264913897e-05 0.00040309128890993553 0.00084536298169720779 -6.7428454248186665e-05
leaf_weight=29976 3712 1301 1129 1448 342 320 332 177 77 94 555 118 183 370 1225 2355 60 373 1866 50 68 29 120 457 340 56 300 171 58 146
leaf_count=29976 3712 1301 1129 1448 342 320 332 177 77 94 555 118 183 370 1225 2355 60 373 1866 50 68 29 120 457 340 56 300 171 58 146
internal_value=6.6966e-07 5.73998e-05 -0.000286058 0.00029911 2.42737e-05 0.000470143 -0.000372855 9.17222e-05 -0.000347599 0 0.000407737 -0.000313678 4.12886e-05 3.58585e-05 3.19734e-05 -7.18388e-05 -0.000359052 0.000104286 -0.000367052 -0.000452976 -4.68394e-05 -2.02173e-05 0.000500641 -3.88786e-05 -0.000503811 0.000330073 -5.77291e-05 0.000200157 0.000517999 -0.000263994
internal_weight=47808 39926 7882 4794 35132 2614 6047 2180 5715 1835 2294 1150 2003 33982 33556 3580 5638 1674 5578 732 1683 1615 1568 1586 682 426 418 726 152 329
internal_count=47808 39926 7882 4794 35132 2614 6047 2180 5715 1835 2294 1150 2003 33982 33556 3580 5638 1674 5578 732 1683 1615 1568 1586 682 426 418 726 152 329
is_linear=0
shrinkage=0.05


Tree=71
num_leaves=31
num_cat=0
split_feature=0 10 10 8 0 0 5 1 0 1 0 0 8 1 7 1 11 5 0 0 0 5 3 0 0 5 0 0 0 3
split_gain=6.42365 0.458629 0.359255 0.105436 0.0959636 0.0831688 0.057732 0.0353217 0.0324858 0.0241219 0.0209712 0.0208961 0.0195358 0.0116325 0.0108615 0.0123134 0.0121041 0.00853956 0.00768139 0.0070492 0.00653764 0.00628143 0.0041117 0.00387731 0.00375838 0.00327171 0.00178857 0.00178478 0.000554099 0.000415244
threshold=1.0000000180025095e-35 1.0000000180025095e-35 1.0000000180025095e-35 0.15504807978868487 0.60074999928474437 0.58245000243186962 0.86999997496604931 1.0000000180025095e-35 0.54815000295639049 0.30952382087707525 0.54205000400543224 0.6569499969482423 0.29520697891712194 0.91666665673255932 1.0000000180025095e-35 0.13392857462167743 6.3459999561309823 0.90000000596046459 0.68854999542236339 0.57195001840591442 0.49795000255107885 0.95250001549720775 50.500000000000007 0.56854999065399181 0.69835001230239879 0.86599999666214 0.52705001831054699 0.62874999642372142 0.49175000190734869 7.5000000000000009
decision_type=2 2 2 2 2 2 2 2 2 2 2 2 2 2 2 2 2 2 2 2 2 2 2 2 2 2 2 2 2 2
left_child=1 -1 4 5 8 10 7 -7 20 -8 29 27 18 14 15 22 21 -12 23 -10 28 -16 -3 -5 -13 -17 -22 -6 -2 -4
right_child=2 13 3 12 11 6 9 -9 19 -11 17 24 -14 -15 16 25 -18 -19 -20 -21 26 -23 -24 -25 -26 -27 -28 -29 -30 -31
leaf_value=-0.0014235433188702889 -7.5627401314916397e-05 -0.00051254376865927486 -0.00033100246290645226 0.00010112713314419594 0.00050355358987030918 0.00027862617901471996 3.5909152444612765e-05 -8.7528955845807272e-06 0.00033088721036443603 0.00037358998488948357 -0.00016530329878009555 0.00075134755381846318 0.0012337534995358311 0.00033710849499190919 -0.00063574049615072812 -0.0010679774412916026 -0.00090124906283983177 1.5682796550675849e-05 0.001156701790682292 0.00041361132275514242 0.00016036782034436654 0 -0.00088795803608006688 0.00051894083183001509 0.0011920219113964528 -0.00011250287066824833 0.00025883123518698642 0.00058967250541918043 5.8073540475255084e-05 -0.00056266733733913957
leaf_weight=6003 153 1335 182 97 3980 1318 708 5509 5037 2575 1963 774 132 20 610 191 1273 904 55 8312 973 29 122 521 102 22 2508 1983 151 266
leaf_count=6003 153 1335 182 97 3980 1318 708 5509 5037 2575 1963 774 132 20 610 191 1273 904 55 8312 973 29 122 521 102 22 2508 1983 151 266
internal_value=6.78384e-07 -0.00115508 0.000291393 9.19262e-05 0.000409585 5.8187e-05 0.000129721 4.59985e-05 0.000345633 0.000302293 -0.000158466 0.000569066 0.000648308 -0.000706262 -0.000713493 -0.000607325 -0.000803571 -0.000106494 0.000525886 0.000382774 0.000213317 -0.000601045 -0.000547469 0.000461478 0.000808496 -0.000992852 0.000232751 0.00053304 0 -0.000479807
internal_weight=47808 9605 38203 14230 23973 13425 10110 6827 17134 3283 3315 6839 805 3602 3582 1670 1912 2867 673 13349 3785 639 1457 618 876 213 3481 5963 304 448
internal_count=47808 9605 38203 14230 23973 13425 10110 6827 17134 3283 3315 6839 805 3602 3582 1670 1912 2867 673 13349 3785 639 1457 618 876 213 3481 5963 304 448
is_linear=0
shrinkage=0.05


Tree=72
num_leaves=31
num_cat=0
split_feature=0 10 3 0 9 0 0 5 0 0 0 3 0 10 5 3 0 0 2 9 9 0 0 0 0 11 0 9 2 12
split_gain=5.79891 0.413411 0.324428 0.0897643 0.0869153 0.0634958 0.036794 0.0327272 0.0278094 0.0240009 0.0216852 0.0175592 0.0164011 0.010407 0.010366 0.00920949 0.00812796 0.00705248 0.0061756 0.00607784 0.00592363 0.00554506 0.00549917 0.00506104 0.00376959 0.00357429 0.00317475 0.00276552 0.0023928 0.00224849
threshold=1.0000000180025095e-35 1.0000000180025095e-35 1.5000000000000002 0.58715000748634349 7.2520000934600839 0.63554999232292186 0.560350000858307 0.83449998497962963 0.65035000443458568 0.70544999837875377 0.53665000200271618 24.500000000000004 0.61994999647140514 5.9059998989105233 0.90549999475479137 7.5000000000000009 0.56334999203681957 0.54205000400543224 1.0000000180025095e-35 9.0355000495910662 8.6335000991821307 0.61145001649856578 0.69369998574256908 0.5660499930381776 0.49175000190734869 0.36750000715255743 0.6545500159263612 7.0874998569488534 1.0000000180025095e-35 0.96743547916412365
decision_type=2 2 2 2 2 2 2 2 2 2 2 2 2 2 2 2 2 2 2 2 2 2 2 2 2 2 2 2 2 2
left_child=1 -1 3 10 5 6 17 -8 21 11 24 -7 16 23 15 20 -6 -4 29 -18 -3 28 -10 -12 -2 -26 -14 -15 -5 -17
right_child=2 14 4 8 12 9 7 -9 22 -11 13 -13 26 27 -16 18 19 -19 -20 -21 -22 -23 -24 -25 25 -27 -28 -29 -30 -31
leaf_value=-0.0013523673385884851 -7.1848511821629913e-05 -0.00054920792548671907 -0.00051090003995162567 0.00042956553373163487 0 0.00033435467926124646 -7.4405927202883689e-05 0.00013778008212572394 0.00065778531639216738 0.00096194253747099363 0.00028999876969644121 5.1138368359594499e-05 0.00053391611473950495 -7.773805007419106e-07 -3.4252696093445577e-05 -0.00075352468080533809 0.00028132928379094553 -0.00021112822061201066 -0.0010046994962293705 0.0006323820872597177 0 0.00050844636233231364 0.0010505292207998562 0.00036554812652777875 0.00017598298595136687 -0.00023945883330251598 0.00089272599843779265 0.00033122656123798464 0.0002444590818327129 -0.00060234227266107109
leaf_weight=6003 153 800 344 5732 181 1318 5119 2817 1206 117 5188 1016 335 307 79 1537 691 703 276 196 43 3979 152 6076 1974 43 171 71 314 867
leaf_count=6003 153 800 344 5732 181 1318 5119 2817 1206 117 5188 1016 335 307 79 1537 691 703 276 196 43 3979 152 6076 1974 43 171 71 314 867
internal_value=6.74689e-07 -0.00109744 0.000276897 0.000381639 7.36359e-05 2.5216e-05 -3.58446e-05 2.83374e-07 0.000486282 0.000251038 0.000295035 0.000213219 0.000422172 0.000322447 -0.00067118 -0.000684042 0.000302295 -0.000314435 -0.000734275 0.0003646 -0.000518344 0.000456081 0.000705501 0.000331198 0.000145656 0.000164636 0.000665206 4.84302e-05 0.000420783 -0.000701108
internal_weight=47808 9605 38203 25195 13008 11434 8983 7936 11383 2451 13812 2334 1574 11642 3602 3523 1068 1047 2680 887 843 10025 1358 11264 2170 2017 506 378 6046 2404
internal_count=47808 9605 38203 25195 13008 11434 8983 7936 11383 2451 13812 2334 1574 11642 3602 3523 1068 1047 2680 887 843 10025 1358 11264 2170 2017 506 378 6046 2404
is_linear=0
shrinkage=0.05


Tree=73
num_leaves=31
num_cat=0
split_feature=0 10 10 9 0 0 1 0 0 5 0 0 5 1 5 9 1 7 11 4 0 0 0 0 9 5 0 4 4 0
split_gain=5.23501 0.372607 0.293416 0.0950753 0.0790263 0.0605556 0.0338669 0.027011 0.0257059 0.0223611 0.0182916 0.0171868 0.0168522 0.010645 0.0099606 0.0139334 0.0094754 0.0137913 0.00914095 0.00681929 0.00663638 0.00553868 0.00520432 0.00504911 0.00431921 0.0036029 0.0027748 0.00270115 0.00210481 0.00141505
threshold=1.0000000180025095e-35 1.0000000180025095e-35 1.0000000180025095e-35 7.0304999351501474 0.60164999961853038 0.60455000400543224 0.77500000596046459 0.54554998874664318 0.55865001678466808 0.90849998593330394 0.61515000462532055 0.6675499975681306 0.83449998497962963 0.58571431040763866 0.99850001931190502 9.0355000495910662 0.13392857462167743 1.0000000180025095e-35 6.3459999561309823 2.5000000000000004 0.575850009918213 0.53665000200271618 0.65565001964569103 0.49795000255107885 9.9499998092651385 0.85750001668930065 0.62944999337196361 2.5000000000000004 1.5000000000000002 0.71889999508857738
decision_type=2 2 2 2 2 2 2 2 2 2 2 2 2 2 2 2 2 2 2 2 2 2 2 2 2 2 2 2 2 2
left_child=1 -1 4 5 7 8 9 23 21 -7 14 26 -10 16 15 -5 17 24 -19 -8 -9 -4 28 -2 -3 -18 -6 -16 -12 -13
right_child=2 13 3 10 11 6 19 20 12 -11 22 29 -14 -15 27 -17 25 18 -20 -21 -22 -23 -24 -25 -26 -27 -28 -29 -30 -31
leaf_value=-0.0012847500688466006 0 -0.00050261303166534131 -0.00050451787570186509 0.00010123867889316905 0.00045732105344361071 3.2419663043391847e-05 0.00059568371854652334 0.00030343900745775205 -0.0001047353363143581 0.00027195892678307274 0.00067989778205515333 0.0007581807627196959 8.8584941387015898e-05 0.00015181667031611483 0.00064232834556197862 0.00053655837060204885 -0.00098103797459188151 -0.0005192470342281273 -0.00080176063761358606 0.00026456608173985961 0.00037952046378314974 -0.00022435446519252181 0.0008285353056280651 0.00020253284180908016 0 -0.00030462259219953187 0.0005482500196807926 2.3822623771065938e-05 0.00038478647393703515 0.0013398146841705168
leaf_weight=6003 304 1420 306 873 3862 4028 417 6523 3200 1313 166 480 1717 32 214 250 330 551 1187 370 7380 733 224 3100 37 45 2287 38 381 37
leaf_count=6003 304 1420 306 873 3862 4028 417 6523 3200 1313 166 480 1717 32 214 250 330 551 1187 370 7380 733 224 3100 37 45 2287 38 381 37
internal_value=6.64069e-07 -0.00104269 0.000263117 8.28087e-05 0.000369936 2.78972e-05 0.000138554 0.00031286 -8.51164e-05 9.22467e-05 0.000389666 0.000517369 -3.62113e-05 -0.000637869 0.000273445 0.00020264 -0.000646352 -0.000613428 -0.000715107 0.000446418 0.000344187 -0.000311719 0.000590388 0.000183435 -0.000488666 -0.000913301 0.000491962 0.000568941 0.000483592 0.000809727
internal_weight=47808 9605 38203 14230 23973 12084 6128 17307 5956 5341 2146 6666 4917 3602 1375 1123 3570 3195 1738 787 13903 1039 771 3404 1457 375 6149 252 547 517
internal_count=47808 9605 38203 14230 23973 12084 6128 17307 5956 5341 2146 6666 4917 3602 1375 1123 3570 3195 1738 787 13903 1039 771 3404 1457 375 6149 252 547 517
is_linear=0
shrinkage=0.05


Tree=74
num_leaves=31
num_cat=0
split_feature=0 10 3 0 10 0 0 10 9 0 9 2 0 5 0 7 9 0 9 0 0 2 3 5 2 2 9 3 9 0
split_gain=4.72606 0.335872 0.273417 0.0801295 0.048482 0.0459614 0.0371556 0.0359137 0.0288896 0.02658 0.0240822 0.0195403 0.0161347 0.0152699 0.013353 0.00915651 0.00884747 0.00786139 0.00711486 0.00645063 0.00620281 0.00553266 0.00513223 0.00444527 0.00430826 0.00421812 0.00393015 0.0039124 0.00349858 0.00347276
threshold=1.0000000180025095e-35 1.0000000180025095e-35 10.500000000000002 0.58525002002716076 5.9059998989105233 0.6658499836921693 0.6545500159263612 1.0000000180025095e-35 7.3125000000000009 0.57005000114440929 7.2520000934600839 1.0000000180025095e-35 0.53554999828338634 0.99050000309944164 0.70544999837875377 1.0000000180025095e-35 1.0000000180025095e-35 0.70544999837875377 9.0355000495910662 0.61004999279975902 0.56094998121261608 1.0000000180025095e-35 50.500000000000007 0.95750001072883617 1.5000000000000002 1.0000000180025095e-35 9.9499998092651385 34.500000000000007 7.3385000228881845 0.5644499957561494
decision_type=2 2 2 2 2 2 2 2 2 2 2 2 2 2 2 2 2 2 2 2 2 2 2 2 2 2 2 2 2 2
left_child=1 -1 3 4 12 9 7 19 -9 22 11 -11 -2 20 -8 21 -17 27 -12 -5 -6 26 25 -18 -23 -4 -3 -7 -15 -14
right_child=2 15 5 6 13 17 14 8 -10 10 18 -13 29 28 -16 16 23 -19 -20 -21 -22 24 -24 -25 -26 -27 -28 -29 -30 -31
leaf_value=-0.0012205136299960635 0.00013375942593629812 -0.00047748414321084994 -2.0875326086990047e-06 0.00038354824550180025 -0.00018463928772666772 0.00045651850456633234 0.0005828160580605453 0.00017850165909832514 0.0005906056697978731 0.00015808185633593895 0.00016908667658446262 -8.4947035074797164e-05 0.00025805037399241197 0.0001915429070894327 0.0011700633263176713 -0.00075399823673310054 -0.00050333782806544561 0.00085358063028707464 0.00058023862480613832 0.00047453815927029562 1.210563559379173e-05 -0.00084258432048175058 -0.00065536010255407256 1.8440236210400055e-05 0 -0.0002965394162502121 0 0.00015548151483213825 0.00064006441044247913 0.00032400549020632295
leaf_weight=6003 1985 1420 189 6141 639 267 1457 3236 508 994 479 4682 4967 254 125 1471 422 91 163 4097 961 207 101 25 20 703 37 300 76 5788
leaf_count=6003 1985 1420 189 6141 639 267 1457 3236 508 994 479 4682 4967 254 125 1471 422 91 163 4097 961 207 101 25 20 703 37 300 76 5788
internal_value=6.81714e-07 -0.000990654 0.000250056 0.000318734 0.000234059 -9.87894e-06 0.000398222 0.000371359 0.000235767 -4.65161e-05 -7.90348e-06 -4.15041e-05 0.000269438 0 0.000632448 -0.000606164 -0.000688808 0.000389542 0.000281337 0.000420453 -6.33512e-05 -0.000509032 -0.00028713 -0.000462975 -0.000774596 -0.000239762 -0.000464175 0.000306112 0.000310148 0.000294013
internal_weight=47808 9605 38203 30234 14670 7969 15564 13982 3744 7311 6318 5676 12740 1930 1582 3602 1918 658 642 10238 1600 1684 993 447 227 892 1457 567 330 10755
internal_count=47808 9605 38203 30234 14670 7969 15564 13982 3744 7311 6318 5676 12740 1930 1582 3602 1918 658 642 10238 1600 1684 993 447 227 892 1457 567 330 10755
is_linear=0
shrinkage=0.05


Tree=75
num_leaves=31
num_cat=0
split_feature=0 12 3 0 7 0 5 0 3 0 9 1 7 1 9 1 0 9 9 3 0 5 9 9 0 5 3 0 7 3
split_gain=4.26641 0.302792 0.246788 0.0727674 0.054919 0.0419692 0.0305218 0.0299313 0.0252177 0.0228187 0.0209089 0.0200962 0.0152009 0.0212097 0.0128578 0.00972991 0.00892659 0.00855079 0.00804232 0.00786044 0.00738499 0.00682754 0.00573822 0.00492995 0.00434707 0.00398295 0.003958 0.00373786 0.00355427 0.00505043
threshold=1.0000000180025095e-35 1.0000000180025095e-35 10.500000000000002 0.61605000495910656 1.0000000180025095e-35 0.65944999456405651 0.99050000309944164 0.56215000152587902 50.500000000000007 0.68505001068115245 6.6404998302459726 1.0000000180025095e-35 1.0000000180025095e-35 0.53571429848670971 9.0355000495910662 0.91666665673255932 0.69835001230239879 7.3385000228881845 9.0355000495910662 20.500000000000004 0.52555000782012951 0.70649999380111705 7.3754999637603769 4.8550000190734872 0.58644998073577892 0.86599999666214 51.500000000000007 0.71889999508857738 1.0000000180025095e-35 49.500000000000007
decision_type=2 2 2 2 2 2 2 2 2 2 2 2 2 2 2 2 2 2 2 2 2 2 2 2 2 2 2 2 2 2
left_child=1 -1 3 4 7 8 14 20 10 12 11 -4 -5 -14 -6 19 23 -8 -12 22 -2 -10 25 -7 -9 -3 -25 -11 29 -21
right_child=2 15 5 9 6 16 17 24 21 27 18 -13 13 -15 -16 -17 -18 -19 -20 28 -22 -23 -24 26 -26 -27 -28 -29 -30 -31
leaf_value=-0.0011594889898053765 8.4272099000302838e-05 -0.00053684331853197668 0.00013209457097986606 0.00048320970796317898 -9.7396815134073545e-06 9.6505323134728351e-05 0.00026660137356780011 0.00030380657934994134 -0.00047584967881919219 0.00073605355868427416 0.00011248672595301544 -0.0001100396163844716 0.00015717905981224323 0.00053366128040434292 0.00056612489530928904 0.00038168338597728985 0.00069386821863291759 0.00071946226459329782 0.00049241306108928275 -0.00071346034753188604 0.00022977130650365981 -0.00015838185626125182 -0.00012928820645895892 0.00046565380876136832 0.00036797777077573194 0 0 0.0013063855499552102 -0.00074663862461504327 -0.00042541990099684008
leaf_weight=6003 1182 1529 1068 4243 2807 371 484 6851 376 277 1002 4087 1088 620 100 20 150 165 178 408 5363 428 136 264 6985 54 45 69 977 478
leaf_count=6003 1182 1529 1068 4243 2807 371 484 6851 376 277 1002 4087 1088 620 100 20 150 165 178 408 5363 428 136 264 6985 54 45 69 977 478
internal_value=6.9003e-07 -0.0009412 0.000237633 0.000302881 0.000262599 -9.29004e-06 7.93492e-05 0.000294325 -4.9026e-05 0.000455208 -1.47166e-05 -5.89034e-05 0.000430552 0.000296792 8.36877e-06 -0.000575994 0.000326428 0.000389532 0.000174071 -0.000582747 0.00020426 -0.000313108 -0.000493492 0.000237933 0.000336567 -0.000521613 0.000391476 0.000864582 -0.000662389 -0.00056377
internal_weight=47808 9605 38203 30234 23937 7969 3556 20381 7139 6297 6335 5155 5951 1708 2907 3602 830 649 1180 3582 6545 804 1719 680 13836 1583 309 346 1863 886
internal_count=47808 9605 38203 30234 23937 7969 3556 20381 7139 6297 6335 5155 5951 1708 2907 3602 830 649 1180 3582 6545 804 1719 680 13836 1583 309 346 1863 886
is_linear=0
shrinkage=0.05


Tree=76
num_leaves=31
num_cat=0
split_feature=0 10 3 0 0 10 0 12 5 0 9 9 2 8 0 0 3 0 0 3 2 8 0 9 8 9 5 7 2 0
split_gain=3.85191 0.272813 0.222817 0.065721 0.0419037 0.0355817 0.0316665 0.0285337 0.0257634 0.0206802 0.019235 0.0172926 0.0146584 0.013691 0.0117022 0.00863828 0.00843275 0.00837998 0.00816492 0.00637201 0.00630266 0.00640058 0.00536178 0.00521356 0.00505396 0.00493079 0.00463303 0.00454128 0.00534901 0.00410931
threshold=1.0000000180025095e-35 1.0000000180025095e-35 9.5000000000000018 0.58024999499320995 0.63554999232292186 5.9059998989105233 0.65944999456405651 0.0089731207117438334 0.90999999642372142 0.56545001268386852 6.8025000095367441 4.6909999847412118 1.0000000180025095e-35 0.15504807978868487 0.53275001049041759 0.70544999837875377 8.5000000000000018 0.60615000128746044 0.69369998574256908 50.500000000000007 1.0000000180025095e-35 0.037749288603663451 0.55755001306533825 7.6254999637603769 0.043961353600025184 9.0355000495910662 0.96549999713897716 1.0000000180025095e-35 1.0000000180025095e-35 0.53775000572204601
decision_type=2 2 2 2 2 2 2 2 2 2 2 2 2 2 2 2 2 2 2 2 2 2 2 2 2 2 2 2 2 2
left_child=1 -1 3 5 9 14 7 17 -9 29 12 20 -11 22 -2 -8 23 -5 19 -13 21 -6 -7 -3 -22 -12 27 28 -18 -4
right_child=2 16 4 6 11 13 15 8 -10 10 25 18 -14 -15 -16 -17 26 -19 -20 -21 24 -23 -24 -25 -26 -27 -28 -29 -30 -31
leaf_value=-0.0011015154978065882 0.00010985648938361404 -0.00043675097896479683 -0.00049932189525127789 0.00033489350268207886 0.00039343519671347746 -0.00019485644102349074 0.00055292872884875148 0.00010950915473815505 0.00037929682532462651 0.00011796927784181906 0.00012047773545540225 0.00035712771866525052 -0.0001120329180296224 0.00045830679561971222 0.00025637007727736166 0.0010592457960878533 -0.0004642234207747784 0.0004269507361409686 0.00077566252243480222 0 -9.5280244171186236e-05 -0.00035575909013289001 1.5843906754933672e-06 0 0.00016372331323236816 0.00046075064222202101 0 -0.00067936287049800547 -0.00082311336834621539 -0.00021405266929670812
leaf_weight=6003 1742 888 211 6961 208 528 1074 2389 1481 829 807 647 3766 134 9497 120 1079 5014 120 121 541 26 873 72 288 143 20 1377 166 683
leaf_count=6003 1742 888 211 6961 208 528 1074 2389 1481 829 807 647 3766 134 9497 120 1079 5014 120 121 541 26 873 72 288 143 20 1377 166 683
internal_value=6.9058e-07 -0.000894271 0.000225834 0.000289893 -1.19642e-06 0.000203231 0.000354568 0.000335145 0.000214053 -6.32967e-05 -2.63201e-05 0.000201187 -6.94476e-05 -1.95827e-05 0.000234107 0.000608087 -0.000547473 0.000373859 0.000365201 0.000294464 5.94498e-05 0.000288717 -6.8889e-05 -0.000403573 0 0.000177003 -0.000597851 -0.000603796 -0.000516153 -0.000287022
internal_weight=47808 9605 38203 29813 8390 12774 17039 15845 3870 6439 5545 1951 4595 1535 11239 1194 3602 11975 888 768 1063 234 1401 960 829 950 2642 2622 1245 894
internal_count=47808 9605 38203 29813 8390 12774 17039 15845 3870 6439 5545 1951 4595 1535 11239 1194 3602 11975 888 768 1063 234 1401 960 829 950 2642 2622 1245 894
is_linear=0
shrinkage=0.05


Tree=77
num_leaves=31
num_cat=0
split_feature=11 1 1 8 3 9 9 9 1 5 8 3 3 3 3 5 3 9 8 8 1 1 8 8 5 3 1 9 9 11
split_gain=0.160145 0.0879013 0.0435734 0.0423234 0.0449145 0.0187688 0.0176956 0.0155543 0.0149696 0.0149613 0.0145229 0.0144627 0.00948251 0.00891078 0.0507879 0.00640544 0.00555409 0.00545491 0.00515902 0.00510148 0.00508636 0.00418851 0.00299455 0.00243537 0.00219726 0.00173671 0.00172667 0.00143825 0.00141485 0.00127681
threshold=5.8960001468658456 0.91666665673255932 0.46428571641445165 0.091966174542903914 40.500000000000007 8.0085000991821307 1.0000000180025095e-35 9.9499998092651385 0.30952382087707525 0.98849999904632579 0.051956815645098693 50.500000000000007 27.500000000000004 49.500000000000007 32.500000000000007 0.75549998879432689 50.500000000000007 7.3989999294281015 0.17316342145204547 0.20416666567325595 0.77500000596046459 0.21111111342906955 0.025320513173937801 0.17316342145204547 0.99950000643730175 8.5000000000000018 0.30952382087707525 3.9584999084472661 7.7005000114440927 7.8635001182556161
decision_type=2 2 2 2 2 2 2 2 2 2 2 2 2 2 2 2 2 2 2 2 2 2 2 2 2 2 2 2 2 2
left_child=1 3 6 4 5 9 11 15 23 -1 16 13 17 14 -2 -6 20 22 29 -10 25 -7 -3 28 -24 -4 -15 -14 -5 -12
right_child=2 12 10 8 7 21 -8 -9 19 -11 18 -13 27 26 -16 -17 -18 -19 -20 -21 -22 -23 24 -25 -26 -27 -28 -29 -30 -31
leaf_value=1.8340143126767264e-05 -0.00024401676694992076 0.00030738725722455411 0 -7.8763863791534805e-05 -0.00047707194404468837 0.00011265901171625659 0.0004229770293163813 0.00036564841045176426 0.00034149431536109116 0.00023507739816461994 0.00023973756460331279 -0.00061702286086573249 -8.7892026872251892e-05 -0.00018483263400952458 -0.00087065264656824553 -0.00020993411814689621 -0.00052912023138747852 0.00082275582893446837 0.000747675208501893 0.00069104361266483284 0.00010737073373263902 0.00042358249419803583 0.00065272292468193422 0.00026226052568507782 0.00028167485948081696 -0.00014646815955103999 -1.6712519469212839e-05 0.00021326852574941803 0.00027362046639221215 0
leaf_weight=34805 3383 304 316 272 502 231 85 78 821 820 245 324 22 1646 367 591 63 190 58 165 393 355 315 88 109 682 242 230 28 78
leaf_count=34805 3383 304 316 272 502 231 85 78 821 820 245 324 22 1646 367 591 63 190 58 165 393 355 315 88 109 682 242 230 28 78
internal_value=6.81396e-07 4.14457e-05 -0.000205172 2.84174e-05 1.82573e-05 2.82391e-05 -0.000269953 -0.000286118 0.000301182 2.34699e-05 5.5807e-06 -0.000280677 0.000468692 -0.000260451 -0.000306698 -0.000337233 -6.36335e-05 0.000546004 0.000282788 0.000405123 -3.89203e-05 0.000309588 0.000466804 2.41233e-05 0.000569214 -0.000101542 -0.000165934 0.000167119 -2.91333e-05 0.00018363
internal_weight=47808 39926 7882 38756 37382 36211 6047 1171 1374 35625 1835 5962 1170 5638 3750 1093 1454 918 381 986 1391 586 728 388 424 998 1888 252 300 323
internal_count=47808 39926 7882 38756 37382 36211 6047 1171 1374 35625 1835 5962 1170 5638 3750 1093 1454 918 381 986 1391 586 728 388 424 998 1888 252 300 323
is_linear=0
shrinkage=0.05


Tree=78
num_leaves=31
num_cat=0
split_feature=0 10 3 0 0 0 3 0 11 0 0 8 1 12 10 1 8 1 1 7 0 1 0 11 3 1 0 3 10 0
split_gain=3.44631 0.257959 0.196731 0.0573669 0.0469585 0.0266875 0.0205448 0.0197286 0.0195522 0.0154668 0.0138698 0.0128565 0.0124093 0.0119805 0.0177985 0.0108324 0.00971657 0.0084348 0.00828589 0.0097192 0.00743473 0.00741817 0.00694919 0.00658489 0.00436981 0.003986 0.00382017 0.00374744 0.00368102 0.00326951
threshold=1.0000000180025095e-35 1.0000000180025095e-35 4.5000000000000009 0.58875000476837169 0.59874999523162853 0.66975000500679027 20.500000000000004 0.6740500032901765 1.0000000180025095e-35 0.5505499839782716 0.54304999113082897 0.20416666567325595 0.53571429848670971 0.0089731207117438334 7.2860000133514413 1.0000000180025095e-35 0.086335405707359328 0.58571431040763866 0.13392857462167743 1.0000000180025095e-35 0.70544999837875377 1.0000000180025095e-35 0.62744998931884777 6.3459999561309823 31.500000000000004 0.30952382087707525 0.49175000190734869 50.500000000000007 7.4559998512268075 0.71889999508857738
decision_type=2 2 2 2 2 2 2 2 2 2 2 2 2 2 2 2 2 2 2 2 2 2 2 2 2 2 2 2 2 2
left_child=1 -1 3 8 9 6 12 13 10 -4 26 21 -6 22 -15 -8 28 18 19 27 24 -11 -5 -21 -7 -18 -2 -3 -10 -9
right_child=2 17 4 7 5 20 15 29 16 11 -12 -13 -14 14 -16 -17 25 -19 -20 23 -22 -23 -24 -25 -26 -27 -28 -29 -30 -31
leaf_value=-0.001047357663965736 -8.5558536181275509e-05 -0.00034757476755802757 -0.00035387342098007783 0.00034752736176772264 0.00010031253550463918 0.00045610547699155866 0.00018751608451464313 0.0006106779827774676 -0.00013270834407157802 9.17272755394802e-05 0.00026337425159113072 0.00051671025757369662 0.00032566348683324149 5.3696772882689877e-05 0.00036956638757945528 -6.0091308632784847e-05 0 0.00019330652241388008 -0.00076346298981407566 -0.00040285435898561962 0.00081006221581469994 -9.8784970896556262e-05 0.00045269768532587342 -0.00064570072779011282 0.00015200629132977543 0.00041496393818432988 0.00015155388024903194 -0.00069060165326001943 5.9996034973160476e-05 0.0011500007851031671
leaf_weight=6003 153 1335 496 7062 1931 334 545 455 550 576 10938 94 970 847 1051 2278 58 32 375 551 114 3353 2622 1187 282 191 2835 122 410 58
leaf_count=6003 153 1335 496 7062 1931 334 545 455 550 576 10938 94 970 847 1051 2278 58 32 375 551 114 3353 2622 1187 282 191 2835 122 410 58
internal_value=6.781e-07 -0.000845848 0.000213644 0.000285697 3.43867e-05 0.000121265 8.38491e-05 0.000367501 0.000219991 -8.85853e-05 0.000236777 -5.46269e-05 0.000177395 0.000353151 0.000231251 -1.05129e-05 2.24938e-05 -0.00050861 -0.000516307 -0.000485711 0.000407744 -6.95813e-05 0.000376524 -0.000571615 0.000325054 0.000303476 0.000137737 -0.000379775 -4.5202e-05 0.000681611
internal_weight=47808 9605 38203 27230 10973 6454 5724 12095 15135 4519 13926 4023 2901 11582 1898 2823 1209 3602 3570 3195 730 3929 9684 1738 616 249 2988 1457 960 513
internal_count=47808 9605 38203 27230 10973 6454 5724 12095 15135 4519 13926 4023 2901 11582 1898 2823 1209 3602 3570 3195 730 3929 9684 1738 616 249 2988 1457 960 513
is_linear=0
shrinkage=0.05


Tree=79
num_leaves=31
num_cat=0
split_feature=11 8 3 8 10 9 3 8 9 5 9 11 9 3 3 2 8 5 9 10 2 5 2 10 2 10 8 3 3 8
split_gain=0.133949 0.0691873 0.0360075 0.0277153 0.0263574 0.0238001 0.0196888 0.0181037 0.015034 0.0149706 0.0161464 0.0116307 0.0255932 0.0108299 0.0580822 0.00816957 0.00772717 0.00624342 0.00525917 0.00498172 0.00446902 0.00395772 0.0036604 0.00259399 0.00257369 0.00107408 0.00105787 0.000825923 0.000512516 0.000444882
threshold=5.8960001468658456 0.091966174542903914 40.500000000000007 0.086335405707359328 7.4559998512268075 1.0000000180025095e-35 50.500000000000007 0.25357143580913549 9.3874998092651385 0.67049998044967662 9.0355000495910662 1.2605000138282778 7.5030000209808358 49.500000000000007 32.500000000000007 1.0000000180025095e-35 0.25866188108921057 0.82749998569488536 8.0085000991821307 7.4105000495910653 1.5000000000000002 0.98849999904632579 1.5000000000000002 7.430500030517579 1.0000000180025095e-35 7.4559998512268075 0.17316342145204547 31.500000000000004 31.500000000000004 0.16172623634338382
decision_type=2 2 2 2 2 2 2 2 2 2 2 2 2 2 2 2 2 2 2 2 2 2 2 2 2 2 2 2 2 2
left_child=1 2 4 5 11 6 13 15 17 10 -6 21 -13 14 -2 29 24 23 19 -17 -11 -1 -15 -4 -5 -19 27 -26 -7 -3
right_child=3 7 8 16 9 28 -8 -9 -10 20 -12 12 -14 22 -16 18 -18 25 -20 -21 -22 -23 -24 -25 26 -27 -28 -29 -30 -31
leaf_value=2.381263035277966e-05 -0.00018349955379298581 -0.00027002885160487468 -0.00051065993391637133 -0.00019329271952036738 -6.5702496724263367e-05 0.00059248631358904289 -0.00057683085116553049 0.00083401838676707123 0.00038530768527679699 0.00014469973795983062 0.00045985046450143703 -0.00023011233370982787 0.00022651482797782945 -0.000137614542226092 -0.00076226119833850629 0.00018361821917640752 0.0011519104996653973 -0.00022642457547670093 0.00071655251476969309 0.00039324555059551164 0.00030025467241183825 0.00018675753514818498 1.6302624395857857e-05 -0.00026088412431762089 0.00019142877170071862 -5.1482466947081552e-05 0.00039901878710815351 0 6.1497369543505223e-05 0
leaf_weight=31483 4229 51 326 37 949 83 384 181 84 955 172 1195 403 1841 492 763 22 245 92 638 1353 387 418 339 162 288 72 113 29 22
leaf_count=31483 4229 51 326 37 949 83 384 181 84 955 172 1195 403 1841 492 763 22 245 92 638 1353 387 418 339 162 288 72 113 29 22
internal_value=6.77145e-07 3.79675e-05 2.37468e-05 -0.00018758 3.29172e-05 -0.000209766 -0.000221243 0.000345865 -0.000236266 0.000165134 1.05093e-05 1.9221e-05 -0.00011182 -0.000200956 -0.000244889 0.000286202 0.000208586 -0.00028405 0.000312801 0.00028267 0.000238065 2.59488e-05 -0.000106921 -0.000390907 0.000141238 -0.000141303 0.000191359 0.000118689 0.000499779 -0.000189093
internal_weight=47808 39926 38179 7882 36897 7476 7364 1747 1282 3429 1121 33468 1598 6980 4721 1566 406 1198 1493 1401 2308 31870 2259 665 384 533 347 275 112 73
internal_count=47808 39926 38179 7882 36897 7476 7364 1747 1282 3429 1121 33468 1598 6980 4721 1566 406 1198 1493 1401 2308 31870 2259 665 384 533 347 275 112 73
is_linear=0
shrinkage=0.05


Tree=80
num_leaves=30
num_cat=0
split_feature=0 10 10 8 0 0 1 0 3 10 8 0 1 0 11 1 3 3 0 0 1 0 12 0 0 1 11 0 0
split_gain=3.089 0.242599 0.175056 0.0656574 0.049026 0.0488932 0.0282905 0.0169514 0.0167109 0.0153956 0.0135216 0.0116607 0.00770451 0.00741095 0.00682335 0.00648571 0.00574483 0.00468942 0.00459699 0.00437896 0.00393391 0.00263811 0.00251651 0.00195807 0.0015144 0.00119545 0.00114434 0.000661153 0.000565658
threshold=1.0000000180025095e-35 1.0000000180025095e-35 1.0000000180025095e-35 0.15504807978868487 0.60124999284744274 0.5928499996662141 0.77500000596046459 0.55215001106262218 30.500000000000004 7.4559998512268075 0.31860901415348059 0.65125000476837169 0.91666665673255932 0.53904998302459728 7.4814999103546151 0.13392857462167743 19.500000000000004 20.500000000000004 0.50575000047683727 0.60205000638961803 0.26785714924335485 0.57335001230239879 0.96899038553237926 0.67965000867843639 0.69369998574256908 0.21111111342906955 2.7434999942779545 0.49175000190734869 0.52555000782012951
decision_type=2 2 2 2 2 2 2 2 2 2 2 2 2 2 2 2 2 2 2 2 2 2 2 2 2 2 2 2 2
left_child=1 -1 4 5 7 9 8 18 -7 13 19 -6 15 -4 -11 17 -8 -3 27 25 -17 -9 -19 -13 -21 -5 -22 -2 -20
right_child=2 12 3 10 11 6 16 21 -10 14 -12 23 -14 -15 -16 20 -18 22 28 24 26 -23 -24 -25 -26 -27 -28 -29 -30
leaf_value=-0.00099618122341794458 -8.2473256174562948e-05 -0.00037516416760572372 -0.00037599364021413103 0 0.00036754749910950847 0.00012288781973345602 0.00044344575854389002 0.00023357405572776901 -3.6060879851834209e-05 6.9427323899539335e-05 0.0010388506558097102 0.00049564327794705896 0.00037306770925590795 -0.00013304733347708835 -0.00012046244765747264 -0.0008622261582852714 0.00018361102688752208 -0.00058453456276549322 0.00010908247867187968 0.00046214035815971173 -0.00011264686880490351 0.00028934109700120718 -0.0004166065587583378 0.00071758848956353307 0.00092498286918389887 0.00028676640971530236 -0.00055712107370287068 4.484329726157628e-05 0.00018160745233452365
leaf_weight=6003 153 1517 405 56 5581 5154 667 4748 2373 1458 113 880 20 2236 696 225 436 983 722 320 54 8057 695 279 49 267 108 304 3249
leaf_count=6003 153 1517 405 56 5581 5154 667 4748 2373 1458 113 880 20 2236 696 225 436 983 722 320 54 8057 695 279 49 267 108 304 3249
internal_value=6.66171e-07 -0.000800771 0.000202296 6.29226e-05 0.000284817 3.62196e-05 0.000107611 0.000239372 7.21128e-05 -9.12273e-05 0.00050198 0.000400263 -0.000473698 -0.000172209 5.74628e-06 -0.000479832 0.000345295 -0.000451754 0.000152399 0.00040695 -0.000698543 0.000269056 -0.00051799 0.000553442 0.000537382 0.000242347 -0.000439969 0 0.000169683
internal_weight=47808 9605 38203 14230 23973 13425 8630 17233 7527 4795 805 6740 3602 2641 2154 3582 1103 3195 4428 692 387 12805 1678 1159 369 323 162 457 3971
internal_count=47808 9605 38203 14230 23973 13425 8630 17233 7527 4795 805 6740 3602 2641 2154 3582 1103 3195 4428 692 387 12805 1678 1159 369 323 162 457 3971
is_linear=0
shrinkage=0.05


Tree=81
num_leaves=31
num_cat=0
split_feature=0 10 3 0 7 0 5 0 1 8 1 8 0 9 7 1 9 7 5 7 1 1 0 0 9 11 3 0 0 9
split_gain=2.789 0.218543 0.159608 0.0521299 0.0440459 0.0278277 0.0226866 0.0210375 0.0174775 0.0298733 0.0277242 0.0204811 0.016811 0.0145311 0.0111381 0.0161673 0.0103933 0.00796288 0.00715936 0.00672279 0.00552892 0.00656973 0.00548033 0.00513902 0.00512454 0.00415436 0.00286684 0.00260559 0.00258638 0.00244619
threshold=1.0000000180025095e-35 1.0000000180025095e-35 12.500000000000002 0.61704999208450328 1.0000000180025095e-35 0.66104999184608471 0.86599999666214 0.56215000152587902 1.0000000180025095e-35 0.029857398010790352 0.30952382087707525 0.01835016813129187 0.68854999542236339 7.550499916076661 1.0000000180025095e-35 0.41428571939468389 9.0355000495910662 1.0000000180025095e-35 0.90549999475479137 1.0000000180025095e-35 0.13392857462167743 0.46428571641445165 0.69835001230239879 0.5165500044822694 4.4874999523162851 6.3459999561309823 50.500000000000007 0.65565001964569103 0.58754998445510875 4.4065001010894784
decision_type=2 2 2 2 2 2 2 2 2 2 2 2 2 2 2 2 2 2 2 2 2 2 2 2 2 2 2 2 2 2
left_child=1 -1 3 4 7 8 16 23 9 17 24 -12 14 -8 27 -16 -6 -4 19 20 26 -22 29 -2 -10 -21 -3 -5 -9 -7
right_child=2 18 5 12 6 22 13 28 10 -11 11 -13 -14 -15 15 -17 -18 -19 -20 25 21 -23 -24 -25 -26 -27 -28 -29 -30 -31
leaf_value=-0.0009463729660728631 3.1650693019759658e-05 -0.000304096913602002 0.00060361139811854593 0.00037294203484965601 -7.7481612449783717e-05 7.3771666236035859e-05 0.00013612251218240252 0.0002477330197900531 -0.00039832196732300678 -0.00051928324775683853 -0.00011345387995531648 0.00011551054647537505 0.00075271947926295961 0.00062369308508608242 8.1691028882513352e-05 0.0003843687596838454 0.00043153634291861158 0.00016232486538782454 0 -0.00039581390139039756 -0.00076739380077891714 0 0.0005668475318182305 0.00017838607640693806 -0.00018005167896318047 -0.00059253083822184639 -0.0006128982811790893 0.00049957205574697506 0.00029894206357199534 0.00030331077505852191
leaf_weight=6003 760 1316 130 3336 2093 317 1566 7198 632 153 2499 1591 298 179 891 984 103 895 79 596 177 37 144 5793 687 1277 120 816 6847 291
leaf_count=6003 760 1316 130 3336 2093 317 1566 7198 632 153 2499 1591 298 179 891 984 103 895 79 596 177 37 144 5793 687 1277 120 816 6847 291
internal_value=6.55744e-07 -0.000760864 0.000192249 0.000242096 0.000208637 -1.66972e-05 5.38427e-05 0.00023801 -5.02364e-05 0.000122506 -8.87831e-05 -2.31642e-05 0.00037111 0.000189035 0.0003514 0.000243215 -5.13116e-05 0.000223224 -0.000450294 -0.00046086 -0.000376335 -0.000640632 0.000270402 0.000162132 -0.000288449 -0.000532628 -0.000333425 0.000399045 0.000273056 0.000191887
internal_weight=47808 9605 38203 30864 24539 7339 3941 20598 6587 1178 5409 4090 6325 1745 6027 1875 2196 1025 3602 3523 1650 214 752 6553 1319 1873 1436 4152 14045 608
internal_count=47808 9605 38203 30864 24539 7339 3941 20598 6587 1178 5409 4090 6325 1745 6027 1875 2196 1025 3602 3523 1650 214 752 6553 1319 1873 1436 4152 14045 608
is_linear=0
shrinkage=0.05


Tree=82
num_leaves=31
num_cat=0
split_feature=0 12 1 8 8 1 0 1 9 8 5 0 3 0 9 1 9 5 1 8 9 8 8 0 0 1 0 9 0 0
split_gain=2.51823 0.196856 0.14561 0.0871762 0.0732329 0.0479897 0.0447217 0.0327065 0.023436 0.0225473 0.0176497 0.0168129 0.0140407 0.0120465 0.00707211 0.00677661 0.00594185 0.00592515 0.00715382 0.00454675 0.00429775 0.00381428 0.00352239 0.00344744 0.00311567 0.00240156 0.00193345 0.00154838 0.0015348 0.00151364
threshold=1.0000000180025095e-35 1.0000000180025095e-35 1.0000000180025095e-35 1.0000000180025095e-35 0.023532669059932235 0.30952382087707525 0.60414999723434459 0.30952382087707525 9.0355000495910662 0.20416666567325595 0.75549998879432689 0.54725000262260448 18.500000000000004 0.65224999189376842 6.7300000190734872 0.91666665673255932 6.5905001163482675 0.90549999475479137 0.13392857462167743 0.36931818723678594 8.6335000991821307 0.15894736349582675 0.12973351776599887 0.57144999504089367 0.49175000190734869 0.26785714924335485 0.57545000314712536 9.7059998512268084 0.67645001411437999 0.56905001401901256
decision_type=2 2 2 2 2 2 2 2 2 2 2 2 2 2 2 2 2 2 2 2 2 2 2 2 2 2 2 2 2 2
left_child=1 -1 4 7 6 16 11 14 10 12 -9 24 -7 -8 26 17 22 18 20 -11 -3 -6 -5 -13 -2 -20 -4 -16 -15 -18
right_child=2 15 3 5 21 9 13 8 -10 19 -12 23 -14 28 27 -17 29 -19 25 -21 -22 -23 -24 -25 -26 -27 -28 -29 -30 -31
leaf_value=-0.00089905511693850039 -7.9933777782188707e-05 -0.00042598401706699888 -0.00046785506171799517 -0.0001946577569937177 -0.00051205008650046261 0.00030882002113000683 0.00033532703745278399 -0.00010761067582936801 0.00054340601258332422 0.00054623808375574756 8.8746818574912017e-05 0.00020541558272561993 0.00010302034492589451 0.00045952059230174914 -0.00010935805796420267 0.0003623721928831505 -9.556480414432957e-05 0 -0.00082490261452691435 0.001138173363079984 -3.1908514046492703e-05 0 6.293887358584502e-05 0.0002625442743631608 0.00013150963857376662 -0.00044070033327713737 -0.0002768214155125455 0.00014158502603616336 0.00064854721799227015 0.00013722597772857913
leaf_weight=6003 153 3049 273 753 320 2440 5782 3178 180 266 1765 5227 1387 890 212 20 65 78 208 64 99 37 128 9612 3629 148 1115 76 352 299
leaf_count=6003 153 3049 273 753 320 2440 5782 3178 180 266 1765 5227 1387 890 212 20 65 78 208 64 99 37 128 9612 3629 148 1115 76 352 299
internal_value=6.54846e-07 -0.000722951 0.000182716 3.97253e-05 0.000249619 0.000189936 0.000259645 -7.88866e-05 -1.51243e-05 0.000271767 -3.64853e-05 0.000218427 0.000235544 0.000368199 -0.000270792 -0.000428055 -7.92798e-05 -0.000433875 -0.000443469 0.000676495 -0.000415181 -0.000456427 -0.000151554 0.000242759 0.000121632 -0.000679388 -0.000318028 -2.57557e-05 0.000517167 8.19089e-05
internal_weight=47808 9605 38203 12201 26002 5402 25645 6799 5123 4157 4943 18621 3827 7024 1676 3602 1245 3582 3504 330 3148 357 881 14839 3782 356 1388 288 1242 364
internal_count=47808 9605 38203 12201 26002 5402 25645 6799 5123 4157 4943 18621 3827 7024 1676 3602 1245 3582 3504 330 3148 357 881 14839 3782 356 1388 288 1242 364
is_linear=0
shrinkage=0.05


Tree=83
num_leaves=31
num_cat=0
split_feature=11 1 3 1 1 12 10 9 9 9 3 9 3 3 3 9 1 3 3 2 1 5 9 10 1 1 3 10 3 5
split_gain=0.0910214 0.0625523 0.0293154 0.0299277 0.0271734 0.024256 0.0227698 0.0176687 0.0168375 0.012957 0.0119362 0.011481 0.00997118 0.0330314 0.0169667 0.00701555 0.00550761 0.00546938 0.00465701 0.00316162 0.00297509 0.00287337 0.00201302 0.00173182 0.00118816 0.00400125 0.00109325 0.000926245 0.000890652 0.000875805
threshold=5.8960001468658456 0.91666665673255932 43.500000000000007 0.30952382087707525 0.61250001192092907 0.0089731207117438334 7.5199999809265146 1.0000000180025095e-35 7.0304999351501474 8.0085000991821307 6.5000000000000009 9.0355000495910662 49.500000000000007 32.500000000000007 50.500000000000007 8.1949996948242205 0.26785714924335485 28.500000000000004 50.500000000000007 1.5000000000000002 0.91666665673255932 0.7995000183582307 5.5044999122619638 7.4559998512268075 1.0000000180025095e-35 0.30952382087707525 2.5000000000000004 7.5199999809265146 5.5000000000000009 0.98950001597404491
decision_type=2 2 2 2 2 2 2 2 2 2 2 2 2 2 2 2 2 2 2 2 2 2 2 2 2 2 2 2 2 2
left_child=1 2 3 5 7 -1 8 10 -5 -7 24 16 13 -12 -14 17 -4 21 20 -8 -6 23 -18 -3 26 -26 -2 -19 -23 -29
right_child=4 15 11 6 18 9 19 -9 -10 -11 12 -13 14 -15 -16 -17 22 27 -20 -21 -22 28 -24 -25 25 -27 -28 29 -30 -31
leaf_value=2.433350908780613e-05 4.0568493011907119e-05 0 -0.00041472138709199008 -2.3192266789661666e-05 1.0011497362153791e-05 -0.00016679205605203833 0.00039500884450669973 0.00044974602952794823 0.00027367478797535804 0.00016826218263938134 -0.00022772840966658618 0.00031931279672487182 -0.00010163739430786134 -0.0007125950076109415 -0.00048437844835685684 0.00091587794930435165 -0.00030045941464724042 0 -0.00040222952384427784 0.00022666358289228988 0.00019295655089248003 0.00056788197362899211 -8.3175522457820065e-05 0.00030553615490496811 -0.00026638525604422305 -1.2381909725475914e-05 -7.5131406228079288e-05 0.00026088115994399487 0.00036503016921611298 0
leaf_weight=29983 320 70 447 2016 518 2531 481 101 617 311 2376 81 2078 430 351 72 211 104 44 1658 493 317 420 130 286 438 447 101 355 21
leaf_count=29983 320 70 447 2016 518 2531 481 101 617 311 2376 81 2078 430 351 72 211 104 44 1658 493 317 420 130 286 438 447 101 355 21
internal_value=6.33389e-07 3.13912e-05 2.03807e-05 2.81343e-05 -0.000154533 1.09603e-05 0.000145218 -0.000191244 4.44825e-05 -0.000128363 -0.00020162 -0.000226809 -0.000237602 -0.000303835 -0.000159021 0.000391808 -0.000272508 0.000352809 7.82822e-05 0.000266874 0.000104177 0.00041193 -0.000163792 0.000197632 -7.19218e-05 -0.000119648 -2.03432e-05 0.000102504 0.00046823 0.000196014
internal_weight=47808 39926 38756 37597 7882 32825 4772 6827 2633 2842 6726 1159 5235 2806 2429 1170 1078 1098 1055 2139 1011 872 631 200 1491 724 767 226 672 122
internal_count=47808 39926 38756 37597 7882 32825 4772 6827 2633 2842 6726 1159 5235 2806 2429 1170 1078 1098 1055 2139 1011 872 631 200 1491 724 767 226 672 122
is_linear=0
shrinkage=0.05


Tree=84
num_leaves=31
num_cat=0
split_feature=0 12 1 8 8 0 1 1 9 8 5 0 0 0 5 9 7 9 1 1 8 8 7 0 0 8 1 9 5 9
split_gain=2.25496 0.186059 0.132075 0.0763617 0.0645201 0.0407078 0.039308 0.026757 0.0200132 0.019763 0.0147413 0.0145271 0.012567 0.0116418 0.00639788 0.00608416 0.00598387 0.00541229 0.00493453 0.00474994 0.00389829 0.00345311 0.00320239 0.00300814 0.00273699 0.00269144 0.00215867 0.00210669 0.00156609 0.00145365
threshold=1.0000000180025095e-35 1.0000000180025095e-35 1.0000000180025095e-35 1.0000000180025095e-35 0.023532669059932235 0.60124999284744274 0.30952382087707525 0.30952382087707525 9.0355000495910662 0.20416666567325595 0.75549998879432689 0.54554998874664318 0.57824999094009411 0.65224999189376842 0.75549998879432689 6.5965001583099374 1.0000000180025095e-35 4.7980000972747812 0.13392857462167743 0.46428571641445165 0.42261904478073126 0.16172623634338382 1.0000000180025095e-35 0.57054999470710765 0.50575000047683727 0.15504807978868487 0.46428571641445165 9.9499998092651385 0.97650000452995311 7.998500108718873
decision_type=2 2 2 2 2 2 2 2 2 2 2 2 2 2 2 2 2 2 2 2 2 2 2 2 2 2 2 2 2 2
left_child=1 -1 4 7 5 11 17 15 10 12 -9 24 -8 -7 16 22 18 -5 27 -20 -11 -6 -4 -13 -2 -19 29 -3 -16 -18
right_child=2 14 3 6 21 13 9 8 -10 20 -12 23 -14 -15 28 -17 26 25 19 -21 -22 -23 -24 -25 -26 -27 -28 -29 -30 -31
leaf_value=-0.00085531981980480813 0 -0.00030268737662409167 -8.3438201799067402e-05 -0.00020887167460610331 -0.00047798267675448259 0.00031426848016984869 0 -0.00010135267077023322 0.00049936109657200585 0.00053938835033296296 7.7952850972361901e-05 0.00019186188277276893 0.00025637316889130833 0.00049115921464801 -0.00015661223789446025 -3.2713340239998885e-05 -0.00050217167572456521 -1.9502043672304326e-05 -0.00071352759810535109 0 0.0012538987763777928 0 -0.0003297565793216415 0.00024600461719895294 0.00012748209116018191 0.00028411193772635667 0 0 0.000240319322554895 -0.00018965384766216021
leaf_weight=6003 457 1351 214 434 321 6401 599 3178 180 295 1765 5229 3228 1242 186 318 1701 731 158 35 35 36 1144 9247 3069 80 22 37 20 92
leaf_count=6003 457 1351 214 434 321 6401 599 3178 180 295 1765 5229 3228 1242 186 318 1701 731 158 35 35 36 1144 9247 3069 80 22 37 20 92
internal_value=6.03519e-07 -0.000684127 0.000172891 3.66867e-05 0.000236609 0.000246027 0.000177291 -7.42928e-05 -1.65094e-05 0.000251356 -3.63161e-05 0.00020429 0.000217326 0.000343674 -0.000397417 -0.000247924 -0.000414364 -6.59961e-05 -0.000332501 -0.000596109 0.000630674 -0.000425747 -0.000294631 0.000226794 0.000110476 4.31442e-06 -0.000482895 -0.000292204 -9.37172e-05 -0.000488936
internal_weight=47808 9605 38203 12201 26002 25645 5402 6799 5123 4157 4943 18002 3827 7643 3602 1676 3396 1245 1581 193 330 357 1358 14476 3526 811 1815 1388 206 1793
internal_count=47808 9605 38203 12201 26002 25645 5402 6799 5123 4157 4943 18002 3827 7643 3602 1676 3396 1245 1581 193 330 357 1358 14476 3526 811 1815 1388 206 1793
is_linear=0
shrinkage=0.05


Tree=85
num_leaves=31
num_cat=0
split_feature=0 10 3 0 7 0 5 0 0 0 0 1 1 8 8 7 1 5 1 7 3 0 1 1 11 3 1 1 0 2
split_gain=2.03572 0.167637 0.120268 0.0415711 0.0331702 0.0247286 0.0163296 0.0155451 0.0138239 0.0115275 0.0104466 0.0100955 0.0082797 0.0129983 0.0105343 0.00690085 0.0117693 0.00576546 0.00548939 0.00532174 0.00529301 0.00446861 0.0044191 0.00423501 0.00357367 0.00227512 0.00197405 0.00195319 0.00189931 0.00177503
threshold=1.0000000180025095e-35 1.0000000180025095e-35 12.500000000000002 0.61704999208450328 1.0000000180025095e-35 0.62115001678466808 0.86599999666214 0.56655001640319835 0.68854999542236339 0.68505001068115245 0.5627499818801881 0.21111111342906955 1.0000000180025095e-35 0.029857398010790352 0.063164893537759795 1.0000000180025095e-35 0.53571429848670971 0.75549998879432689 1.0000000180025095e-35 1.0000000180025095e-35 50.500000000000007 0.52705001831054699 0.13392857462167743 0.46428571641445165 7.6305000782012948 50.500000000000007 1.0000000180025095e-35 0.46428571641445165 0.71889999508857738 1.5000000000000002
decision_type=2 2 2 2 2 2 2 2 2 2 2 2 2 2 2 2 2 2 2 2 2 2 2 2 2 2 2 2 2 2
left_child=1 -1 3 4 7 10 18 21 15 20 26 -8 13 -12 -14 -5 -17 19 -6 22 24 -2 25 -24 -7 -3 -4 -21 -10 -9
right_child=2 17 5 8 6 9 11 29 28 -11 12 -13 14 -15 -16 16 -18 -19 -20 27 -22 -23 23 -25 -26 -27 -28 -29 -30 -31
leaf_value=-0.00081255447897471845 5.332830927954524e-05 -0.0002507258228115629 -6.0733538973980263e-05 0.00034299980487907 0.00011670794428194459 0.00012922044272362042 -0.0001379090095568945 0.00023953222889834828 0.00054217691280703916 0.00040069347378980202 0.00019110895613121289 0.00020615310653195065 -0.00013355756271927967 -0.00040386047390514172 8.0135698846971629e-05 0.00011782065791472274 0.00038839986771009696 -8.7816324636324849e-05 -8.4746668379813428e-05 -0.00046463066603661963 -0.00012631157478967955 0.00016210201868543163 -0.00067787378476219864 0 -3.1809577753783827e-05 -0.00053711835860734169 -0.00031867949076480042 0 0.0009988914581174587 7.2935179259195357e-05
leaf_weight=6003 1285 1276 146 4152 399 1615 230 12811 226 301 611 1515 2662 104 705 1202 673 206 1797 1793 291 6252 158 35 379 112 525 22 72 250
leaf_count=6003 1285 1276 146 4152 399 1615 230 12811 226 301 611 1515 2662 104 705 1202 673 206 1797 1793 291 6252 158 35 379 112 525 22 72 250
internal_value=5.68315e-07 -0.000650019 0.000164271 0.000207544 0.000177627 -1.70297e-05 4.31072e-05 0.000203122 0.000322815 0.000106541 -8.53142e-05 0.000157933 -5.37211e-05 9.75315e-05 -8.73273e-05 0.000304829 0.000217623 -0.000377739 -4.58632e-05 -0.00039385 6.55882e-05 0.000144221 -0.000316004 -0.000566917 9.6106e-05 -0.000277474 -0.000270022 -0.000458884 0.000669595 0.000236727
internal_weight=47808 9605 38203 30864 24539 7339 3941 20598 6325 2586 4753 1745 4082 715 3367 6027 1875 3602 2196 3396 2285 7537 1581 193 1994 1388 671 1815 298 13061
internal_count=47808 9605 38203 30864 24539 7339 3941 20598 6325 2586 4753 1745 4082 715 3367 6027 1875 3602 2196 3396 2285 7537 1581 193 1994 1388 671 1815 298 13061
is_linear=0
shrinkage=0.05


Tree=86
num_leaves=31
num_cat=0
split_feature=0 14 3 0 7 0 9 0 0 0 1 0 9 1 9 1 3 1 1 0 8 1 1 7 1 1 9 9 0 9
split_gain=1.8381 0.150939 0.108674 0.0377521 0.0298975 0.0223107 0.0205861 0.0162975 0.0106561 0.0103994 0.0102118 0.00956707 0.0067801 0.00729056 0.00580738 0.00737553 0.00567543 0.00413988 0.011145 0.00413769 0.00411274 0.00396202 0.00297101 0.00281998 0.00296941 0.00302241 0.00276059 0.00262195 0.00222677 0.00210821
threshold=1.0000000180025095e-35 1.0000000180025095e-35 12.500000000000002 0.62804999947547924 1.0000000180025095e-35 0.62115001678466808 7.0304999351501474 0.56704998016357433 0.68854999542236339 0.68505001068115245 0.46428571641445165 0.57005000114440929 7.2520000934600839 1.0000000180025095e-35 5.428499937057496 1.0000000180025095e-35 6.5000000000000009 1.0000000180025095e-35 0.30952382087707525 0.5165500044822694 0.031754031777381904 0.30952382087707525 1.0000000180025095e-35 1.0000000180025095e-35 0.13392857462167743 0.46428571641445165 6.798499822616578 8.6335000991821307 0.59735000133514415 1.0000000180025095e-35
decision_type=2 2 2 2 2 2 2 2 2 2 2 2 2 2 2 2 2 2 2 2 2 2 2 2 2 2 2 2 2 2
left_child=1 -1 3 4 7 11 10 19 17 14 -6 22 13 -13 15 -7 26 20 -19 -2 -5 -8 -4 24 -18 -26 -3 -16 -9 -25
right_child=2 16 5 8 6 9 21 28 -10 -11 -12 12 -14 -15 27 -17 23 18 -20 -21 -22 -23 -24 29 25 -27 -28 -29 -30 -31
leaf_value=-0.00077192746572109238 1.9198314193283249e-05 -0.00026129252953489753 -3.2208063628503867e-05 0.00035300471964907218 -7.6293403368226268e-05 0.00021263507179191093 6.8671281687299781e-05 0.00021250742876865319 0.00063697975535034453 0.00038066545378000796 9.1298724400027613e-05 8.2209197601129969e-05 0.00014517865289567449 -0.00010358616897816328 0.0001286081947261127 -5.9058215903344041e-05 -0.00028800875982844211 -8.3117360733281375e-06 0.00030928294478624232 0.00015003444075971939 -0.00010367806301328417 0.00034440577637956805 -0.00028159681022514073 -0.00049129540470433004 -0.00064580777595128855 0 0 0.00046487928481841437 0.00026170978576950746 -0.00029403978374924932
leaf_weight=6003 760 671 202 2867 1916 321 227 9123 298 301 1726 618 401 2846 760 1124 1158 340 1000 6897 33 622 686 1165 149 32 106 80 5055 321
leaf_count=6003 760 671 202 2867 1916 321 227 9123 298 301 1726 618 401 2846 760 1124 1158 340 1000 6897 33 622 686 1165 149 32 106 80 5055 321
internal_value=5.37698e-07 -0.000617661 0.000156097 0.000197232 0.000173871 -1.62124e-05 5.48318e-05 0.000198126 0.000331645 0.000101118 1.75858e-06 -8.11018e-05 -4.54767e-05 -6.89943e-05 6.20899e-05 0 -0.000359162 0.000308992 0.000224974 0.000137702 0.000346081 0.000276587 -0.000230506 -0.000394617 -0.000327091 -0.000549227 -0.000223785 0.000166637 0.000230404 -0.000452072
internal_weight=47808 9605 38203 30864 26326 7339 4491 21835 4538 2586 3642 4753 3865 3464 2285 1445 3602 4240 1340 7657 2900 849 888 2825 1339 181 777 840 14178 1486
internal_count=47808 9605 38203 30864 26326 7339 4491 21835 4538 2586 3642 4753 3865 3464 2285 1445 3602 4240 1340 7657 2900 849 888 2825 1339 181 777 840 14178 1486
is_linear=0
shrinkage=0.05


Tree=87
num_leaves=31
num_cat=0
split_feature=0 12 1 8 8 1 0 1 8 1 0 0 0 0 1 1 7 8 11 8 0 1 5 1 0 0 11 5 4 0
split_gain=1.65976 0.13599 0.0990313 0.0645539 0.0540774 0.0332348 0.0311623 0.0231869 0.0170192 0.0131646 0.0115961 0.0109645 0.00951514 0.00855988 0.00513549 0.00467462 0.00568806 0.00422595 0.00413074 0.00314342 0.00275537 0.00269224 0.00286518 0.00258092 0.00249284 0.00234685 0.00227138 0.00187248 0.00157266 0.00153167
threshold=1.0000000180025095e-35 0.0089731207117438334 1.0000000180025095e-35 1.0000000180025095e-35 0.023532669059932235 0.30952382087707525 0.60414999723434459 0.30952382087707525 0.29520697891712194 0.91666665673255932 0.54554998874664318 0.68244999647140514 0.62115001678466808 0.65224999189376842 0.91666665673255932 0.13392857462167743 1.0000000180025095e-35 0.15504807978868487 6.3459999561309823 0.15894736349582675 0.66104999184608471 0.21111111342906955 0.67049998044967662 0.26785714924335485 0.5774500072002412 0.49175000190734869 3.8255000114440922 0.62099999189376842 1.5000000000000002 0.6658499836921693
decision_type=2 2 2 2 2 2 2 2 2 2 2 2 2 2 2 2 2 2 2 2 2 2 2 2 2 2 2 2 2 2
left_child=1 -1 4 7 6 17 10 21 11 12 25 -7 -9 -8 15 16 28 20 -18 -6 -5 29 -23 -17 -12 -2 -11 -25 -3 -4
right_child=2 14 3 5 19 8 13 9 -10 26 24 -13 -14 -15 -16 23 18 -19 -20 -21 -22 22 -24 27 -26 -27 -28 -29 -30 -31
leaf_value=-0.00073260210019297691 -8.0779552679221663e-05 -9.2250418667937402e-05 -0.00033003852717731705 -0.00012502647238356554 -0.00045330924166350788 0.00018418941842474363 0.00027486780260944568 -0.00010363588624285882 0.00082605659785202888 0.00024484071276713895 0.00017248206803732372 0.00052282320775768709 5.6472771958198737e-05 0.00042945691002863268 0.000341971486167454 -0.00066525533865485222 -0.00025142562299022001 0.00021298829703022702 -0.00044658046249268892 0 0.00011305680209472995 -0.00022241154805383419 -9.8135218284391317e-06 -0.00039861035478108866 0.00021914296124140445 0.00010265960092021902 5.7320740093183054e-05 0 -0.00026574018793102555 0
leaf_weight=6027 153 254 705 1015 320 3760 5782 2991 121 441 7261 276 1301 1242 20 225 546 114 1176 37 116 650 277 128 7834 3373 390 33 1196 44
leaf_count=6027 153 254 705 1015 320 3760 5782 2991 121 441 7261 276 1301 1242 20 225 546 114 1176 37 116 650 277 128 7834 3373 390 33 1196 44
internal_value=5.19515e-07 -0.000586918 0.000148345 3.03422e-05 0.000203523 0.000159655 0.00021216 -7.16658e-05 0.000227793 -1.77917e-05 0.000177654 0.000208598 -5.39383e-05 0.00030292 -0.000340109 -0.000345357 -0.000321181 -6.38395e-05 -0.000387624 -0.00040273 -9.61794e-05 -0.000233348 -0.000164285 -0.000530943 0.000197031 9.32798e-05 0.000162869 -0.000311906 -0.000238806 -0.000312115
internal_weight=47808 9605 38203 12201 26002 5402 25645 6799 4157 5123 18621 4036 4292 7024 3578 3558 3172 1245 1722 357 1131 1676 927 386 15095 3526 831 161 1450 749
internal_count=47808 9605 38203 12201 26002 5402 25645 6799 4157 5123 18621 4036 4292 7024 3578 3558 3172 1245 1722 357 1131 1676 927 386 15095 3526 831 161 1450 749
is_linear=0
shrinkage=0.05


Tree=88
num_leaves=31
num_cat=0
split_feature=0 12 3 0 7 0 9 10 0 0 0 3 10 1 9 1 3 1 1 9 0 12 9 1 1 7 0 9 3 7
split_gain=1.49862 0.122438 0.0920752 0.0326072 0.0251991 0.018786 0.0186728 0.0143975 0.0134877 0.0102949 0.00947364 0.00824203 0.00686741 0.00600247 0.0102035 0.00521508 0.00478929 0.00379352 0.00784493 0.00351926 0.0033657 0.00323097 0.00241394 0.00224311 0.00406621 0.00329016 0.00208888 0.00192084 0.00172547 0.000915987
threshold=1.0000000180025095e-35 0.0089731207117438334 13.500000000000002 0.62944999337196361 1.0000000180025095e-35 0.60965001583099376 7.550499916076661 7.4559998512268075 0.56494998931884777 0.69369998574256908 0.70544999837875377 50.500000000000007 7.4559998512268075 1.0000000180025095e-35 4.8010001182556161 1.0000000180025095e-35 6.5000000000000009 0.77500000596046459 1.0000000180025095e-35 0.93750000000000011 0.51274999976158153 0.63822788000106823 6.798499822616578 0.13392857462167743 0.46428571641445165 1.0000000180025095e-35 0.58754998445510875 1.0000000180025095e-35 49.500000000000007 1.0000000180025095e-35
decision_type=2 2 2 2 2 2 2 2 2 2 2 2 2 2 2 2 2 2 2 2 2 2 2 2 2 2 2 2 2 2
left_child=1 -1 3 4 8 11 7 -6 20 13 17 12 15 -7 -15 -4 22 18 -5 -14 -2 -8 29 25 -25 28 -10 -27 -18 -3
right_child=2 16 5 10 6 9 21 -9 26 -11 -12 -13 19 14 -16 -17 23 -19 -20 -21 -22 -23 -24 24 -26 27 -28 -29 -30 -31
leaf_value=-0.00069597262681283135 3.8185978209727248e-07 -0.00013167384536904198 1.820370039852702e-05 0.00032125965194942219 -6.6212271044197986e-05 0.00018952511839709666 0.00013818080884749829 0.00011867366266624194 0.0001819629549184345 0.00041714146474110009 0.00074886237820281747 -0.00030415791697360642 -8.316274659294708e-05 -8.9721991600019303e-05 0.00010671053561026067 -0.00019367868318724481 -0.0003147233435118046 0.00050115179193612705 0.00015580534084436458 6.2904936005908204e-05 0.00013180189179214615 0.00045467678024846089 0 -0.00059365356350455484 0 -0.0004312067350324944 0.00022657949266409743 -0.00022683182645304831 -0.00015546241034505431 -0.00029884826666070773
leaf_weight=6027 609 292 326 2878 2335 553 185 1902 6603 196 131 449 725 1326 1311 1226 713 259 1141 956 6555 301 106 267 50 1077 8236 260 438 375
leaf_count=6027 609 292 326 2878 2335 553 185 1902 6603 196 131 449 725 1326 1311 1226 713 259 1141 956 6555 301 106 267 50 1077 8236 260 438 375
internal_value=4.89318e-07 -0.0005577 0.000140961 0.000177963 0.000156793 -2.13258e-05 5.05171e-05 1.56043e-05 0.000179377 6.2773e-05 0.000305149 -0.000100021 -7.01157e-05 3.94201e-05 6.03991e-06 -0.000145953 -0.000323374 0.000290375 0.000275536 0 0.000121328 0.000344539 -0.000197775 -0.000356195 -0.000514584 -0.000333985 0.000207065 -0.000395222 -0.000258481 -0.000233188
internal_weight=47808 9605 38203 31135 26726 7068 4723 4237 22003 3386 4409 3682 3233 3190 2637 1552 3578 4278 4019 1681 7164 486 773 2805 317 2488 14839 1337 1151 667
internal_count=47808 9605 38203 31135 26726 7068 4723 4237 22003 3386 4409 3682 3233 3190 2637 1552 3578 4278 4019 1681 7164 486 773 2805 317 2488 14839 1337 1151 667
is_linear=0
shrinkage=0.05


Tree=89
num_leaves=31
num_cat=0
split_feature=0 12 3 0 11 0 0 3 1 1 8 9 0 8 0 1 0 1 7 0 11 0 9 0 3 1 9 3 1 0
split_gain=1.35356 0.110151 0.0831488 0.0295322 0.0201141 0.0178755 0.0174538 0.0125657 0.0120272 0.0214076 0.01366 0.0106598 0.00856044 0.00560235 0.0052269 0.00452436 0.00432733 0.00378581 0.00453552 0.00361476 0.00331268 0.00314452 0.00284311 0.00258319 0.00226764 0.00214513 0.00195792 0.00280826 0.00141539 0.00139479
threshold=1.0000000180025095e-35 1.0000000180025095e-35 12.500000000000002 0.57664999365806591 1.0000000180025095e-35 0.66104999184608471 0.65944999456405651 50.500000000000007 1.0000000180025095e-35 0.30952382087707525 0.031754031777381904 9.0355000495910662 0.58134999871253978 0.21583850681781772 0.71889999508857738 0.91666665673255932 0.53114998340606701 0.13392857462167743 1.0000000180025095e-35 0.70544999837875377 6.3459999561309823 0.53275001049041759 5.5989999771118173 0.56334999203681957 50.500000000000007 0.26785714924335485 4.6909999847412118 46.500000000000007 0.77500000596046459 0.49175000190734869
decision_type=2 2 2 2 2 2 2 2 2 2 2 2 2 2 2 2 2 2 2 2 2 2 2 2 2 2 2 2 2 2
left_child=1 -1 3 4 16 7 8 11 10 -10 -5 12 -4 21 28 17 29 18 24 26 -20 -6 -9 -24 -3 -19 -7 -28 -8 -2
right_child=2 15 5 6 13 19 14 22 9 -11 -12 -13 -14 -15 -16 -17 -18 25 20 -21 -22 -23 23 -25 -26 -27 27 -29 -30 -31
leaf_value=-0.00066190419997844629 -7.6762298240288634e-05 -0.00019156193497595948 -0.00014028176878060425 0.00022353252335667102 -0.00031600890010369774 6.3928694145704582e-05 0.000332260096292582 -0.0003418565118968452 -8.0711349103748236e-05 0.00018105308333565134 -0.00030571409724989575 0.00038193019546563082 3.9748585028810238e-06 0.00035785084999464823 0.00085788368760581011 0.00032775497680242674 0.0001467098554886073 -0.00060711322643666233 -0.00022750330996804656 0.00054494048400977979 -0.00040451038626306099 -5.5117315486381351e-05 -0.00049999939625498932 -6.9556816773160468e-05 -0.00045609312939757363 -0.00027895809473753319 0.00034935037980351775 0 0.00062000196223661397 6.9117103584500551e-05
leaf_weight=6003 153 1335 1328 13456 141 359 1118 363 991 3325 115 161 4290 72 72 20 8537 225 551 86 1187 1327 46 399 122 162 230 77 93 1464
leaf_count=6003 153 1335 1328 13456 141 359 1118 363 991 3325 115 161 4290 72 72 20 8537 225 551 86 1187 1327 46 399 122 162 230 77 93 1464
internal_value=4.73291e-07 -0.000530008 0.000133979 0.000169964 0.000106463 -1.66729e-05 0.000208439 -4.3671e-05 0.000195097 0.00011979 0.000218677 -1.69104e-05 -2.92369e-05 -5.96935e-05 0.00039052 -0.000308794 0.000132155 -0.000313753 -0.000291701 0.000213138 -0.000351287 -8.36013e-05 -0.000228856 -0.000125388 -0.000217173 -0.00048277 0.000162711 0.000261885 0.000358535 5.22182e-05
internal_weight=47808 9605 38203 30864 11694 7339 19170 6587 17887 4316 13571 5779 5618 1540 1283 3602 10154 3582 3195 752 1738 1468 808 445 1457 387 666 307 1211 1617
internal_count=47808 9605 38203 30864 11694 7339 19170 6587 17887 4316 13571 5779 5618 1540 1283 3602 10154 3582 3195 752 1738 1468 808 445 1457 387 666 307 1211 1617
is_linear=0
shrinkage=0.05


Tree=90
num_leaves=31
num_cat=0
split_feature=0 11 3 0 7 0 8 3 0 0 1 1 8 9 5 1 9 7 9 0 5 1 1 7 0 9 3 0 2 0
split_gain=1.22218 0.0984262 0.0751608 0.0281989 0.0216386 0.0159676 0.0139648 0.0111055 0.0094724 0.00939591 0.00924444 0.0138473 0.0133945 0.00760942 0.00464931 0.0044637 0.00393454 0.00784338 0.00348335 0.00347215 0.00343124 0.0031334 0.00518687 0.00349606 0.00294993 0.00252618 0.00242888 0.00238846 0.0016119 0.00137394
threshold=1.0000000180025095e-35 1.0000000180025095e-35 13.500000000000002 0.6155499815940858 1.0000000180025095e-35 0.65944999456405651 0.086335405707359328 50.500000000000007 0.6740500032901765 0.55805000662803661 1.0000000180025095e-35 0.30952382087707525 0.029857398010790352 7.550499916076661 0.73399999737739574 0.30952382087707525 7.3285000324249276 1.0000000180025095e-35 9.9499998092651385 0.71889999508857738 0.67049998044967662 0.13392857462167743 0.46428571641445165 1.0000000180025095e-35 0.71889999508857738 4.6909999847412118 51.500000000000007 0.50575000047683727 1.5000000000000002 0.58245000243186962
decision_type=2 2 2 2 2 2 2 2 2 2 2 2 2 2 2 2 2 2 2 2 2 2 2 2 2 2 2 2 2 2
left_child=1 -1 3 4 9 7 13 10 16 27 12 -12 -4 -6 18 -8 17 -5 21 25 -9 23 -23 -3 -10 -7 -27 -2 -11 -22
right_child=2 14 5 8 6 19 15 20 24 28 11 -13 -14 -15 -16 -17 -18 -19 -20 -21 29 22 -24 -25 -26 26 -28 -29 -30 -31
leaf_value=-0.0006281701183339602 0 -0.00022562618672392022 0.00017870641433861043 0.00025818777234787733 -4.4897540994433666e-05 5.6600091559793025e-05 0 -0.00034330777047964764 0.00038673903802649752 0.00018015730792604018 -0.00020691379616588233 -2.8817562038482922e-07 -0.0003587412100998256 0.00022405781885913241 -4.4004324226759055e-05 0.0002755577158153818 0.00043134425241653517 0.00012211669029677232 0 0.00071580311256219632 -0.00031053099384987685 -0.00058149216702114135 0 -0.00035191609122019613 0.00081504900552673584 0.00032083067000465443 0 0.00010923003970563744 3.476346956832451e-05 -5.1765375386100042e-05
leaf_weight=6010 457 1339 945 4130 2880 390 198 358 583 14447 1094 3322 127 286 221 631 286 1648 87 36 82 269 55 1624 72 295 55 5237 280 364
leaf_count=6010 457 1339 945 4130 2880 390 198 358 583 14447 1094 3322 127 286 221 631 286 1648 87 36 82 269 55 1624 72 295 55 5237 280 364
internal_value=4.33952e-07 -0.000503639 0.0001273 0.000160732 0.000135326 -1.92642e-05 2.73775e-05 -4.62998e-05 0.000252308 0.000156199 -1.98689e-05 -5.26124e-05 0.000110344 -1.9016e-05 -0.000294051 0.000210568 0.000231033 0.000220246 -0.000308945 0.000193483 -0.000220471 -0.000317211 -0.000490655 -0.000296542 0.00044157 0.000161223 0.000263472 9.96241e-05 0.000177733 -0.000110608
internal_weight=47808 9605 38203 31135 24416 7068 3995 6292 6719 20421 5488 4416 1072 3166 3595 829 6064 5778 3374 776 804 3287 324 2963 655 740 350 5694 14727 446
internal_count=47808 9605 38203 31135 24416 7068 3995 6292 6719 20421 5488 4416 1072 3166 3595 829 6064 5778 3374 776 804 3287 324 2963 655 740 350 5694 14727 446
is_linear=0
shrinkage=0.05


Tree=91
num_leaves=31
num_cat=0
split_feature=0 12 2 8 8 0 8 9 5 9 10 0 0 10 10 5 8 3 8 0 2 7 0 9 0 9 0 9 5 2
split_gain=1.10356 0.0893352 0.068193 0.0535554 0.0433806 0.0226667 0.0220996 0.0194103 0.0177002 0.013509 0.0118852 0.00824016 0.00647754 0.00587038 0.00582709 0.00461654 0.00423276 0.00335207 0.00285983 0.00247916 0.00247585 0.00273158 0.00191066 0.00158759 0.00148709 0.00144717 0.00139572 0.00138944 0.00102098 0.000955595
threshold=1.0000000180025095e-35 0.0089731207117438334 1.0000000180025095e-35 1.0000000180025095e-35 0.023532669059932235 0.60414999723434459 0.19460027664899829 9.0355000495910662 0.75549998879432689 7.7005000114440927 7.4814999103546151 0.5400499999523164 0.6675499975681306 7.4559998512268075 7.4559998512268075 0.78750002384185802 0.36931818723678594 5.5000000000000009 0.13100686669349673 0.56334999203681957 1.0000000180025095e-35 1.0000000180025095e-35 0.5774500072002412 3.4229999780654912 0.55414998531341564 8.6335000991821307 0.56905001401901256 8.2679996490478533 0.97650000452995311 1.5000000000000002
decision_type=2 2 2 2 2 2 2 2 2 2 2 2 2 2 2 2 2 2 2 2 2 2 2 2 2 2 2 2 2 2
left_child=1 -1 4 7 5 11 9 8 14 10 -5 23 27 -10 -4 17 26 25 -6 -11 21 -19 -13 -2 -9 -3 -8 -7 -17 -22
right_child=2 15 3 6 18 12 16 24 13 19 -12 22 -14 -15 -16 28 -18 20 -20 -21 29 -23 -24 -25 -26 -27 -28 -29 -30 -31
leaf_value=-0.00059679592240550984 6.6564841585078734e-05 -0.00019060920313345689 -0.00020564007005354431 0 -0.00043619107702172087 0.00023294614575321821 6.2667906672506348e-05 0 -4.8419684384128326e-05 0 0.00016030529209582769 0.00013884187377136861 0.00042549044096653059 0.00011263102773521552 -8.360489980032482e-05 -7.0409511593253e-05 0.00090963448392092816 -0.00022643419792235374 0 0.00044665948613288278 -0.00052327452339969208 -0.0003522683192592263 0.00017876800991042851 -0.00021815353415789187 0.00038465377469388542 4.4891982145995731e-05 0.00043328966234493097 0.00063068461692276998 0.0002958545379922146 0
leaf_weight=6027 2602 598 2189 2173 303 6420 63 21 1183 33 2394 8143 567 1048 2118 160 65 1151 54 330 252 1335 7834 42 240 36 344 37 20 26
leaf_count=6027 2602 598 2189 2173 303 6420 63 21 1183 33 2394 8143 567 1048 2118 160 65 1151 54 330 252 1335 7834 42 240 36 344 37 20 26
internal_value=4.08397e-07 -0.000478574 0.000120966 2.2969e-05 0.000166757 0.000174511 0.000140798 -6.99146e-05 -8.74087e-05 0.00010818 8.3457e-05 0.000145003 0.000252023 2.49936e-05 -0.000146793 -0.000278026 0.000470804 -0.000291186 -0.000376125 0.000405344 -0.000317317 -0.000296031 0.000158733 6.0143e-05 0.000349027 -0.000169347 0.000388232 0.000236009 -1.80948e-06 -0.000489516
internal_weight=47808 9605 38203 12201 26002 25645 5402 6799 6538 4930 4567 18621 7024 2231 4307 3578 472 3398 357 363 2764 2486 15977 2644 261 634 407 6457 180 278
internal_count=47808 9605 38203 12201 26002 25645 5402 6799 6538 4930 4567 18621 7024 2231 4307 3578 472 3398 357 363 2764 2486 15977 2644 261 634 407 6457 180 278
is_linear=0
shrinkage=0.05


Tree=92
num_leaves=31
num_cat=0
split_feature=0 10 2 5 9 0 9 10 11 0 9 0 0 10 0 5 5 10 4 0 2 7 10 9 10 0 9 0 9 5
split_gain=0.996448 0.0804286 0.0615025 0.0452002 0.0288231 0.0188036 0.015871 0.0147993 0.0137706 0.0133081 0.0114593 0.00718277 0.00644182 0.00627996 0.00578812 0.00417652 0.00415651 0.00380739 0.00312209 0.00292008 0.00217655 0.00241254 0.00196029 0.00186145 0.00181634 0.00138929 0.00134473 0.00124292 0.00121538 0.00108083
threshold=1.0000000180025095e-35 1.0000000180025095e-35 1.0000000180025095e-35 0.85750001668930065 9.0355000495910662 0.59525001049041759 7.6024999618530282 7.4559998512268075 7.6435000896453866 0.58284997940063488 3.4229999780654912 0.64814999699592601 0.64814999699592601 7.1265001296997079 0.53775000572204601 0.75549998879432689 1.0000000180025095e-35 7.3824999332427987 1.5000000000000002 0.55414998531341564 1.0000000180025095e-35 1.0000000180025095e-35 7.7514998912811288 6.7300000190734872 7.3420000076293954 0.49175000190734869 9.9499998092651385 0.67645001411437999 8.2465000152587908 0.95750001072883617
decision_type=2 2 2 2 2 2 2 2 2 2 2 2 2 2 2 2 2 2 2 2 2 2 2 2 2 2 2 2 2 2
left_child=1 -1 5 4 7 10 9 12 -9 17 14 16 -4 -11 25 18 -7 -5 26 -6 21 -20 23 -12 -18 -2 -3 -13 -8 -17
right_child=2 15 3 6 19 11 28 8 -10 13 22 27 -14 -15 -16 29 24 -19 20 -21 -22 -23 -24 -25 -26 -27 -28 -29 -30 -31
leaf_value=-0.0005675622359566304 -7.6252745886383176e-05 -0.00017924906955370636 -0.00018411148591083518 -0.00015177916372644811 0 0.00020078015107130359 0.00035832219806477899 7.2099228672183825e-05 -0.00013098535568637241 6.5789467027573762e-05 -0.00034245027837533998 0.00028107759538603048 0 0.00021506143987473338 0.00014378932174249404 -9.1343446770200773e-05 -0.00022106011129459049 3.2821067575789877e-05 -0.00021726198017806217 0.00042327926042008527 -0.00046789054098019222 -0.00033711095058485199 1.1874127069474641e-05 0 8.1685055547433299e-05 6.6452004242990596e-05 8.7601759072589822e-05 0.00043214641392195748 0.00068190019095324544 0.00019838392061640199
leaf_weight=6003 153 610 2863 429 31 7676 304 2133 1367 1224 161 1164 578 2128 13974 172 75 724 1148 327 278 1335 55 70 131 2181 25 362 93 34
leaf_count=6003 153 610 2863 429 31 7676 304 2133 1367 1224 161 1164 578 2128 13974 172 75 724 1148 327 278 1335 55 70 131 2181 25 362 93 34
internal_value=3.92914e-07 -0.000454746 0.000114956 2.18661e-05 -5.65142e-05 0.000158444 0.000139592 -7.96772e-05 -5.79275e-06 0.000111394 0.0001257 0.000215665 -0.000153373 0.000162049 0.000131382 -0.000265332 0.000194785 -3.15347e-05 -0.000278789 0.000378509 -0.000304095 -0.000283724 -0.00018074 -0.000248221 -4.33141e-06 5.49523e-05 -0.000160858 0.000320217 0.000446867 -1.91912e-05
internal_weight=47808 9605 38203 12201 7299 26002 4902 6941 3500 4505 16594 9408 3441 3352 16308 3602 7882 1153 3396 358 2761 2483 286 231 206 2334 635 1526 397 206
internal_count=47808 9605 38203 12201 7299 26002 4902 6941 3500 4505 16594 9408 3441 3352 16308 3602 7882 1153 3396 358 2761 2483 286 231 206 2334 635 1526 397 206
is_linear=0
shrinkage=0.05


Tree=93
num_leaves=31
num_cat=0
split_feature=0 12 4 0 7 5 0 0 1 11 0 0 0 1 8 1 1 1 8 1 5 1 7 0 1 1 0 1 5 5
split_gain=0.899685 0.0724644 0.0560903 0.0241234 0.017776 0.0163313 0.0138909 0.00927913 0.00876982 0.00799938 0.00698336 0.00673092 0.00507465 0.00496658 0.00604123 0.00563527 0.00446685 0.00649217 0.00460033 0.00382719 0.00337687 0.00385077 0.00313279 0.00295421 0.00293289 0.00375454 0.00130826 0.00121205 0.000701038 0.000658465
threshold=1.0000000180025095e-35 0.0089731207117438334 2.5000000000000004 0.63554999232292186 1.0000000180025095e-35 0.83449998497962963 0.60965001583099376 0.57664999365806591 0.21111111342906955 1.4545000195503237 0.68244999647140514 0.70544999837875377 0.54205000400543224 1.0000000180025095e-35 0.030776515603065494 0.30952382087707525 1.0000000180025095e-35 0.53571429848670971 0.037749288603663451 0.91666665673255932 0.86599999666214 0.13392857462167743 1.0000000180025095e-35 0.52555000782012951 0.77500000596046459 1.0000000180025095e-35 0.71889999508857738 0.26785714924335485 0.99950000643730175 0.97650000452995311
decision_type=2 2 2 2 2 2 2 2 2 2 2 2 2 2 2 2 2 2 2 2 2 2 2 2 2 2 2 2 2 2
left_child=1 -1 3 4 7 9 12 23 -7 -6 16 24 -4 14 -14 -15 18 -18 -8 20 21 22 -3 -2 25 -5 -12 -23 -26 -22
right_child=2 19 6 11 5 8 10 -9 -10 -11 26 -13 13 15 -16 -17 17 -19 -20 -21 29 27 -24 -25 28 -27 -28 -29 -30 -31
leaf_value=-0.00053863801797879513 2.4177931032641488e-05 -0.00017908950803646655 -0.0003306359282254966 0.00026553008191459711 -0.00023628069592912366 -0.00010081348260758657 0.00020602827109572662 0.00017026466368360503 0.00016842913186663309 -4.6303743281588032e-06 0.00020762657934954859 0.00063155942145852397 0.00013245464159063834 -0.00023434998654718689 -0.00032094879229003896 -5.8978658191892445e-05 -6.6595420521125634e-05 0.00010893200383883591 -0.00028904133557886854 0.00033820504218395517 -4.2366158461901458e-05 -0.00055380041924000146 -0.00029455671572160418 0.00011387942358538782 0.00052455256729763645 0.00013451954542789303 0.00064460275603575731 -0.00025583852998014417 0.00016457217793541671 0.00027126555916168654
leaf_weight=6027 1182 1416 224 2299 453 327 483 12310 2169 2379 308 134 468 657 83 1957 1531 799 44 20 93 198 1687 9169 162 965 34 144 66 20
leaf_count=6027 1182 1416 224 2299 453 327 483 12310 2169 2379 308 134 468 657 83 1957 1531 799 44 20 93 198 1687 9169 162 965 34 144 66 20
internal_value=3.82982e-07 -0.000432088 0.000109247 0.000136926 0.000120869 3.74033e-05 -2.28235e-05 0.000140272 0.00013115 -4.34571e-05 5.08954e-05 0.000259481 -9.38842e-05 -7.55386e-05 5.50375e-05 -0.000104976 2.34044e-05 -4.2559e-06 0.000155161 -0.000251201 -0.000255929 -0.000264761 -0.000243484 0.00010412 0.000243754 0.000228334 0.00026586 -0.00044307 0.000442386 0
internal_weight=47808 9605 38203 31615 27989 5328 6588 22661 2496 2832 3199 3626 3389 3165 551 2614 2857 2330 527 3578 3558 3445 3103 10351 3492 3264 342 342 228 113
internal_count=47808 9605 38203 31615 27989 5328 6588 22661 2496 2832 3199 3626 3389 3165 551 2614 2857 2330 527 3578 3558 3445 3103 10351 3492 3264 342 342 228 113
is_linear=0
shrinkage=0.05


Tree=94
num_leaves=31
num_cat=0
split_feature=3 8 9 5 12 3 9 3 8 10 11 9 9 5 3 2 10 10 9 9 5 9 3 8 10 10 3 3 8 2
split_gain=0.0406043 0.0374019 0.01508 0.0109641 0.0260863 0.00992031 0.0333243 0.0226341 0.00933671 0.00911309 0.00847798 0.00813083 0.00779283 0.00586999 0.00555692 0.00486961 0.00467373 0.00383343 0.00305646 0.00276268 0.0022839 0.00315086 0.00184721 0.00147535 0.00136274 0.00106148 0.00112237 0.00100179 0.00095276 0.000757686
threshold=29.500000000000004 0.084523811936378493 8.0085000991821307 0.75549998879432689 0.0089731207117438334 49.500000000000007 1.0000000180025095e-35 50.500000000000007 0.31860901415348059 7.4559998512268075 2.5004999637603764 6.7114999294281015 6.9990000724792489 0.67049998044967662 37.500000000000007 1.0000000180025095e-35 7.6949999332427987 7.4010000228881845 7.488999843597413 5.0394999980926523 0.7995000183582307 9.0355000495910662 42.500000000000007 0.094494048506021514 8.1259999275207537 7.7249999046325692 43.500000000000007 32.500000000000007 0.094494048506021514 1.5000000000000002
decision_type=2 2 2 2 2 2 2 2 2 2 2 2 2 2 2 2 2 2 2 2 2 2 2 2 2 2 2 2 2 2
left_child=1 2 3 4 -1 6 14 12 15 11 -6 -5 23 -9 -2 -3 19 18 -17 27 21 -4 -21 29 -11 -18 -27 -8 -15 -7
right_child=5 8 20 9 10 7 16 13 -10 24 -12 -13 -14 28 -16 17 25 -19 -20 22 -22 -23 -24 -25 -26 26 -28 -29 -30 -31
leaf_value=1.4036368366742439e-05 -0.00030924862455085551 -0.00011687489249218341 0 -5.874336665263742e-05 -0.0002153699945672045 -3.274359065723413e-05 -6.3299408470130907e-06 -0.00035563978982327302 0.0007056070447377218 0.00013817491506436084 -6.7384436863591272e-05 0.00017925304228702882 0.00045981552167699541 -0.00014313629859469406 -0.00066151721621382498 0.00010121472622571721 0.00018275691001029673 0.00030911437972341074 0.00040057212129050387 -1.1602315589773825e-05 0.00054939021378567804 0.00028364516935745938 -0.00024770330648189157 0.00018415109269161325 0.00027127394269347394 3.8498844124047946e-05 -0.00013554121119037124 -0.00041672670598870258 0 3.5887996573029785e-05
leaf_weight=30001 268 93 146 1283 1280 1890 46 676 107 1381 4853 496 92 470 360 823 91 790 115 361 80 356 133 92 362 392 121 133 68 449
leaf_count=30001 268 93 146 1283 1280 1890 46 676 107 1381 4853 496 92 470 360 823 91 790 115 361 80 356 133 92 362 392 121 133 68 449
internal_value=3.63895e-07 1.73237e-05 6.88743e-06 3.05132e-06 -5.02606e-06 -0.000125499 -0.000219783 -7.60932e-05 0.000232528 8.73387e-05 -9.90883e-05 4.80795e-06 7.3473e-06 -0.000253608 -0.00051922 0.000201947 -6.85824e-05 0.000222005 0.000143285 -0.000160328 0.000259635 0.0002034 -8.53246e-05 -7.73767e-06 0.0001687 2.53774e-05 0 -0.000339241 -0.000116071 -1.74304e-05
internal_weight=47808 42166 40238 39656 36134 5642 1905 3737 1928 3522 6133 1779 2523 1214 628 1821 1277 1728 938 673 582 502 494 2431 1743 604 513 179 538 2339
internal_count=47808 42166 40238 39656 36134 5642 1905 3737 1928 3522 6133 1779 2523 1214 628 1821 1277 1728 938 673 582 502 494 2431 1743 604 513 179 538 2339
is_linear=0
shrinkage=0.05


Tree=95
num_leaves=31
num_cat=0
split_feature=0 10 3 0 7 0 8 0 0 3 3 3 0 10 1 3 9 1 1 1 0 9 3 9 0 5 5 12 3 5
split_gain=0.805708 0.0683835 0.0515804 0.02128 0.0156457 0.0129847 0.00844873 0.00794447 0.00593753 0.00581833 0.00618647 0.0107747 0.00569315 0.00521081 0.0043939 0.00369735 0.00356974 0.00435185 0.00346028 0.00688137 0.00264743 0.00225312 0.00218549 0.00196057 0.00176227 0.00151183 0.00142656 0.00143103 0.00159937 0.00142587
threshold=1.0000000180025095e-35 1.0000000180025095e-35 13.500000000000002 0.60694998502731334 1.0000000180025095e-35 0.62115001678466808 0.0745370388031006 0.66975000500679027 0.69369998574256908 50.500000000000007 49.500000000000007 36.500000000000007 0.55645000934600841 7.4559998512268075 0.30952382087707525 9.5000000000000018 4.8010001182556161 1.0000000180025095e-35 0.81666666269302379 1.0000000180025095e-35 0.71889999508857738 7.6254999637603769 50.500000000000007 9.3874998092651385 0.49175000190734869 0.77300000190734874 0.94750002026557933 0.98009902238845836 31.500000000000004 0.70649999380111705
decision_type=2 2 2 2 2 2 2 2 2 2 2 2 2 2 2 2 2 2 2 2 2 2 2 2 2 2 2 2 2 2
left_child=1 -1 3 4 12 9 13 18 16 10 11 -4 24 -6 -8 21 17 -7 19 -5 -9 25 -18 -12 -2 -3 27 28 -17 -11
right_child=2 15 5 7 6 8 14 20 -10 29 23 -13 -14 -15 -16 26 22 -19 -20 -21 -22 -23 -24 -25 -26 -27 -28 -29 -30 -31
leaf_value=-0.00051295495332833818 -7.4352076221476446e-05 -0.00018365967970246136 -3.8543066575650707e-05 0.00020255869165793661 -0.00010367906265177149 0.00015440602668021533 -3.4314811171719791e-05 0.00031248090591360337 0.00034089717784094016 -0.00031885486554411477 3.5824474272242018e-05 -0.00029859438384725179 0.00014006615143501315 3.7342481234484793e-05 0.00021166298452531787 -0.0002376422272373315 0.00015468174989563153 -5.869030314970929e-05 0.00033804851959432408 9.0529838898823034e-05 0.000705316858239181 7.30307626798609e-05 -1.075096954332236e-05 0.00046526264233756013 8.2008112876252322e-05 1.3364871164446206e-05 0 -0.00020234887500843432 -0.00036852029366644273 -0.00011808117979055996
leaf_weight=6003 153 918 2388 5462 1424 314 210 738 196 266 1074 496 13635 1146 626 808 818 989 401 2083 72 78 192 30 5185 57 27 871 843 305
leaf_count=6003 153 918 2388 5462 1424 314 210 738 196 266 1074 496 13635 1146 626 808 818 989 401 2083 72 78 192 30 5185 57 27 871 843 305
internal_value=3.5204e-07 -0.000408904 0.000103379 0.00013108 0.000104746 -1.79383e-05 4.53936e-06 0.000197812 7.24476e-05 -6.87784e-05 -4.58098e-05 -8.501e-05 0.000122471 -3.88511e-05 0.000143897 -0.000234097 4.75242e-05 -3.49294e-06 0.000181293 0.000172294 0.000353654 -0.000144479 0.000118285 5.20636e-05 7.65885e-05 -0.000167013 -0.000269149 -0.000273187 -0.000307515 -0.000220406
internal_weight=47808 9605 38203 31135 22379 7068 3406 8756 2509 4559 3988 2884 18973 2570 836 3602 2313 1303 7946 7545 810 1053 1010 1104 5338 975 2549 2522 1651 571
internal_count=47808 9605 38203 31135 22379 7068 3406 8756 2509 4559 3988 2884 18973 2570 836 3602 2313 1303 7946 7545 810 1053 1010 1104 5338 975 2549 2522 1651 571
is_linear=0
shrinkage=0.05


Tree=96
num_leaves=31
num_cat=0
split_feature=1 3 5 9 12 5 3 9 3 3 9 9 9 5 3 3 9 5 1 5 5 5 3 3 1 14 12 9 12 1
split_gain=0.0421274 0.0367725 0.0167019 0.0112565 0.00927225 0.0179913 0.00786369 0.0255749 0.0169438 0.00807256 0.00566005 0.00554785 0.00547977 0.00368235 0.00356288 0.0034053 0.00212481 0.00199686 0.00172433 0.00161819 0.0016136 0.0020583 0.0017607 0.00125938 0.00116376 0.000947872 0.000943878 0.00039703 0.000375769 0.000329611
threshold=0.91666665673255932 27.500000000000004 0.98849999904632579 9.0355000495910662 0.0089731207117438334 0.70649999380111705 49.500000000000007 4.6004998683929452 50.500000000000007 38.500000000000007 7.3285000324249276 8.1949996948242205 9.9499998092651385 0.67049998044967662 31.500000000000004 43.500000000000007 5.8894999027252206 0.70649999380111705 0.30952382087707525 0.8959999978542329 0.7995000183582307 0.99950000643730175 5.5000000000000009 9.5000000000000018 0.58571431040763866 0.99999997019767772 0.98009902238845836 5.5989999771118173 0.051376320421695716 0.30952382087707525
decision_type=2 2 2 2 2 2 2 2 2 2 2 2 2 2 2 2 2 2 2 2 2 2 2 2 2 2 2 2 2 2
left_child=1 2 3 4 -1 -6 7 9 12 -3 16 14 18 -10 20 17 -4 -9 -8 -11 25 -22 -23 28 -18 -2 -16 -15 -5 -25
right_child=11 6 10 23 5 -7 8 15 13 19 -12 -13 -14 27 26 -17 24 -19 -20 -21 21 22 -24 29 -26 -27 -28 -29 -30 -31
leaf_value=1.2744045266519386e-05 0 -0.00025742092182603208 -1.9551967503777916e-05 0 -9.676150791095516e-05 4.9466964066856e-05 -4.6844856103714328e-05 -0.00011101423204706742 -0.00032685788139686609 -0.00061569465871987104 0.00038499652040923488 0.00070881466656937673 0.00049825568927895289 -0.00022587840989177939 1.2565941068923613e-05 -0.00020425289278789259 9.6605685055278334e-05 6.1042239679873201e-05 4.8197040529194217e-05 0 0.00038811292065222159 0.0002759948118070021 0 0 0.00026369747182025427 0.00020576850836121342 0.0002114071460464463 -7.2911691160524626e-05 0.00038684399836505479 0.00018485171428852067
leaf_weight=30004 80 486 160 25 5921 3212 1686 237 644 375 306 72 52 124 301 245 498 558 623 20 502 110 84 76 234 428 104 363 205 73
leaf_count=30004 80 486 160 25 5921 3212 1686 237 644 375 306 72 52 124 301 245 498 558 623 20 502 110 84 76 234 428 104 363 205 73
internal_value=3.42799e-07 -8.5127e-06 7.64943e-06 1.94533e-06 -5.53647e-07 -4.47867e-05 -0.000130998 -0.00021398 -8.39121e-05 -0.000412848 0.00019161 0.0002463 -5.50354e-06 -0.000243157 0.000222453 -4.06847e-05 0.000119629 3.4539e-06 -1.90349e-05 -0.000591314 0.000267551 0.000327084 0.000143284 0.00027312 0.000156879 0.000176098 7.60086e-05 -0.000122163 0.000359592 0.000105953
internal_weight=47808 46127 40714 39516 39137 9133 5413 1921 3492 881 1198 1681 2361 1131 1609 1040 892 795 2309 395 1204 696 194 379 732 508 405 487 230 149
internal_count=47808 46127 40714 39516 39137 9133 5413 1921 3492 881 1198 1681 2361 1131 1609 1040 892 795 2309 395 1204 696 194 379 732 508 405 487 230 149
is_linear=0
shrinkage=0.05


Tree=97
num_leaves=31
num_cat=0
split_feature=0 10 1 1 8 8 0 9 8 2 9 0 0 0 1 1 8 7 8 1 7 8 8 1 9 3 10 9 0 0
split_gain=0.720702 0.0647581 0.0469788 0.0421131 0.0346344 0.0326384 0.0160116 0.0106045 0.0102621 0.00992847 0.00956502 0.00735869 0.00627302 0.00463193 0.00356712 0.00324429 0.00318214 0.0031808 0.00299225 0.00260317 0.00277833 0.00255615 0.00252419 0.00178315 0.00178204 0.0017045 0.00155181 0.00116245 0.00113156 0.00104915
threshold=1.0000000180025095e-35 1.0000000180025095e-35 1.0000000180025095e-35 0.30952382087707525 0.023532669059932235 0.019049347378313545 0.5920500159263612 9.0355000495910662 0.19460027664899829 1.5000000000000002 4.4874999523162851 0.59794998168945324 0.64605000615119945 0.53775000572204601 0.21111111342906955 0.91666665673255932 0.42261904478073126 1.0000000180025095e-35 0.067424245178699507 0.13392857462167743 1.0000000180025095e-35 0.094494048506021514 0.13100686669349673 0.26785714924335485 1.0000000180025095e-35 50.500000000000007 6.7014999389648446 4.3005001544952401 0.63155001401901256 0.49175000190734869
decision_type=2 2 2 2 2 2 2 2 2 2 2 2 2 2 2 2 2 2 2 2 2 2 2 2 2 2 2 2 2 2
left_child=1 -1 4 10 6 7 13 9 11 -5 17 -7 -8 29 18 19 -10 -4 -12 20 25 -19 -6 -21 -22 -3 -15 -25 -16 -2
right_child=2 15 3 5 22 8 12 -9 16 -11 14 -13 -14 26 28 -17 -18 21 -20 23 24 -23 -24 27 -26 -27 -28 -29 -30 -31
leaf_value=-0.00048794484191230254 -7.1273690088366774e-05 -0.00012069481238330203 -1.7393050023012165e-05 7.5658043420293185e-05 -0.00040554004623839443 4.6467710866628089e-05 0.00017351967019735697 0.00036026379140795262 0.00035220834523316786 -7.7013217439503431e-05 -0.0002101641385239046 0.00019829263547438549 0.00028694921877765815 0.0001185147542727309 -2.1912670985124867e-05 0.00032425751360550301 0.00096549522582749367 -0.00030372642255058045 0 -0.00047043365398815711 -0.00027906238905113805 0 0 -0.00028707218928657527 -0.00012393530313273667 -0.00034594823604214704 0.00025393649987168822 0 0.00011402514296286336 5.2392342861200174e-05
leaf_weight=6003 153 1335 174 1517 303 1344 8523 180 377 3433 510 2394 1630 12844 636 20 35 1047 256 225 1373 103 54 98 365 122 284 64 195 2211
leaf_count=6003 153 1335 174 1517 303 1344 8523 180 377 3433 510 2394 1630 12844 636 20 35 1047 256 225 1373 103 54 98 365 122 284 64 195 2211
internal_value=3.53891e-07 -0.000386705 9.77999e-05 1.639e-05 0.000135808 6.8875e-05 0.000142755 -1.45669e-05 0.000173224 -2.92142e-05 -0.000148639 0.000145044 0.000192225 0.00011001 -6.20307e-05 -0.000216584 0.000416663 -0.000249317 -0.00014016 -0.000221009 -0.000202438 -0.000280057 -0.000349173 -0.00036132 -0.00024937 -0.00014301 0.000121827 -0.000178732 3.97985e-06 4.22709e-05
internal_weight=47808 9605 38203 12201 26002 9280 25645 5130 4150 4950 2921 3738 10153 15492 1597 3602 412 1324 766 3582 3195 1150 357 387 1738 1457 13128 162 831 2364
internal_count=47808 9605 38203 12201 26002 9280 25645 5130 4150 4950 2921 3738 10153 15492 1597 3602 412 1324 766 3582 3195 1150 357 387 1738 1457 13128 162 831 2364
is_linear=0
shrinkage=0.05


Tree=98
num_leaves=31
num_cat=0
split_feature=1 4 5 9 9 8 12 9 9 8 8 8 11 5 8 5 11 11 1 9 4 1 11 11 8 9 5 11 10 1
split_gain=0.03682 0.0276054 0.0136724 0.01109 0.00985274 0.00651907 0.00878915 0.00484727 0.00451263 0.00449217 0.00440079 0.00341933 0.00297433 0.00336351 0.00236795 0.0037949 0.00217327 0.00186279 0.00185219 0.00165095 0.00153605 0.00148693 0.00134517 0.00123745 0.00085229 0.000807785 0.000746682 0.000681247 0.000656016 0.000408616
threshold=0.91666665673255932 2.5000000000000004 0.98749998211860668 5.5390000343322763 9.0355000495910662 0.13397436589002612 0.0089731207117438334 8.1949996948242205 6.6404998302459726 0.054804805666208274 0.4083333313465119 0.10960961133241655 1.8094999790191653 0.70649999380111705 0.022991543635725979 0.99450001120567333 2.6245000362396245 7.3499999046325692 0.30952382087707525 4.4874999523162851 1.5000000000000002 0.53571429848670971 0.31149999797344213 7.7950000762939462 0.21583850681781772 7.488999843597413 0.55149999260902416 4.1004998683929452 7.2754998207092294 0.26785714924335485
decision_type=2 2 2 2 2 2 2 2 2 2 2 2 2 2 2 2 2 2 2 2 2 2 2 2 2 2 2 2 2 2
left_child=1 2 4 11 5 6 -1 10 21 12 14 16 13 -5 19 23 -3 -18 -11 27 -17 28 -7 -16 -13 -10 -21 -2 -4 -14
right_child=7 3 8 9 -6 22 -8 -9 25 18 -12 24 29 -15 15 20 17 -19 -20 26 -22 -23 -24 -25 -26 -27 -28 -29 -30 -31
leaf_value=1.1423550227981283e-05 -8.7271423470495742e-05 -0.00024796403647237285 -9.8892892921801387e-05 -0.00019701113896764918 0.00029149447493034825 0 -5.2957327846117992e-05 0.00066466374863191017 0.00021474018046118657 0 0.00092044863191273702 0 0 -1.9884902469954203e-05 0.00037830285817647634 0.00021554647591346139 -9.0773398156970725e-05 -0.00016047331131751089 0.00016273071875643017 0 0 0.00018226318953146442 0.00025368376691394824 0 0.00030661160209022011 0.000414904059410588 0.00024279534820676108 7.2986755838286242e-05 5.3420829792005927e-05 0.00010726971426026303
leaf_weight=29997 54 512 113 446 297 50 6439 72 363 207 25 201 188 864 442 134 2438 2436 466 72 150 167 308 46 27 184 291 395 187 237
leaf_count=29997 54 512 113 446 297 50 6439 72 363 207 25 201 188 864 442 134 2438 2436 466 72 150 167 308 46 27 184 291 395 187 237
internal_value=3.18623e-07 -7.95345e-06 9.67554e-06 -9.23146e-05 4.58506e-06 2.13246e-06 0 0.000230267 0.00019093 -4.49822e-07 0.000207681 -0.000130827 -4.50312e-05 -8.40159e-05 0.000193218 0.000262197 -0.000139104 -0.000126637 0.000107043 0.000121456 9.17239e-05 6.26556e-05 0.000214427 0.000351123 4.27549e-05 0.000291274 0.00020523 4.25644e-05 0 6.3363e-05
internal_weight=47808 46127 38105 8022 37091 36794 36436 1681 1014 2408 1609 5614 1735 1310 1584 772 5386 4874 673 812 284 467 358 488 228 547 363 449 300 425
internal_count=47808 46127 38105 8022 37091 36794 36436 1681 1014 2408 1609 5614 1735 1310 1584 772 5386 4874 673 812 284 467 358 488 228 547 363 449 300 425
is_linear=0
shrinkage=0.05


Tree=99
num_leaves=31
num_cat=0
split_feature=0 12 1 1 8 8 0 1 9 8 2 0 0 0 0 3 9 8 8 8 5 12 3 9 0 8 9 3 3 9
split_gain=0.646152 0.0606526 0.0426048 0.036988 0.0311237 0.0277364 0.0146867 0.00869707 0.00828142 0.00827813 0.0077442 0.00720118 0.00524732 0.00418548 0.00337784 0.00291828 0.00252008 0.00213195 0.00183333 0.00183056 0.00158628 0.00132934 0.00140714 0.00124763 0.00124371 0.00109759 0.00107883 0.000861884 0.000823767 0.000799988
threshold=1.0000000180025095e-35 1.0000000180025095e-35 1.0000000180025095e-35 0.30952382087707525 0.023532669059932235 0.038838613778352744 0.60414999723434459 0.91666665673255932 4.4874999523162851 0.29520697891712194 1.5000000000000002 0.57824999094009411 0.54725000262260448 0.66975000500679027 0.60205000638961803 6.5000000000000009 4.4874999523162851 0.15894736349582675 0.094494048506021514 0.094494048506021514 0.96950000524520885 0.98009902238845836 29.500000000000004 6.798499822616578 0.49175000190734869 0.15504807978868487 8.2679996490478533 49.500000000000007 1.0000000180025095e-35 7.7650001049041757
decision_type=2 2 2 2 2 2 2 2 2 2 2 2 2 2 2 2 2 2 2 2 2 2 2 2 2 2 2 2 2 2
left_child=1 -1 4 8 6 7 12 10 19 11 -5 -7 24 26 18 23 -9 29 -10 -4 21 22 -17 -3 -2 -16 -8 -23 -14 -6
right_child=2 15 3 5 17 9 13 16 14 -11 -12 -13 28 -15 25 20 -18 -19 -20 -21 -22 27 -24 -25 -26 -27 -28 -29 -30 -31
leaf_value=-0.00046411916681592287 -6.8283131569128175e-05 -0.00013002917751769909 -0.00025203899971193363 6.1367736249303044e-05 -0.00039647449368058053 0 0.0001826935956775577 3.9808226045551183e-05 -0.00017020026780567658 0.00059211808499867594 -7.6762492387751795e-05 0.00018670224748089549 0.00012163289925090275 0.00034779711476051707 0 -0.00020320351537942512 0.00022469326145215554 0 0 0 5.3848435821439793e-05 -0.00023650602522924994 -0.0003176663597948767 1.9795853209231506e-05 6.3154228008524535e-05 0.00029915042684400018 0.00053394637258868981 -0.00010700059487771515 0.00019327068697743899 0
leaf_weight=6003 153 671 1207 1438 295 600 6478 453 638 121 3250 2977 14163 509 783 979 441 37 145 117 21 382 892 106 3629 31 37 551 676 25
leaf_count=6003 153 671 1207 1438 295 600 6478 453 638 121 3250 2977 14163 509 783 979 441 37 145 117 21 382 892 106 3629 31 37 551 676 25
internal_value=3.42703e-07 -0.000366145 9.26168e-05 1.5069e-05 0.000128812 6.42806e-05 0.000135406 -5.21014e-06 -0.000139561 0.000170524 -3.33254e-05 0.000154849 0.000111546 0.000197944 -5.86611e-05 -0.000201469 0.000136617 -0.000330718 -0.000133235 -0.000233355 -0.000226734 -0.000230621 -0.00026046 -0.000103156 5.65133e-05 6.93847e-06 0.000185464 -0.000165402 0.000125235 -0.000372381
internal_weight=47808 9605 38203 12201 26002 9280 25645 5582 2921 3698 4688 3577 18621 7024 1597 3602 894 357 783 1324 2825 2804 1871 777 3782 814 6515 933 14839 320
internal_count=47808 9605 38203 12201 26002 9280 25645 5582 2921 3698 4688 3577 18621 7024 1597 3602 894 357 783 1324 2825 2804 1871 777 3782 814 6515 933 14839 320
is_linear=0
shrinkage=0.05


Tree=100
num_leaves=31
num_cat=0
split_feature=0 10 1 1 9 5 0 10 9 1 9 0 9 9 0 5 1 9 3 0 9 1 1 7 0 5 9 10 0 0
split_gain=0.583444 0.0546064 0.0384406 0.0334336 0.0175968 0.0157901 0.0123496 0.010652 0.00779909 0.00760954 0.00625875 0.00569791 0.00388703 0.00345328 0.00300148 0.00290095 0.00240937 0.0019981 0.00195508 0.0018366 0.00167652 0.00167617 0.00211883 0.00169663 0.00165872 0.00161253 0.00145922 0.000998518 0.00097784 0.00093393
threshold=1.0000000180025095e-35 1.0000000180025095e-35 1.0000000180025095e-35 0.30952382087707525 7.5030000209808358 0.70649999380111705 0.5855500102043153 7.4559998512268075 6.5905001163482675 0.81666666269302379 3.4229999780654912 0.6439499855041505 3.4229999780654912 8.0085000991821307 0.52555000782012951 0.73399999737739574 0.21111111342906955 4.4874999523162851 5.5000000000000009 0.5790500044822694 9.0355000495910662 0.13392857462167743 0.46428571641445165 1.0000000180025095e-35 0.6415500044822694 0.78750002384185802 1.1000000238418581 7.7514998912811288 0.67645001411437999 0.67965000867843639
decision_type=2 2 2 2 2 2 2 2 2 2 2 2 2 2 2 2 2 2 2 2 2 2 2 2 2 2 2 2 2 2
left_child=1 -1 6 8 5 9 10 -7 16 -5 14 12 -8 -14 -2 18 29 -18 -3 -6 -21 23 -23 -20 25 -10 -16 -12 -13 -4
right_child=2 15 3 4 19 7 11 -9 24 -11 27 28 13 -15 26 -17 17 -19 21 20 -22 22 -24 -25 -26 -27 -28 -29 -30 -31
leaf_value=-0.00044091360252583589 1.2329939685069086e-05 -0.00010740722517283389 -0.00024946110738445086 -6.5719511930505893e-05 8.1347291608008904e-05 2.5017414929920143e-05 0.00014896581560270479 0.00018276005650375056 -0.00012027394293309068 0.00011551944026106936 -0.00021360506188213693 0.00021597875959314969 -9.5570251768999456e-05 0.00037036254987695739 9.9118007487417325e-05 0 -0.00017570832831715719 -3.0583774124622201e-05 -0.00014888550483225352 0.00024459016303140022 0.00047200856867534667 -0.00042666565317535854 0 -0.00025013354612046584 0.00021530556915586642 4.3912403957926038e-05 0.00047455076498416994 0 0.00034581516667909953 0
leaf_weight=6003 1190 632 978 3284 164 2269 10400 2179 239 688 189 1449 275 45 12022 226 741 488 1139 498 198 232 43 1330 88 355 33 37 362 32
leaf_count=6003 1190 632 978 3284 164 2269 10400 2179 239 688 189 1449 275 45 12022 226 741 488 1139 498 198 232 43 1330 88 355 33 37 362 32
internal_value=3.28592e-07 -0.000347917 8.80161e-05 1.43321e-05 6.11376e-05 3.84412e-05 0.000122399 0.000103419 -0.000132654 -3.30658e-05 8.8319e-05 0.000158635 0.000143625 -1.43331e-05 9.30146e-05 -0.000191535 -0.000177884 -0.000122159 -0.000203199 0.000277508 0.000316528 -0.000223434 -0.000366516 -0.000205459 8.50933e-06 -1.37421e-05 0.000100564 -0.000164681 0.00024471 -0.000240724
internal_weight=47808 9605 38203 12201 9280 8420 26002 4448 2921 3972 13471 12531 10720 320 13245 3602 2239 1229 3376 860 696 2744 275 2469 682 594 12055 226 1811 1010
internal_count=47808 9605 38203 12201 9280 8420 26002 4448 2921 3972 13471 12531 10720 320 13245 3602 2239 1229 3376 860 696 2744 275 2469 682 594 12055 226 1811 1010
is_linear=0
shrinkage=0.05


Tree=101
num_leaves=31
num_cat=0
split_feature=0 10 3 0 0 1 1 8 11 8 0 9 0 9 1 8 3 10 10 1 1 5 1 1 3 8 0 8 8 11
split_gain=0.527031 0.0490928 0.0351512 0.0161782 0.0110233 0.00966591 0.0132027 0.0121104 0.0111387 0.00837212 0.00701738 0.00458871 0.00458772 0.00387493 0.00386864 0.00457187 0.00370407 0.00307949 0.00285176 0.00394479 0.00271411 0.00233821 0.00251406 0.00170243 0.00167405 0.00166129 0.00149553 0.00149506 0.00118402 0.000997683
threshold=1.0000000180025095e-35 1.0000000180025095e-35 13.500000000000002 0.62944999337196361 0.59485000371932995 1.0000000180025095e-35 0.30952382087707525 0.023532669059932235 3.9385000467300419 0.057983193546533592 0.67645001411437999 9.0355000495910662 0.71889999508857738 6.6519999504089364 1.0000000180025095e-35 0.037749288603663451 50.500000000000007 7.4559998512268075 7.3499999046325692 1.0000000180025095e-35 0.91666665673255932 0.97650000452995311 0.13392857462167743 0.26785714924335485 19.500000000000004 0.11882352828979494 0.71889999508857738 0.063164893537759795 0.16172623634338382 7.5404999256134042
decision_type=2 2 2 2 2 2 2 2 2 2 2 2 2 2 2 2 2 2 2 2 2 2 2 2 2 2 2 2 2 2
left_child=1 -1 3 5 14 7 13 8 -2 -8 11 16 18 -7 15 -4 -6 25 19 -5 21 22 24 -24 -3 -16 -12 -19 -9 -20
right_child=2 20 4 12 10 6 9 28 -10 -11 26 -13 -14 -15 17 -17 -18 27 29 -21 -22 -23 23 -25 -26 -27 -28 -29 -30 -31
leaf_value=-0.00041886830713718258 0.00010450613296866343 -0.00012424014280311345 9.8076604915677175e-05 0.0001969476984157029 1.7363634769196234e-05 -0.00017496494050224564 1.843886793689699e-05 -0.00036890003828234964 0.00040377047609586484 0.00018035146034637705 0.00017325259583919487 0.00033347426234551342 0.0006231874640184635 1.6916995226835793e-05 -0.00021497250783921747 -0.00033344718659232455 -0.00012352694752744572 -9.2903883286531619e-05 0.0003303815753183988 6.4045008172838207e-05 0.00031169991910142536 0.00025581979467614613 -0.0004339449656847859 -0.00014993298186837401 -0.0002106374131167333 0 0.00059473409404987192 5.2510026105535455e-05 0 9.1971602911311795e-05
leaf_weight=6003 21340 1469 385 2840 3531 849 2495 141 328 1235 400 105 72 316 943 71 537 781 533 848 20 20 220 160 1713 98 36 181 22 116
leaf_count=6003 21340 1469 385 2840 3531 849 2495 141 328 1235 400 105 72 316 943 71 537 781 533 848 20 20 220 160 1713 98 36 181 22 116
internal_value=3.20908e-07 -0.000330656 8.36666e-05 0.00010654 -1.63841e-05 9.15481e-05 2.66682e-05 0.000105866 0.000109269 7.33918e-05 2.83793e-05 7.19239e-06 0.000196277 -0.00011863 -0.000102317 1.98667e-05 -8.25761e-09 -0.000132629 0.000188022 0.000167747 -0.000182247 -0.00018641 -0.000190303 -0.000327586 -0.000172328 -0.000194612 0.000219647 -6.03447e-05 -0.000315567 0.000295493
internal_weight=47808 9605 38203 31135 7068 26726 4895 21831 21668 3730 4609 4173 4409 1165 2459 456 4068 2003 4337 3688 3602 3582 3562 380 3182 1041 436 962 163 649
internal_count=47808 9605 38203 31135 7068 26726 4895 21831 21668 3730 4609 4173 4409 1165 2459 456 4068 2003 4337 3688 3602 3582 3562 380 3182 1041 436 962 163 649
is_linear=0
shrinkage=0.05


Tree=102
num_leaves=31
num_cat=0
split_feature=0 12 2 8 8 0 5 0 8 9 0 9 0 9 0 0 9 5 8 11 8 9 2 7 0 0 11 0 9 5
split_gain=0.475917 0.0442478 0.0314916 0.0283013 0.025603 0.0130187 0.0118163 0.0117861 0.0107237 0.0100926 0.00621008 0.00550218 0.00461521 0.00411184 0.00336585 0.00301603 0.00278317 0.00259443 0.00237295 0.00208089 0.00202809 0.00187717 0.00157357 0.00199619 0.00110659 0.00101472 0.000807923 0.000800134 0.000770373 0.000562635
threshold=1.0000000180025095e-35 0.0089731207117438334 1.0000000180025095e-35 0.053101504221558578 0.023532669059932235 0.57664999365806591 0.67049998044967662 0.58974999189376842 0.19460027664899829 9.7059998512268084 0.57824999094009411 8.2679996490478533 0.6439499855041505 4.5759999752044687 0.53775000572204601 0.53275001049041759 6.7005000114440927 0.73399999737739574 0.42261904478073126 4.1004998683929452 0.10762548446655275 8.6335000991821307 1.0000000180025095e-35 1.0000000180025095e-35 0.54815000295639049 0.55645000934600841 1.9775000214576723 0.49175000190734869 7.7650001049041757 0.95750001072883617
decision_type=2 2 2 2 2 2 2 2 2 2 2 2 2 2 2 2 2 2 2 2 2 2 2 2 2 2 2 2 2 2
left_child=1 -1 4 5 7 15 9 14 10 -7 24 -12 26 -8 27 -4 -17 21 25 -16 28 22 23 -3 -5 -10 -9 -2 -6 -19
right_child=2 17 3 8 20 6 13 12 18 -11 11 -13 -14 -15 19 16 -18 29 -20 -21 -22 -23 -24 -25 -26 -27 -28 -29 -30 -31
leaf_value=-0.00039750668722468422 -7.0709181290772599e-05 -0.00012059368082238465 -0.00039367383537163372 -0.00021335394215616155 -0.00040874951154836592 -8.7353504888541405e-05 -7.1888839245828811e-05 0.00013442349318736635 0 0.00027513306005030988 0.0001063555675344785 0.0004618834722898773 0.00023519481203635513 9.0354441252703927e-05 9.3319544464901569e-05 -0.00017522869626730546 0 -4.1078078455987314e-05 0.00083945257578607645 0.00023134270165254533 -3.8733585083684745e-05 0 -0.00031710069895368758 -0.00021704221491422484 -8.6063366938854562e-06 0.00032480952537826722 0.00020278022556931074 3.8228780268097753e-05 0 0.0001783044640051817
leaf_weight=6027 153 1328 160 89 241 3598 426 8298 37 197 2663 124 1764 2561 12081 1115 273 191 35 333 93 114 320 1591 523 400 805 2211 23 34
leaf_count=6027 153 1328 160 89 241 3598 426 8298 37 197 2663 124 1764 2561 12081 1115 273 191 35 333 93 114 320 1591 523 400 805 2211 23 34
internal_value=3.37115e-07 -0.000314175 7.95433e-05 1.28075e-05 0.000110666 -3.86466e-05 -8.00681e-06 0.000116661 0.000124821 -6.72124e-05 9.18018e-05 0.000123984 0.000156769 6.55401e-05 8.68288e-05 -0.000169645 -0.000140192 -0.000172402 0.000351943 9.74266e-05 -0.000305946 -0.000183443 -0.000190485 -0.000174881 -4.65803e-05 0.000301276 0.00014102 2.90606e-05 -0.000381095 0
internal_weight=47808 9605 38203 12201 26002 8330 6782 25645 3871 3795 3399 2787 10867 2987 14778 1548 1388 3578 472 12414 357 3353 3239 2919 612 437 9103 2364 264 225
internal_count=47808 9605 38203 12201 26002 8330 6782 25645 3871 3795 3399 2787 10867 2987 14778 1548 1388 3578 472 12414 357 3353 3239 2919 612 437 9103 2364 264 225
is_linear=0
shrinkage=0.05


Tree=103
num_leaves=31
num_cat=0
split_feature=0 12 2 8 8 10 11 0 9 8 0 0 0 0 10 0 5 0 7 11 8 9 8 2 7 10 9 10 10 0
split_gain=0.429705 0.0398301 0.0284215 0.0256993 0.0232455 0.0139445 0.0160539 0.010684 0.00871188 0.00788091 0.00675246 0.00633296 0.00547135 0.00455016 0.00316329 0.00272562 0.00234499 0.00213842 0.0019046 0.00184382 0.00177869 0.00171007 0.00166202 0.0013811 0.00176834 0.00126016 0.000751875 0.000551334 0.000546402 0.000523876
threshold=1.0000000180025095e-35 0.0089731207117438334 1.0000000180025095e-35 0.073622401803731932 0.023532669059932235 7.4559998512268075 7.5425000190734872 0.5855500102043153 7.0304999351501474 0.20416666567325595 0.59525001049041759 0.55865001678466808 0.57824999094009411 0.65035000443458568 7.2754998207092294 0.5286499857902528 0.73399999737739574 0.58525002002716076 1.0000000180025095e-35 4.1004998683929452 0.11651583760976793 8.6335000991821307 0.42261904478073126 1.0000000180025095e-35 1.0000000180025095e-35 6.7400000095367441 7.7650001049041757 7.4105000495910653 8.102999687194826 0.55645000934600841
decision_type=2 2 2 2 2 2 2 2 2 2 2 2 2 2 2 2 2 2 2 2 2 2 2 2 2 2 2 2 2 2
left_child=1 -1 4 5 7 8 10 15 11 12 -7 -4 27 25 -14 -2 21 -10 -8 -17 26 23 29 24 -3 -9 28 -5 -6 -11
right_child=2 16 3 9 20 6 18 13 17 22 -12 -13 14 -15 -16 19 -18 -19 -20 -21 -22 -23 -24 -25 -26 -27 -28 -29 -30 -31
leaf_value=-0.00037763168518669283 9.5812582759083154e-06 -0.00011456445221008746 -0.00028200934016586401 -8.9656298163628062e-05 -0.0004032270612692125 0 2.3611841351577922e-06 0.000127191935757991 -3.3021647621237441e-05 0 0.00014528329086016704 -9.0897657274426665e-05 6.8216708456794625e-05 0.0002359153564479829 0.00020720942777933228 8.2940059049627156e-05 0 0.00013864824969771517 -0.00013482302372137242 0.00021574550720152572 -7.3056999153940728e-06 0 0.0007975995371136762 -0.00030125061802545083 -0.00020619078697633591 0.00020718221292976796 0 2.0599579634735192e-06 0 0.00032592940289448614
leaf_weight=6027 1423 1328 540 255 234 1252 233 10186 241 31 2149 3385 891 1366 1062 11599 225 443 1173 319 78 114 35 320 1591 752 24 198 21 313
leaf_count=6027 1423 1328 540 255 234 1252 233 10186 241 31 2149 3385 891 1366 1062 11599 225 443 1173 319 78 114 35 320 1591 752 24 198 21 313
internal_value=3.12303e-07 -0.000298535 7.558e-05 1.21575e-05 0.000105148 -2.68601e-05 3.1957e-05 0.000110867 -8.9288e-05 0.000145866 9.15089e-05 -0.000118471 0.000109473 0.000144968 0.000146365 7.90422e-05 -0.000163896 7.08574e-05 -0.000108535 8.69161e-05 -0.000291649 -0.000174393 0.000363623 -0.000181116 -0.000166224 0.00013315 -0.000353197 -3.85417e-05 -0.000379279 0.000304719
internal_weight=47808 9605 38203 12201 26002 9416 4807 25645 4609 2785 3401 3925 2406 12304 1953 13341 3578 684 1406 11918 357 3353 379 3239 2919 10938 279 453 255 344
internal_count=47808 9605 38203 12201 26002 9416 4807 25645 4609 2785 3401 3925 2406 12304 1953 13341 3578 684 1406 11918 357 3353 379 3239 2919 10938 279 453 255 344
is_linear=0
shrinkage=0.05


Tree=104
num_leaves=31
num_cat=0
split_feature=0 10 3 0 0 7 9 10 3 3 3 0 0 3 10 1 1 9 10 5 1 7 1 5 9 0 9 0 12 11
split_gain=0.388057 0.0358534 0.0282531 0.0131958 0.00969317 0.00765933 0.00633836 0.00671998 0.00613342 0.00610423 0.0106392 0.00490047 0.00411596 0.00303287 0.00297209 0.00473781 0.00247849 0.00246189 0.00214553 0.00191302 0.00196648 0.00205403 0.00161356 0.00152353 0.00123041 0.00122724 0.00154467 0.00114612 0.0010204 0.000748422
threshold=1.0000000180025095e-35 1.0000000180025095e-35 13.500000000000002 0.6155499815940858 0.65125000476837169 1.0000000180025095e-35 7.550499916076661 7.7760000228881845 50.500000000000007 49.500000000000007 36.500000000000007 0.68854999542236339 0.560350000858307 33.500000000000007 7.3499999046325692 1.0000000180025095e-35 0.91666665673255932 8.8499999046325701 7.0989999771118173 0.97650000452995311 0.13392857462167743 1.0000000180025095e-35 0.46428571641445165 0.73399999737739574 4.6909999847412118 0.58245000243186962 5.5814998149871835 0.49795000255107885 0.95252183079719555 7.5404999256134042
decision_type=2 2 2 2 2 2 2 2 2 2 2 2 2 2 2 2 2 2 2 2 2 2 2 2 2 2 2 2 2 2
left_child=1 -1 3 5 8 12 7 -7 9 10 -4 14 27 18 15 -5 19 -11 24 20 21 -3 -22 -8 -6 -10 -27 -2 -15 -16
right_child=2 16 4 11 13 6 23 -9 25 17 -12 -13 -14 28 29 -17 -18 -19 -20 -21 22 -23 -24 -25 -26 26 -28 -29 -30 -31
leaf_value=-0.00035916894017638909 -3.3211438238727335e-05 -9.6699206792676465e-05 -1.5381578900825399e-05 0.00015319617350833452 -3.1127698152819195e-05 -4.44857224263581e-05 7.3419439955820279e-05 0.00012638091669795877 -0.0003216440263830456 4.6645898084692224e-05 -0.00023546937540874671 0.00036323235994766147 0.00010247912631504277 0 0.00025743242540546567 3.4840341383900049e-05 0.00032056427574647005 0.00043163937291589168 0.00032571803265772967 0.00023422157444032046 -0.00032561786642363683 -0.00018818377756415651 0 0.00031655096161182264 0.00019545431333091001 -0.00022304865583195867 -3.9348131830374569e-05 5.6847328435294389e-05 0.0001636888275726346 9.1734474422692781e-05
leaf_weight=6003 304 1454 3106 4229 88 2891 205 713 161 1441 684 302 14227 451 798 1203 20 47 255 20 333 1728 47 186 95 269 345 5890 126 187
leaf_count=6003 304 1454 3106 4229 88 2891 205 713 161 1441 684 302 14227 451 798 1203 20 47 255 20 333 1728 47 186 95 269 345 5890 126 187
internal_value=3.04945e-07 -0.000283686 7.18374e-05 9.23507e-05 -1.78175e-05 7.48766e-05 1.01319e-05 -9.29232e-06 -4.24126e-05 -2.20363e-05 -5.64263e-05 0.000155103 8.72978e-05 0.000123921 0.000144523 0.000127906 -0.000156493 6.21945e-05 0.00022583 -0.000160562 -0.000164189 -0.000147956 -0.000286886 0.000201914 5.92319e-05 -0.000174711 -0.000127995 5.16196e-05 3.78723e-05 0.000231063
internal_weight=47808 9605 38203 31135 7068 24416 3995 3604 6053 5278 3790 6719 20421 1015 6417 5432 3602 1488 438 3582 3562 3182 380 391 183 775 614 6194 577 985
internal_count=47808 9605 38203 31135 7068 24416 3995 3604 6053 5278 3790 6719 20421 1015 6417 5432 3602 1488 438 3582 3562 3182 380 391 183 775 614 6194 577 985
is_linear=0
shrinkage=0.05


Tree=105
num_leaves=31
num_cat=0
split_feature=0 12 3 0 0 1 9 0 10 1 8 0 11 11 7 10 1 8 1 0 3 9 10 3 11 9 3 5 12 3
split_gain=0.350368 0.0323048 0.0255508 0.0122113 0.0092928 0.00775075 0.00687185 0.00536001 0.00488306 0.0048705 0.00462703 0.00390146 0.00346701 0.00331716 0.00331091 0.00308212 0.00302757 0.00358679 0.00317098 0.00281917 0.00268459 0.00259142 0.00249589 0.0023191 0.00230613 0.00181059 0.00151918 0.00105939 0.00121888 0.00101251
threshold=1.0000000180025095e-35 0.0089731207117438334 12.500000000000002 0.58754998445510875 0.62804999947547924 1.0000000180025095e-35 8.0085000991821307 0.6569499969482423 7.4559998512268075 0.30952382087707525 0.023532669059932235 0.69835001230239879 4.1004998683929452 7.8635001182556161 1.0000000180025095e-35 8.231999874114992 1.0000000180025095e-35 0.030776515603065494 0.81666666269302379 0.54304999113082897 49.500000000000007 4.6435000896453866 7.1265001296997079 6.5000000000000009 4.1004998683929452 6.7685000896453866 43.500000000000007 0.90200001001358043 0.98009902238845836 49.500000000000007
decision_type=2 2 2 2 2 2 2 2 2 2 2 2 2 2 2 2 2 2 2 2 2 2 2 2 2 2 2 2 2 2
left_child=1 -1 3 5 8 10 7 14 16 25 12 21 -2 15 -5 -10 17 -4 -18 -11 -15 24 -9 -3 -6 -7 -23 28 -25 -30
right_child=2 23 4 6 11 9 -8 22 13 19 -12 -13 -14 20 -16 -17 18 -19 -20 -21 -22 26 -24 27 -26 -27 -28 -29 29 -31
leaf_value=-0.00034083048774264854 6.9856895540336674e-05 -6.0745838464323649e-05 5.3137346319136749e-05 0.00011920844714696916 -0.00017270868938082769 -0.00021752178127771422 0.00036538459763384141 0.00017363636133527446 0 -0.00021308561163723881 -0.00030370087899189463 0.00032972114861635614 0.00034623467720003569 -0.00021702842542042648 5.7256483877406034e-05 0.00017330442132537803 -0.000156032415153613 -0.00034084379338904512 3.1316046634028687e-05 3.4922037751462623e-05 0 0.00015668431153743076 0.0003798489551960895 -0.00020336977969131321 2.9637871591838705e-05 0 0 0 -0.00018501646265629929 -5.7622366581589599e-05
leaf_weight=6027 13577 773 456 10201 166 398 300 1183 1855 123 77 144 124 295 3189 295 1696 66 211 1323 330 627 235 1806 923 134 275 67 381 551
leaf_count=6027 13577 773 456 10201 166 398 300 1183 1855 123 77 144 124 295 3189 295 1696 66 211 1323 330 627 235 1806 923 134 275 67 381 551
internal_value=3.1142e-07 -0.000269531 6.82866e-05 8.82501e-05 -1.4988e-05 5.68492e-05 0.000120666 0.000115368 -5.15875e-05 -3.40152e-05 7.02569e-05 7.18787e-05 7.27257e-05 -4.37357e-06 0.000104828 2.32059e-05 -0.000103466 0 -0.000132681 1.03551e-05 -0.000107234 5.07034e-05 0.000211361 -0.000148026 0 -0.000163992 0.000113384 -0.000170293 -0.000175148 -0.000115079
internal_weight=47808 9605 38203 30864 7339 15756 15108 14808 5204 1978 13778 2135 13701 2775 13390 2150 2429 522 1907 1446 625 1991 1418 3578 1089 532 902 2805 2738 932
internal_count=47808 9605 38203 30864 7339 15756 15108 14808 5204 1978 13778 2135 13701 2775 13390 2150 2429 522 1907 1446 625 1991 1418 3578 1089 532 902 2805 2738 932
is_linear=0
shrinkage=0.05


Tree=106
num_leaves=31
num_cat=0
split_feature=0 12 1 1 8 8 2 1 0 8 9 9 9 8 0 0 10 0 1 10 1 8 11 5 5 9 1 9 5 11
split_gain=0.316758 0.0276045 0.0222348 0.0273266 0.0199178 0.018311 0.00901522 0.00873391 0.00817343 0.00595322 0.00585453 0.0057988 0.00316081 0.00308481 0.00272851 0.00255117 0.00251484 0.00238489 0.00227897 0.00205852 0.00185635 0.00164958 0.00158712 0.00146144 0.00131638 0.00127968 0.00111717 0.000981458 0.000956859 0.000878245
threshold=0.49175000190734869 0.028986183926463131 1.0000000180025095e-35 0.30952382087707525 0.029857398010790352 0.019049347378313545 1.5000000000000002 0.61250001192092907 0.60574999451637279 0.29520697891712194 8.2465000152587908 6.5905001163482675 5.3694999217987069 0.12973351776599887 0.55215001106262218 1.0000000180025095e-35 7.737999916076661 0.66975000500679027 0.58571431040763866 6.5085000991821298 0.13392857462167743 0.097167581319808974 0.38500000536441809 0.70649999380111705 0.78750002384185802 8.6335000991821307 0.26785714924335485 3.4229999780654912 0.85250002145767223 1.5975000262260439
decision_type=2 2 2 2 2 2 2 2 2 2 2 2 2 2 2 2 2 2 2 2 2 2 2 2 2 2 2 2 2 2
left_child=1 15 4 11 8 6 12 -8 14 10 -7 13 -5 16 27 -1 -4 29 20 -16 23 -6 28 25 -24 -3 -22 -2 -13 -10
right_child=2 18 3 5 21 9 7 -9 17 -11 -12 22 -14 -15 19 -17 -18 -19 -20 -21 26 -23 24 -25 -26 -27 -28 -29 -30 -31
leaf_value=-0.00032240127351163781 4.6783207436072228e-05 -0.00014188122513820835 -0.00021887720759963553 3.637731289877548e-05 -0.00035535711563691838 0.00010413819055283482 -0.000134268409409827 2.0235585064958644e-05 0.00012583902627511979 0.00048896625926547006 0.00042775751048275466 -0.00033863792727487226 0.00019997534759582828 4.7051852902644338e-05 8.6483466394676642e-05 -6.9485860032708925e-05 -8.8120204232627002e-05 0.00026085955412317785 0.00023082452313375577 0.0002013724741099119 -0.00034874462820538534 -5.4590101722290372e-05 -2.4024750031044727e-05 0 0.00012147858656604108 0 -0.00010132058650937043 -0.00014073680624698021 -2.8996271235289225e-06 0.00020100473591138613
leaf_weight=6121 4373 2823 1402 1098 245 3872 1773 1792 5465 121 157 46 467 128 13907 153 709 509 31 474 219 109 245 167 286 98 146 58 105 709
leaf_count=6121 4373 2823 1402 1098 245 3872 1773 1792 5465 121 157 46 467 128 13907 153 709 509 31 474 219 109 245 167 286 98 146 58 105 709
internal_value=3.02119e-07 -0.000253736 6.55825e-05 9.4909e-06 9.18647e-05 5.18524e-05 -1.04194e-05 -5.52038e-05 9.71824e-05 0.000130033 0.000118 -0.000123377 8.83997e-05 -0.000162273 7.97155e-05 -0.000317032 -0.000177336 0.0001456 -0.000138311 9.06193e-05 -0.000143079 -0.00027691 0 -0.000127215 4.4938e-05 -0.000135498 -0.000263525 4.31971e-05 -0.000138425 0.000135284
internal_weight=47808 9758 38050 12201 25849 9280 5130 3565 25495 4150 4029 2921 1565 2239 18812 6274 2111 6683 3484 14381 3453 354 682 3088 531 2921 365 4431 151 6174
internal_count=47808 9758 38050 12201 25849 9280 5130 3565 25495 4150 4029 2921 1565 2239 18812 6274 2111 6683 3484 14381 3453 354 682 3088 531 2921 365 4431 151 6174
is_linear=0
shrinkage=0.05


Tree=107
num_leaves=31
num_cat=0
split_feature=0 10 4 0 0 0 1 10 0 1 1 10 8 0 1 1 5 1 1 1 8 11 0 8 5 10 1 7 1 0
split_gain=0.285995 0.0249058 0.0208361 0.0111782 0.00778465 0.00653567 0.00809914 0.00403649 0.00400424 0.00339486 0.00648162 0.00301269 0.00290729 0.00228489 0.00221902 0.00208442 0.00218257 0.0020791 0.00206228 0.00378943 0.00187079 0.00186904 0.00175835 0.00169619 0.00164518 0.00162763 0.00162024 0.00183033 0.00136281 0.000960127
threshold=0.49175000190734869 1.0000000180025095e-35 2.5000000000000004 0.64305001497268688 0.60965001583099376 0.56704998016357433 0.13392857462167743 7.1265001296997079 0.68244999647140514 0.91666665673255932 1.0000000180025095e-35 7.4559998512268075 0.023532669059932235 1.0000000180025095e-35 1.0000000180025095e-35 1.0000000180025095e-35 0.95250001549720775 0.91666665673255932 0.53571429848670971 1.0000000180025095e-35 0.030776515603065494 7.9070000648498544 0.53275001049041759 0.11882352828979494 0.97650000452995311 8.231999874114992 0.13392857462167743 1.0000000180025095e-35 0.26785714924335485 0.6569499969482423
decision_type=2 2 2 2 2 2 2 2 2 2 2 2 2 2 2 2 2 2 2 2 2 2 2 2 2 2 2 2 2 2
left_child=1 13 3 5 11 6 12 15 18 10 -7 14 -2 -1 20 -5 -17 24 19 -6 -4 25 -8 -16 26 -13 27 -3 -28 -9
right_child=2 17 4 7 8 9 22 29 -10 -11 -12 21 -14 -15 23 16 -18 -19 -20 -21 -22 -23 -24 -25 -26 -27 28 -29 -30 -31
leaf_value=-0.00030804977501282379 5.34973038013964e-05 -7.8245673892131504e-05 3.3563833685779859e-05 0.00017191123050121213 0.00010405557045108771 9.6239081590171005e-05 -0.00030751627465083753 0.0001870845379504869 0.00020000324439939095 0.00019832174369093745 2.3805536272483946e-05 -1.5471130224722456e-05 -0.00032260547974570454 -6.601385165001816e-05 -0.00017135125115098671 -1.5206316639410507e-05 0.00020091089456292954 0.00030097914349973493 8.455607716819998e-05 -5.0577828974411821e-05 -0.00029995294802170154 -0.00012243661438573819 -6.953599529840747e-05 0 0.00022801489839868952 0.00015396179160697207 -0.00034615591733781238 -0.00016420339763223332 -9.427618134713302e-05 0.00039485685718344539
leaf_weight=6003 7525 1454 310 1667 527 15390 106 228 342 706 4109 1244 48 153 1144 350 154 20 799 1531 48 373 892 111 20 159 220 1728 160 287
leaf_count=6003 7525 1454 310 1667 527 15390 106 228 342 706 4109 1244 48 153 1144 350 154 20 799 1531 48 373 892 111 20 159 220 1728 160 287
internal_value=2.95083e-07 -0.000241087 6.23298e-05 7.92905e-05 -1.79097e-05 6.98975e-05 3.2364e-05 0.000178053 3.70097e-05 8.55716e-05 8.12319e-05 -7.12251e-05 5.0449e-05 -0.000302848 -0.000121478 0.000143812 4.09376e-05 -0.00013414 1.57421e-05 -8.5477e-06 0 -2.27653e-05 -9.98503e-05 -0.000152925 -0.000137974 1.76529e-07 -0.000141439 -0.0001265 -0.000253308 0.000312633
internal_weight=47808 9758 38050 31462 6588 28776 8571 2686 3199 20205 19499 3389 7573 6156 1613 2171 504 3602 2857 2058 358 1776 998 1255 3582 1403 3562 3182 380 515
internal_count=47808 9758 38050 31462 6588 28776 8571 2686 3199 20205 19499 3389 7573 6156 1613 2171 504 3602 2857 2058 358 1776 998 1255 3582 1403 3562 3182 380 515
is_linear=0
shrinkage=0.05


Tree=108
num_leaves=31
num_cat=0
split_feature=0 12 3 0 7 10 9 11 3 9 3 10 0 9 0 3 3 7 0 11 11 9 0 9 3 3 3 7 0 3
split_gain=0.258294 0.022462 0.0205155 0.0136182 0.00991943 0.0109521 0.00929912 0.00794451 0.00623696 0.0123884 0.0121855 0.00550875 0.00397926 0.00278128 0.0027307 0.00227338 0.00216939 0.00215698 0.00196787 0.00192123 0.00181064 0.00124856 0.00134616 0.00110343 0.00108244 0.00302294 0.00655656 0.00391759 0.000979294 0.000798602
threshold=0.49175000190734869 0.028986183926463131 30.500000000000004 0.65125000476837169 1.0000000180025095e-35 7.4559998512268075 7.0304999351501474 7.4814999103546151 49.500000000000007 3.804999947547913 50.500000000000007 7.0989999771118173 0.5774500072002412 8.8499999046325701 0.60245001316070568 38.500000000000007 6.5000000000000009 1.0000000180025095e-35 1.0000000180025095e-35 1.6875000000000002 3.344500064849854 5.5989999771118173 0.58245000243186962 1.0000000180025095e-35 50.500000000000007 49.500000000000007 34.500000000000007 1.0000000180025095e-35 0.69835001230239879 44.500000000000007
decision_type=2 2 2 2 2 2 2 2 2 2 2 2 2 2 2 2 2 2 2 2 2 2 2 2 2 2 2 2 2 2
left_child=1 18 3 4 12 6 -6 -7 9 15 13 19 23 17 -11 -4 -3 -10 -1 28 -14 -12 -23 -2 25 26 -18 -27 -5 -16
right_child=2 16 8 11 5 7 -8 -9 10 14 21 -13 20 -15 29 -17 24 -19 -20 -21 -22 22 -24 -25 -26 27 -28 -29 -30 -31
leaf_value=-0.00029103752936807223 5.7211492922356549e-05 -4.0429723477603837e-05 -0.00018382359000516929 0.00014371243207838809 -7.9083786835460924e-05 0.00012242621608476911 0.00011470006178363026 -4.1726831303608057e-05 0.00024628323655992565 -0.00013796525204627777 -0.00022568392310816666 0.0003306634931551527 9.338348766039069e-05 0.00044171105415945683 6.9655162243768899e-05 -0.0004719956891532224 -0.0001193973610546732 3.9175961610820753e-05 -6.2715309211224806e-05 2.2799346868520722e-06 0.00021015028885774175 -0.00026529784526084364 -2.7460964541890854e-05 -5.1565635035515267e-05 -0.00025482326229946638 7.9613775838828591e-05 -0.00039749162206996204 -0.00014037572583422992 0.00032798078120747806 -5.643862451317272e-05
leaf_weight=6121 10343 759 203 1309 3332 2632 743 969 154 354 399 578 13134 55 466 241 1345 1497 153 283 416 89 401 190 304 332 283 461 132 130
leaf_count=6121 10343 759 203 1309 3332 2632 743 969 154 354 399 578 13134 55 466 241 1345 1497 153 283 416 89 401 190 304 332 283 461 132 130
internal_value=2.79395e-07 -0.000229109 5.92385e-05 7.18613e-05 6.3113e-05 1.28345e-05 -4.2522e-05 7.68656e-05 -4.72901e-05 -0.000132604 0 0.000190375 7.89306e-05 7.67486e-05 -2.49762e-05 -0.000351571 -0.000124738 6.15363e-05 -0.000286268 0.000140424 9.73389e-05 -0.000151527 -8.09072e-05 5.47741e-05 -0.000146384 -0.000130692 -0.000170832 -4.19714e-05 0.000164083 3.37588e-05
internal_weight=47808 9758 38050 34061 31759 7676 4075 3601 3989 1394 2595 2302 24083 1706 950 444 3484 1651 6274 1724 13550 889 490 10533 2725 2421 1628 793 1441 596
internal_count=47808 9758 38050 34061 31759 7676 4075 3601 3989 1394 2595 2302 24083 1706 950 444 3484 1651 6274 1724 13550 889 490 10533 2725 2421 1628 793 1441 596
is_linear=0
shrinkage=0.05


Tree=109
num_leaves=31
num_cat=0
split_feature=0 10 4 0 0 1 1 8 11 10 0 0 9 0 1 1 8 8 9 1 5 0 12 4 12 0 8 11 9 10
split_gain=0.233352 0.0202051 0.0173091 0.00955868 0.00678469 0.00520659 0.0109749 0.00894847 0.00923611 0.00649867 0.00355036 0.00344076 0.00290399 0.00274423 0.00263312 0.00254744 0.00299727 0.00246641 0.00223076 0.00217891 0.00203069 0.00175614 0.00159223 0.00145049 0.00118979 0.000964071 0.000925861 0.000886841 0.000531174 0.000511999
threshold=0.49175000190734869 1.0000000180025095e-35 2.5000000000000004 0.63365000486373912 0.61044999957084667 1.0000000180025095e-35 0.30952382087707525 0.029857398010790352 3.9385000467300419 7.4559998512268075 0.71889999508857738 0.67645001411437999 6.6675000190734872 0.53775000572204601 0.58571431040763866 1.0000000180025095e-35 0.072299651801586165 0.030776515603065494 7.2994999885559091 1.0000000180025095e-35 0.67049998044967662 1.0000000180025095e-35 0.82212805747985851 1.5000000000000002 0.99078321456909191 0.71889999508857738 0.16172623634338382 0.26449999213218695 8.8499999046325701 7.1684999465942392
decision_type=2 2 2 2 2 2 2 2 2 2 2 2 2 2 2 2 2 2 2 2 2 2 2 2 2 2 2 2 2 2
left_child=1 21 3 5 13 7 12 8 -2 -8 14 18 -7 -4 19 17 -17 -15 22 -5 23 -1 -6 -3 28 29 -9 -16 -25 -13
right_child=2 20 4 10 11 6 9 26 -10 -11 -12 25 -14 15 27 16 -18 -19 -20 -21 -22 -23 -24 24 -26 -27 -28 -29 -30 -31
leaf_value=-0.00027809588991368551 7.0519676129700452e-05 -5.041636682030504e-05 -0.00025734761488401746 0.00014177511846708555 -3.2371858000109815e-05 -0.00015495632970357473 -8.3106463700181775e-08 -0.00031448646050428303 0.00033210649033676 0.00012328039916370068 0.00051447808813642987 0 1.4515297185746901e-06 8.7437174651761732e-05 0 -9.8779708305541238e-05 3.2945033995636734e-05 -0.00019564889286782908 0.00015799642784732092 3.7065771629300615e-05 0 -5.9581594153871289e-05 5.0665317673466753e-05 -0.00018174789307643139 -9.1612679527332003e-05 0.00048756020043258313 0 0.00027757908300597467 0 0.00016751059520440199
leaf_weight=6003 21597 626 190 2513 1547 952 2197 159 354 1939 74 115 341 489 65 2224 471 84 241 795 272 153 919 1708 942 34 22 454 54 274
leaf_count=6003 21597 626 190 2513 1547 952 2197 159 354 1939 74 115 341 489 65 2224 471 84 241 795 272 153 919 1708 942 34 22 454 54 274
internal_value=2.44451e-07 -0.000217783 5.62898e-05 7.1752e-05 -1.67935e-05 6.10698e-05 1.59937e-05 7.1901e-05 7.49675e-05 5.65437e-05 0.000145938 3.55096e-05 -0.000109844 -6.55811e-05 0.000137492 -5.28944e-05 -7.39028e-05 3.71863e-05 1.27727e-05 0.000118124 -0.000121203 -0.000273478 0 -0.000131964 -0.000148992 0.00016916 -0.000272224 0.000251259 -0.000176823 0.000128363
internal_weight=47808 9758 38050 31462 6588 27561 5429 22132 21951 4136 3901 3130 1293 3458 3827 3268 2695 573 2707 3308 3602 6156 2466 3330 2704 423 181 519 1762 389
internal_count=47808 9758 38050 31462 6588 27561 5429 22132 21951 4136 3901 3130 1293 3458 3827 3268 2695 573 2707 3308 3602 6156 2466 3330 2704 423 181 519 1762 389
is_linear=0
shrinkage=0.05


Tree=110
num_leaves=30
num_cat=0
split_feature=1 3 8 3 9 3 9 3 10 12 5 7 9 9 8 10 3 5 5 5 9 5 8 1 3 3 3 8 9
split_gain=0.0209889 0.0162699 0.00876545 0.00866633 0.0158239 0.0123199 0.00693447 0.00472153 0.00455066 0.00840235 0.00566412 0.00332354 0.00322962 0.00241525 0.00230362 0.00225621 0.00174217 0.00207184 0.00221378 0.00168907 0.00144699 0.00124507 0.000911874 0.000640846 0.000635053 0.000627664 0.000594497 0.000408537 0.000378545
threshold=0.91666665673255932 29.500000000000004 0.13397436589002612 49.500000000000007 1.0000000180025095e-35 50.500000000000007 8.0085000991821307 40.500000000000007 7.7760000228881845 0.0089731207117438334 0.44249999523162847 1.0000000180025095e-35 8.6335000991821307 8.8499999046325701 0.4083333313465119 7.430500030517579 50.500000000000007 0.99950000643730175 0.7995000183582307 0.7995000183582307 5.1010000705719003 0.67049998044967662 0.20416666567325595 0.21111111342906955 4.5000000000000009 9.5000000000000018 43.500000000000007 0.11882352828979494 4.9215002059936532
decision_type=2 2 2 2 2 2 2 2 2 2 2 2 2 2 2 2 2 2 2 2 2 2 2 2 2 2 2 2 2
left_child=1 2 6 4 7 11 8 -3 9 -1 -10 -5 14 -13 16 20 17 18 -2 25 -6 -7 23 -4 -19 -8 -17 -23 -18
right_child=12 3 22 5 15 21 19 -9 10 -11 -12 13 -14 -15 -16 26 28 24 -20 -21 -22 27 -24 -25 -26 -27 -28 -29 -30
leaf_value=6.3339547103366059e-06 0.00011244061734783214 -0.00026018143986264165 0 0.00013925147549828206 -0.00030758366245774832 -0.00023113856758817262 0.00017326557700911329 -0.00059964250502996886 -1.4296305052261066e-05 -5.2998143472583752e-05 0.00014146714723456638 -1.8085373463985821e-05 0.00061110953398261321 0.00034594461626126765 0.00069054742219655648 1.7763126854941322e-05 -0.00018510035615479356 0.00010631720274002055 0.00026281081210857552 0.00039579042603376038 -7.5526199051024207e-05 -0.00011364798900079665 0.00028582699100822013 0.00014757978264421314 -6.8368727787483796e-05 2.3280848125226043e-05 -9.2774848409412118e-05 0 0
leaf_weight=29996 739 365 76 477 132 644 287 218 1022 7425 1215 1838 49 46 25 507 30 94 579 92 332 445 223 382 112 209 154 42 53
leaf_count=29996 739 365 76 477 132 644 287 218 1022 7425 1215 1838 49 46 25 507 30 94 579 92 332 445 223 382 112 209 154 42 53
internal_value=2.48914e-07 -5.9709e-06 4.49771e-06 -8.93249e-05 -0.000182529 -4.23016e-05 1.36229e-06 -0.000395771 -1.03984e-06 -5.3051e-06 6.80723e-05 2.08133e-05 0.000173886 -6.52549e-06 0.000157659 -6.75522e-05 0.000146215 0.000159201 0.000182307 0.00017185 -0.000152368 -0.000178467 0.000182428 0.000121116 0 0.000120162 -4.37033e-07 -9.85161e-05 -3.19687e-05
internal_weight=47808 46127 40927 5200 1708 3492 40246 583 39658 37421 2237 2361 1681 1884 1632 1125 1607 1524 1318 588 464 1131 681 458 206 496 661 487 83
internal_count=47808 46127 40927 5200 1708 3492 40246 583 39658 37421 2237 2361 1681 1884 1632 1125 1607 1524 1318 588 464 1131 681 458 206 496 661 487 83
is_linear=0
shrinkage=0.05


Tree=111
num_leaves=31
num_cat=0
split_feature=8 3 9 5 9 3 9 3 10 9 3 7 9 10 8 7 11 11 9 5 5 9 3 10 2 11 3 5 10 8
split_gain=0.0159739 0.0137339 0.00947068 0.00742745 0.012834 0.00675685 0.0164263 0.0131687 0.00530059 0.0069451 0.00523069 0.00381369 0.00334564 0.0028369 0.002607 0.00236731 0.00236447 0.00207708 0.0019222 0.00146041 0.00121512 0.00220268 0.000767256 0.000720182 0.000693076 0.000517361 0.00042514 0.000271383 0.000169919 0.000169476
threshold=0.15504807978868487 27.500000000000004 8.0085000991821307 0.75549998879432689 5.9954998493194589 49.500000000000007 1.0000000180025095e-35 50.500000000000007 7.4559998512268075 4.8010001182556161 40.500000000000007 1.0000000180025095e-35 6.9990000724792489 7.7044999599456796 0.31860901415348059 1.0000000180025095e-35 0.45799998939037329 0.639499992132187 4.7980000972747812 0.83449998497962963 0.73399999737739574 9.0355000495910662 44.500000000000007 8.1259999275207537 1.0000000180025095e-35 0.95549997687339794 10.500000000000002 0.99450001120567333 7.737999916076661 0.089572194963693633
decision_type=2 2 2 2 2 2 2 2 2 2 2 2 2 2 2 2 2 2 2 2 2 2 2 2 2 2 2 2 2 2
left_child=1 2 3 4 11 6 10 12 9 -5 -3 -1 15 18 17 -7 -6 -2 -8 28 21 -4 -15 -10 -19 -14 -23 -26 -9 -21
right_child=14 5 20 8 16 7 13 19 23 -11 -12 -13 25 22 -16 -17 -18 24 -20 29 -22 26 -24 -25 27 -27 -28 -29 -30 -31
leaf_value=6.9819196408265662e-06 1.7098353575770429e-05 -0.00022875147026830208 0 -0.00020923319257027699 -0.00032816901517940641 0.0001182608154471044 -0.00027902566277433798 -0.00024426751040859337 0.00010156651852786443 4.739360511422219e-05 -0.00055336125791721595 -4.4476416756777965e-05 0 5.8197094469662011e-05 0.00047212077910658255 -4.944890611863322e-06 -0.00012489630302772609 0 -6.0467579007729378e-05 -7.7002687750910562e-05 0.00037001437487499834 0.00026673658275696752 -6.83380080618996e-05 0.00019521861970456616 0.00028817920245176196 0.00040982653822884497 7.8704809332656459e-05 0.00010269156148880475 -0.00012991527964963296 0
leaf_weight=31340 215 453 150 304 258 470 156 542 1609 1893 240 4063 22 517 113 1927 685 28 592 312 122 239 126 440 324 67 139 125 295 42
leaf_count=31340 215 453 150 304 258 470 156 542 1609 1893 240 4063 22 517 113 1927 685 28 592 312 122 239 126 440 324 67 139 125 295 42
internal_value=2.51895e-07 -3.42594e-06 6.56406e-06 3.40644e-06 -3.77386e-06 -7.58094e-05 -0.000148453 -3.32745e-05 6.60464e-05 9.60039e-06 -0.000348448 9.35001e-07 3.05216e-05 -4.52034e-05 0.000221181 1.71312e-05 -0.000185841 0.000172917 -0.000112764 -0.000170627 0.000196033 0.000146303 2.56201e-05 0.000124126 0.000232651 0.00033462 0.000210856 0.000247708 -0.000209957 -6.34791e-05
internal_weight=47808 47003 41242 40592 36346 5761 2084 3677 4246 2197 693 35403 2486 1391 805 2397 943 692 748 1191 650 528 643 2049 477 89 378 449 837 354
internal_count=47808 47003 41242 40592 36346 5761 2084 3677 4246 2197 693 35403 2486 1391 805 2397 943 692 748 1191 650 528 643 2049 477 89 378 449 837 354
is_linear=0
shrinkage=0.05


Tree=112
num_leaves=31
num_cat=0
split_feature=0 10 1 1 8 8 2 1 0 9 9 8 8 9 1 0 0 10 1 0 3 3 3 3 10 8 9 1 8 9
split_gain=0.207745 0.0197659 0.0154364 0.0221878 0.01586 0.0136323 0.00811588 0.0083106 0.00636171 0.00436459 0.00381792 0.00347808 0.00261166 0.00258368 0.00228015 0.00196557 0.00184583 0.00179613 0.00174259 0.00153024 0.00137085 0.0019432 0.00343994 0.00252105 0.00134903 0.00133106 0.00113332 0.000972889 0.00100661 0.000703527
threshold=0.49175000190734869 1.0000000180025095e-35 1.0000000180025095e-35 0.30952382087707525 0.029857398010790352 0.045983087271451957 1.5000000000000002 0.61250001192092907 0.60124999284744274 6.5905001163482675 7.7005000114440927 0.45804196596145635 0.094494048506021514 4.8010001182556161 0.21111111342906955 0.55215001106262218 0.66975000500679027 6.5085000991821298 0.91666665673255932 1.0000000180025095e-35 19.500000000000004 49.500000000000007 39.500000000000007 50.500000000000007 6.7829999923706064 0.097167581319808974 7.5715000629425058 0.21111111342906955 0.0745370388031006 3.4229999780654912
decision_type=2 2 2 2 2 2 2 2 2 2 2 2 2 2 2 2 2 2 2 2 2 2 2 2 2 2 2 2 2 2
left_child=1 19 4 9 8 6 13 -8 15 12 11 -7 14 -5 -4 29 24 -17 20 -1 26 22 -22 -23 -10 -6 -3 28 -11 -2
right_child=2 18 3 5 25 10 7 -9 16 27 -12 -13 -14 -15 -16 17 -18 -19 -20 -21 21 23 -24 -25 -26 -27 -28 -29 -30 -31
leaf_value=-0.0002648571272206598 3.5105616021464826e-05 -8.6861863058434961e-05 -0.0002324204900985762 3.6639025682288503e-05 -0.00032514953772754744 9.9394468333306913e-05 -0.00010946572125613856 2.9687545808209232e-05 0.00010225786147497073 -0.00012944585196714083 0.00030665853173054888 0.0007813095958170733 0 0.00017293791599767947 -0.0001098109189301663 6.8847648548865233e-05 0.00022117365780994076 0.00018434696689635503 0.00028962963336003728 -5.7269806888016523e-05 -0.00013998700010262293 -4.0936654562020541e-05 -0.00041500706382561293 -0.00021760072779383798 0.00019111724458051416 -4.7920382919526411e-05 4.970098072361491e-05 5.6695988903814846e-05 2.5474277600096285e-05 -0.00012305159541127462
leaf_weight=6003 4373 1548 876 1042 245 3075 2099 2112 6513 225 292 21 255 639 1108 13018 509 403 20 153 589 815 186 324 621 109 120 343 114 58
leaf_count=6003 4373 1548 876 1042 245 3075 2099 2112 6513 225 292 21 255 639 1108 13018 509 403 20 153 589 815 186 324 621 109 120 343 114 58
internal_value=2.40531e-07 -0.000205471 5.31274e-05 6.32399e-06 7.50255e-05 4.45403e-05 -5.72e-07 -3.84879e-05 7.97904e-05 -0.000113375 0.000124468 0.00010566 -0.000147112 9.14319e-05 -0.000166476 6.28468e-05 0.000118711 7.26897e-05 -0.000110011 -0.000260511 -0.000113646 -0.000145547 -0.000212488 -9.55946e-05 0.000110696 -0.000253946 -7.40374e-05 0 -6.26118e-05 3.19043e-05
internal_weight=47808 9758 38050 12201 25849 9280 5892 4211 25495 2921 3388 3096 2239 1681 1984 17852 7643 13421 3602 6156 3582 1914 775 1139 7134 354 1668 682 339 4431
internal_count=47808 9758 38050 12201 25849 9280 5892 4211 25495 2921 3388 3096 2239 1681 1984 17852 7643 13421 3602 6156 3582 1914 775 1139 7134 354 1668 682 339 4431
is_linear=0
shrinkage=0.05


Tree=113
num_leaves=31
num_cat=0
split_feature=0 10 3 0 1 1 8 10 3 3 9 10 0 10 5 1 1 0 5 3 0 3 1 1 0 9 5 5 10 10
split_gain=0.18771 0.0177737 0.0145964 0.011385 0.0080549 0.013221 0.00819982 0.00766489 0.00557637 0.00917358 0.0087251 0.00528593 0.0048623 0.00377842 0.003356 0.00234223 0.00197994 0.00191075 0.00177236 0.00140571 0.0013315 0.00131003 0.00121297 0.00129074 0.00101042 0.00143235 0.00100732 0.000983051 0.000838865 0.000756486
threshold=0.49175000190734869 1.0000000180025095e-35 31.500000000000004 0.64305001497268688 1.0000000180025095e-35 0.30952382087707525 0.029857398010790352 7.4559998512268075 49.500000000000007 50.500000000000007 3.804999947547913 7.4559998512268075 0.71889999508857738 7.0469999313354501 0.67049998044967662 0.61250001192092907 1.0000000180025095e-35 0.59565001726150524 0.67049998044967662 38.500000000000007 1.0000000180025095e-35 3.5000000000000004 0.13392857462167743 0.46428571641445165 0.58245000243186962 5.5814998149871835 1.0000000180025095e-35 0.99950000643730175 7.8960001468658456 6.7829999923706064
decision_type=2 2 2 2 2 2 2 2 2 2 2 2 2 2 2 2 2 2 2 2 2 2 2 2 2 2 2 2 2 2
left_child=1 20 3 4 6 14 11 -7 10 15 19 -2 13 16 -6 26 -5 -12 21 -4 -1 -3 -23 -24 -11 -26 -10 -15 -8 -19
right_child=2 18 8 12 5 7 28 -9 9 24 17 -13 -14 27 -16 -17 -18 29 -20 -21 -22 22 23 -25 25 -27 -28 -29 -30 -31
leaf_value=-0.00025161447632065614 6.6095674037540135e-05 -1.345052296361158e-05 -0.00015716343044942663 0.00013313348015473624 -0.00017203002235277067 -1.0948898309038183e-05 -0.00026783016493921733 0.00010187997444540732 4.6187624070187464e-05 -0.00026153006408392458 -0.00014182099607051553 0.00026153146816462205 0.00053252856036978876 0.00025622493982543757 -2.9687419008077084e-05 0.00019470141847391091 1.9861345016706887e-05 -8.7977714513850892e-05 1.1036738046519392e-06 -0.00040973429805003011 -5.4408186287908695e-05 -0.00011224381542524479 -0.0002853371761814062 0 -0.00017226645084816178 -1.4730370822956693e-05 -0.00022297160946717641 0 0 4.7736987876981096e-05
leaf_weight=6003 22652 391 181 1638 998 2963 192 2918 1353 161 267 370 91 717 877 323 650 115 272 241 153 2650 245 44 326 402 30 58 40 487
leaf_count=6003 22652 391 181 1638 998 2963 192 2918 1353 161 267 370 91 717 877 323 650 115 272 241 153 2650 245 44 326 402 30 58 40 487
internal_value=2.34719e-07 -0.0001953 5.05118e-05 6.10149e-05 5.1565e-05 6.71875e-06 6.63077e-05 4.41845e-05 -4.05398e-05 0 -0.000125477 6.94549e-05 0.000152336 0.000139391 -0.000108123 6.95698e-05 0.000103141 -2.84823e-05 -0.00010465 -0.000313313 -0.000247526 -0.00011479 -0.000126569 -0.00024055 -0.00012848 -9.21565e-05 3.67183e-05 0.000239933 -0.000224355 1.34968e-05
internal_weight=47808 9758 38050 34164 31010 7756 23254 5881 3886 2595 1291 23022 3154 3063 1875 1706 2288 869 3602 422 6156 3330 2939 289 889 728 1383 775 232 602
internal_count=47808 9758 38050 34164 31010 7756 23254 5881 3886 2595 1291 23022 3154 3063 1875 1706 2288 869 3602 422 6156 3330 2939 289 889 728 1383 775 232 602
is_linear=0
shrinkage=0.05


Tree=114
num_leaves=31
num_cat=0
split_feature=0 12 3 0 7 1 0 0 9 0 9 12 1 7 9 9 1 1 1 1 0 7 11 3 0 1 11 11 11 11
split_gain=0.169492 0.0159977 0.0134079 0.00933884 0.00547197 0.00630351 0.00484197 0.00393781 0.00387633 0.00276523 0.00232391 0.00241222 0.00217382 0.00343815 0.00181271 0.00178655 0.0016443 0.00155246 0.00198346 0.00152145 0.00137923 0.00131138 0.00203608 0.00116014 0.00115461 0.00112324 0.00112018 0.00111348 0.000875358 0.000862686
threshold=0.49175000190734869 1.0000000180025095e-35 19.500000000000004 0.63554999232292186 1.0000000180025095e-35 0.46428571641445165 0.60965001583099376 0.70544999837875377 7.3754999637603769 0.57005000114440929 5.428499937057496 0.99004951119422924 1.0000000180025095e-35 1.0000000180025095e-35 6.7114999294281015 8.1949996948242205 0.21111111342906955 0.46428571641445165 0.13392857462167743 1.0000000180025095e-35 0.57054999470710765 1.0000000180025095e-35 6.3459999561309823 50.500000000000007 1.0000000180025095e-35 0.58571431040763866 3.4025000333786015 4.1004998683929452 1.4004999995231631 0.10050000250339509
decision_type=2 2 2 2 2 2 2 2 2 2 2 2 2 2 2 2 2 2 2 2 2 2 2 2 2 2 2 2 2 2
left_child=1 24 3 4 9 14 12 15 -7 -2 11 19 13 27 -6 25 -14 18 21 -8 -18 23 -23 -3 -1 -5 -11 -4 -20 -12
right_child=2 17 6 7 5 8 10 -9 -10 26 29 -13 16 -15 -16 -17 20 -19 28 -21 -22 22 -24 -25 -26 -27 -28 -29 -30 -31
leaf_value=-0.00023903396145805419 3.7213209278502999e-05 -3.0896745751261068e-05 0 0.00010010088490997033 -6.3852105621821278e-05 3.5010580709947595e-05 4.4889188417407236e-05 0.00040229288982896383 0.00021038565527682895 7.2277507463831426e-05 -5.7463628527094644e-05 8.874658846586258e-05 -0.00021995721825632302 -3.169898180477113e-05 2.4385583863357772e-05 0.00038418417183301264 -0.00015249269061820179 0.00010438235563143808 0 -7.5295230388532447e-05 -4.4917267515863747e-05 -3.0234303635695927e-05 -0.00015952393940030454 -0.00020451709396668934 -5.1689564729472725e-05 0.00019458184065606132 0.0001771864935519522 0.00048284522079661962 -0.00027242945320157065 0.0001002194748804238
leaf_weight=6003 8299 1335 39 3112 2374 2497 298 148 386 14045 54 446 258 473 676 80 466 67 69 1030 1566 551 1187 122 153 516 330 47 271 910
leaf_count=6003 8299 1335 39 3112 2374 2497 298 148 386 14045 54 446 258 473 676 80 466 67 69 1030 1566 551 1187 122 153 516 330 47 271 910
internal_value=1.88369e-07 -0.00018561 4.79686e-05 6.03245e-05 5.01981e-05 6.49755e-06 -2.293e-05 0.000134151 6.0232e-05 6.14124e-05 2.31952e-05 -8.22406e-06 -6.90123e-05 1.17505e-05 -4.26557e-05 0.00012209 -9.09099e-05 -9.94822e-05 -0.000104763 -4.456e-05 -7.20544e-05 -8.99048e-05 -0.000121416 -4.88791e-05 -0.000235191 0.000114922 7.50349e-05 0.000308554 -0.000229621 8.61954e-05
internal_weight=47808 9758 38050 32463 28607 5933 5587 3856 2883 22674 2738 1774 2849 559 3050 3708 2290 3602 3535 1328 2032 3195 1738 1457 6156 3628 14375 86 340 964
internal_count=47808 9758 38050 32463 28607 5933 5587 3856 2883 22674 2738 1774 2849 559 3050 3708 2290 3602 3535 1328 2032 3195 1738 1457 6156 3628 14375 86 340 964
is_linear=0
shrinkage=0.05


Tree=115
num_leaves=31
num_cat=0
split_feature=0 12 7 1 8 0 0 0 5 2 11 1 4 5 0 0 5 0 0 11 0 8 4 0 10 1 10 10 12 1
split_gain=0.153235 0.0143675 0.0119251 0.0116805 0.00572145 0.00525273 0.00486919 0.0048048 0.00416491 0.00367134 0.00725848 0.00553454 0.00339012 0.00232275 0.00192488 0.00171604 0.00156295 0.00153823 0.00152089 0.00144807 0.00135183 0.00130947 0.00106849 0.000975513 0.000972037 0.000997635 0.000929163 0.000879517 0.000790062 0.000749484
threshold=0.49175000190734869 0.028986183926463131 1.0000000180025095e-35 0.53571429848670971 0.14039409160614016 0.575850009918213 0.61044999957084667 0.62115001678466808 0.99549999833107006 1.5000000000000002 3.8255000114440922 1.0000000180025095e-35 1.5000000000000002 0.85250002145767223 0.56905001401901256 0.68854999542236339 0.67049998044967662 0.53665000200271618 0.69369998574256908 0.62350001931190502 0.57985001802444469 0.019049347378313545 1.5000000000000002 1.0000000180025095e-35 7.2684998512268075 0.13392857462167743 7.1265001296997079 7.9375000000000009 0.99078321456909191 0.18333333730697635
decision_type=2 2 2 2 2 2 2 2 2 2 2 2 2 2 2 2 2 2 2 2 2 2 2 2 2 2 2 2 2 2
left_child=1 23 7 4 5 17 12 9 -7 10 14 -12 21 27 -2 26 22 -4 24 -6 -14 -5 -3 -1 25 -9 -8 -11 -24 -21
right_child=2 16 3 6 19 8 15 18 -10 13 11 -13 20 -15 -16 -17 -18 -19 -20 29 -22 -23 28 -25 -26 -27 -28 -29 -30 -31
leaf_value=-0.00022578533247329105 3.372044137278528e-05 -3.08365277085878e-05 -0.00024136091485097244 2.7257946782103648e-05 0 -2.7110109484049152e-05 5.3712891713915683e-05 0.00010457475846283242 0.00015073474888698646 -0.00017025172043402928 0.00057126860747204553 0.00012558644139082511 -9.8245270695017378e-05 5.6549950093898334e-05 6.6808253819465298e-05 0.00032395388982845081 7.0021071419917687e-06 -9.1216837354792481e-05 0.00028632837657357595 0 8.0621171258952016e-06 0.00019766203162155887 -0.00014147052081475532 -4.9106774933919267e-05 0.00021629265513097972 0 0.0001519008583153518 0 -6.9225492249005299e-05 0.00021149789489488801
leaf_weight=6121 7937 609 266 312 163 6042 563 3501 342 326 120 271 416 229 12745 150 269 1364 160 64 823 297 1664 153 267 235 1032 104 942 321
leaf_count=6121 7937 609 266 312 163 6042 563 3501 342 326 120 271 416 229 12745 150 269 1364 160 64 823 297 1664 153 267 235 1032 104 942 321
internal_value=1.78602e-07 -0.00017648 4.56148e-05 4.31663e-06 -2.69989e-05 -3.81691e-05 8.03308e-05 6.48068e-05 -1.67973e-05 5.49361e-05 5.86898e-05 0.000275264 2.05555e-05 -5.75006e-05 5.43523e-05 0.000140764 -9.25739e-05 -0.000118799 0.000115131 0.000127208 -2.36009e-05 0.000118589 -0.000102461 -0.000222275 0.000107032 9.78798e-05 0.000120383 -0.000129863 -0.000117278 0.000180089
internal_weight=47808 9758 38050 12155 8562 8014 3593 25895 6384 21732 21073 391 1848 659 20682 1745 3484 1630 4163 548 1239 609 3215 6274 4003 3736 1595 430 2606 385
internal_count=47808 9758 38050 12155 8562 8014 3593 25895 6384 21732 21073 391 1848 659 20682 1745 3484 1630 4163 548 1239 609 3215 6274 4003 3736 1595 430 2606 385
is_linear=0
shrinkage=0.05


Tree=116
num_leaves=31
num_cat=0
split_feature=1 4 5 8 10 7 8 5 5 8 10 11 11 11 11 12 5 10 5 4 11 1 1 2 1 12 11 11 11 5
split_gain=0.0155716 0.00818325 0.00596737 0.00340641 0.00339779 0.00404119 0.00420232 0.00207783 0.00160892 0.00303831 0.00151118 0.00164097 0.00150261 0.00147256 0.00138107 0.00125795 0.00140438 0.00118378 0.0011262 0.000933332 0.000674648 0.000586598 0.000553096 0.000437221 0.000409631 0.00037543 0.000368941 0.000349967 0.00042592 0.000301942
threshold=0.91666665673255932 2.5000000000000004 0.98849999904632579 0.10762548446655275 7.7760000228881845 1.0000000180025095e-35 0.11651583760976793 0.44249999523162847 0.99950000643730175 0.073622401803731932 8.2065000534057635 8.2065000534057635 5.3145000934600839 2.6744999885559086 6.7994999885559091 0.98009902238845836 0.70649999380111705 6.4454998970031747 0.98950001597404491 1.5000000000000002 3.344500064849854 0.21111111342906955 0.58571431040763866 1.5000000000000002 0.30952382087707525 0.98009902238845836 1.5975000262260439 0.47249999642372137 2.0015000104904179 0.9975000023841859
decision_type=2 2 2 2 2 2 2 2 2 2 2 2 2 2 2 2 2 2 2 2 2 2 2 2 2 2 2 2 2 2
left_child=1 2 4 10 5 12 -7 26 9 14 15 20 -1 -9 17 16 -3 -2 -11 -10 -12 -5 27 -19 -17 -16 -6 -4 -29 -23
right_child=8 3 22 21 7 6 -8 13 19 18 11 -13 -14 -15 25 24 -18 23 -20 -21 -22 29 -24 -25 -26 -27 -28 28 -30 -31
leaf_value=2.788491074074262e-06 0 -9.8514848270923107e-05 0 0 -9.2289430340902233e-05 -6.1047692062913406e-05 0.00010975502607769661 6.4762236454504401e-05 0.00011688376161454966 0.00039307218108941956 1.7419759452716085e-05 -6.5060261796743793e-05 8.3279180056380518e-05 0.0002382613863963313 0 -3.9912334244736062e-05 -3.7787539246828982e-05 0.00031642718543702228 9.5058985981484796e-05 -8.2763829249961769e-05 0.00019310626091647063 0.00012142417321902319 0.00019362489035613429 0.0001492235519237995 1.0320761972810318e-05 0.00010555149448220448 2.578351702088081e-05 0.00012631009253026584 0 0
leaf_weight=30597 141 3495 193 97 65 4179 375 434 118 218 282 395 598 272 252 1104 1749 134 96 105 108 333 328 514 431 103 597 416 51 28
leaf_count=30597 141 3495 193 97 65 4179 375 434 118 218 282 395 598 272 252 1104 1749 134 96 105 108 333 328 514 431 103 597 416 51 28
internal_value=2.02286e-07 -5.14055e-06 4.40168e-06 -5.10895e-05 1.0374e-06 -1.7854e-06 -4.58829e-05 7.8453e-05 0.000149777 0.000169182 -5.94846e-05 1.06472e-07 4.49202e-06 0.000138712 0.000123957 -6.71227e-05 -7.92154e-05 0.000162442 0.000317938 4.72854e-07 7.89257e-05 7.6627e-05 0.000125717 0.000191558 -2.25509e-05 2.43226e-05 6.62633e-06 8.43705e-05 0.000109237 0.000107285
internal_weight=47808 46127 38105 8022 37117 35749 4554 1368 1681 1458 7564 785 31195 706 1144 6779 5244 789 314 223 390 458 988 648 1535 355 662 660 467 361
internal_count=47808 46127 38105 8022 37117 35749 4554 1368 1681 1458 7564 785 31195 706 1144 6779 5244 789 314 223 390 458 988 648 1535 355 662 660 467 361
is_linear=0
shrinkage=0.05


Tree=117
num_leaves=31
num_cat=0
split_feature=0 10 1 1 8 8 2 11 7 1 0 8 8 0 1 5 11 5 5 0 8 8 0 0 4 1 1 5 7 10
split_gain=0.137515 0.0134189 0.0112631 0.0171282 0.0129046 0.010633 0.00785737 0.00677148 0.0144451 0.00665941 0.00351719 0.00347197 0.00338083 0.00339577 0.00329557 0.00269815 0.00245341 0.00146426 0.00138972 0.00123704 0.00114669 0.000938859 0.000868092 0.000858076 0.000842726 0.000777871 0.000792965 0.000736957 0.0006338 0.000610982
threshold=0.49175000190734869 1.0000000180025095e-35 1.0000000180025095e-35 0.30952382087707525 0.029857398010790352 0.045983087271451957 1.5000000000000002 2.6460000276565556 1.0000000180025095e-35 0.53571429848670971 0.59595000743865978 0.073622401803731932 0.34166666865348821 0.57824999094009411 0.21111111342906955 0.62099999189376842 6.3459999561309823 0.70649999380111705 0.67049998044967662 0.53665000200271618 0.15894736349582675 0.18350168317556384 0.6675499975681306 1.0000000180025095e-35 1.5000000000000002 0.13392857462167743 0.46428571641445165 0.99450001120567333 1.0000000180025095e-35 7.8960001468658456
decision_type=2 2 2 2 2 2 2 2 2 2 2 2 2 2 2 2 2 2 2 2 2 2 2 2 2 2 2 2 2 2
left_child=1 23 4 11 7 6 15 10 -9 -8 19 14 13 -7 27 -5 -10 -16 24 -2 29 -13 -12 -1 -3 28 -27 -4 -26 -6
right_child=2 18 3 5 20 12 9 8 16 -11 22 21 -14 -15 17 -17 -18 -19 -20 -21 -22 -23 -24 -25 25 26 -28 -29 -30 -31
leaf_value=-0.00021593281997213561 5.9234162957949322e-06 -3.2481771684246847e-05 -0.00021116173805628858 4.2023505221389749e-05 -0.00029419584543354476 -5.7123351671312898e-06 -0.00011164285117855118 0.00065204164555852191 0.0002945610744405486 1.351511673896384e-05 8.1623656835772893e-05 -1.8208963994499412e-05 0.00046302182429648733 0.0001211434810572289 -0.00011250245591113746 0.00019085488128592779 7.8522589658955186e-05 0 4.3274078687566253e-06 5.0897762281891178e-05 0 0.00018358720716124609 0.00016058154180402881 -4.679237039315157e-05 -6.0345645954145702e-05 -0.00024594802623074556 0 0 -0.00012517934309141314 0
leaf_weight=6003 2005 626 955 1200 276 561 1846 147 183 2365 7622 563 73 2754 802 481 1038 483 272 13979 37 64 521 153 1126 226 39 54 1313 41
leaf_count=6003 2005 626 955 1200 276 561 1846 147 183 2365 7622 563 73 2754 802 481 1038 483 272 13979 37 64 521 153 1126 226 39 54 1313 41
internal_value=2.44221e-07 -0.000167102 4.32922e-05 3.2625e-06 6.19931e-05 3.68958e-05 -2.86597e-06 6.63095e-05 0.000176423 -4.01651e-05 5.98582e-05 -0.000101876 0.000107518 9.81678e-05 -0.00013038 8.75931e-05 0.000115018 -7.10722e-05 -8.80506e-05 4.55692e-05 -0.000234684 0 8.72914e-05 -0.000212542 -9.70975e-05 -0.000110206 -0.000210032 -0.000200941 -9.73016e-05 -0.0002656
internal_weight=47808 9758 38050 12201 25849 9280 5892 25495 1368 4211 24127 2921 3388 3315 2294 1681 1221 1285 3602 15984 354 627 8143 6156 3330 2704 265 1009 2439 317
internal_count=47808 9758 38050 12201 25849 9280 5892 25495 1368 4211 24127 2921 3388 3315 2294 1681 1221 1285 3602 15984 354 627 8143 6156 3330 2704 265 1009 2439 317
is_linear=0
shrinkage=0.05


Tree=118
num_leaves=31
num_cat=0
split_feature=0 10 3 0 1 1 8 11 10 3 3 9 10 9 9 10 1 1 3 11 1 1 7 11 3 0 9 1 0 0
split_gain=0.124278 0.0120571 0.0108901 0.00893705 0.00571825 0.0105751 0.00663458 0.00805597 0.00645931 0.00517981 0.00833138 0.00756029 0.00409978 0.00287766 0.0018989 0.0015606 0.00153676 0.00134576 0.0012458 0.00111489 0.00105907 0.00119964 0.0009678 0.00176199 0.00102331 0.000785003 0.000773508 0.000972358 0.000915545 0.000734
threshold=0.49175000190734869 1.0000000180025095e-35 31.500000000000004 0.65125000476837169 1.0000000180025095e-35 0.30952382087707525 0.029857398010790352 4.1004998683929452 7.4559998512268075 49.500000000000007 50.500000000000007 3.804999947547913 7.0989999771118173 4.4874999523162851 8.8499999046325701 7.430500030517579 0.61250001192092907 0.91666665673255932 38.500000000000007 1.6875000000000002 0.13392857462167743 0.26785714924335485 1.0000000180025095e-35 6.3459999561309823 50.500000000000007 0.63214999437332164 5.5989999771118173 1.0000000180025095e-35 0.59325000643730175 1.0000000180025095e-35
decision_type=2 2 2 2 2 2 2 2 2 2 2 2 2 2 2 2 2 2 2 2 2 2 2 2 2 2 2 2 2 2
left_child=1 29 3 4 6 13 7 -2 -7 11 14 18 19 -6 16 25 -11 20 -4 -5 22 -22 24 -24 -3 -13 27 -12 -28 -1
right_child=2 17 9 12 5 8 -8 -9 -10 10 26 15 -14 -15 -16 -17 -18 -19 -20 -21 21 -23 23 -25 -26 -27 28 -29 -30 -31
leaf_value=-0.00020513636348014932 5.3401459091363564e-05 -2.1943025850792623e-05 -0.00014483081160284142 0.00012039543042475618 -0.00016847536250452687 -1.0441193298562665e-05 -0.00020192125107400084 0.0002451006099229084 9.0997850884359658e-05 2.696846091154784e-05 0 -0.00016214476445618943 0.00026588406965316364 -3.7488118544691977e-05 0.00037336218100676683 1.7084425832805064e-05 0.00015875890261661207 0.00026793784655361849 -0.00038583765263812452 0 -0.00025620689615516752 -3.3014054664894409e-05 -1.7306752547113811e-05 -0.00013722577647841186 -0.0001837979780942359 0 -0.000160037685076922 -0.00021008838441065946 0 -4.4454284615723139e-05
leaf_weight=6003 22953 1335 181 1448 812 3095 239 578 3030 1341 49 244 586 1137 55 530 310 20 241 286 225 162 551 1187 122 95 162 350 328 153
leaf_count=6003 22953 1335 181 1448 812 3095 239 578 3030 1341 49 244 586 1137 55 530 310 20 241 286 225 162 551 1187 122 95 162 350 328 153
internal_value=2.33008e-07 -0.00015885 4.11619e-05 5.02461e-05 4.31198e-05 6.06501e-06 5.54959e-05 5.83237e-05 3.89244e-05 -3.74155e-05 1.41256e-06 -0.000119329 0.0001459 -9.46317e-05 6.79742e-05 -2.85486e-05 5.47505e-05 -8.37885e-05 -0.000294372 0.000102455 -8.71556e-05 -0.000175727 -7.48572e-05 -0.000102088 -3.89389e-05 -0.000114621 -0.00012069 -0.00018063 -6.1652e-05 -0.000201956
internal_weight=47808 9758 38050 34164 31844 8074 23770 23531 6125 3886 2595 1291 2320 1949 1706 869 1651 3602 422 1734 3582 387 3195 1738 1457 339 889 399 490 6156
internal_count=47808 9758 38050 34164 31844 8074 23770 23531 6125 3886 2595 1291 2320 1949 1706 869 1651 3602 422 1734 3582 387 3195 1738 1457 339 889 399 490 6156
is_linear=0
shrinkage=0.05


Tree=119
num_leaves=31
num_cat=0
split_feature=1 9 4 5 8 8 7 9 9 5 9 8 5 5 5 9 11 8 9 9 10 4 9 5 8 11 1 14 10 5
split_gain=0.0129582 0.00814957 0.00745257 0.00378606 0.0029504 0.00258634 0.00329205 0.00255322 0.00215451 0.00157007 0.00252939 0.00147554 0.00176305 0.00196236 0.00144489 0.00271892 0.00246609 0.00140005 0.00115981 0.000910113 0.000699444 0.000516703 0.000430757 0.000304459 0.000445875 0.000141325 8.40809e-05 6.42017e-05 6.33637e-05 4.99358e-05
threshold=0.91666665673255932 8.0085000991821307 2.5000000000000004 0.98749998211860668 0.13100686669349673 0.19460027664899829 1.0000000180025095e-35 8.6335000991821307 6.5965001583099374 0.73399999737739574 9.5085000991821307 0.43614129722118383 0.99950000643730175 0.7995000183582307 0.70649999380111705 5.2979998588562021 4.1004998683929452 0.089572194963693633 4.243000030517579 8.2465000152587908 7.3949999809265146 1.5000000000000002 7.8010001182556161 0.9975000023841859 0.21583850681781772 0.38500000536441809 0.21111111342906955 0.99999997019767772 7.5425000190734872 0.55149999260902416
decision_type=2 2 2 2 2 2 2 2 2 2 2 2 2 2 2 2 2 2 2 2 2 2 2 2 2 2 2 2 2 2
left_child=1 2 3 5 14 6 -1 11 20 10 28 12 13 17 16 -16 -4 -2 -15 -11 -5 -14 -23 24 -6 -7 -10 -12 29 -3
right_child=7 9 4 8 23 25 -8 -9 26 19 27 -13 21 18 15 -17 -18 -19 -20 -21 -22 22 -24 -25 -26 -27 -28 -29 -30 -31
leaf_value=4.1184942226362455e-06 3.7069269730952987e-05 -6.339376957680214e-05 -0.00014918624584692208 -4.4499341955622654e-05 5.0210755741847705e-05 0 -3.8946027438901191e-05 0.00052475598771588609 0 3.7557081504453314e-06 4.8368287274540617e-05 0.00059729034844697656 4.7217678053688587e-05 0 -0.00011697467056284819 1.0239061673527858e-05 -5.532412479604338e-05 0.00026687117759150602 0.00022409003403014435 0.00044377763929296049 7.6562431062799025e-05 -0.00016612767096715783 0 0 0.00027349515950215135 0.00024279627366757003 0.00018235769133053114 0.00020156714074779565 0 0
leaf_weight=31374 689 90 952 213 210 21 5155 49 56 42 104 21 108 50 549 1568 4383 89 574 86 230 77 24 26 55 114 454 350 69 26
leaf_count=31374 689 90 952 213 210 21 5155 49 56 42 104 21 108 50 549 1568 4383 89 574 86 230 77 24 26 55 114 454 350 69 26
internal_value=1.80725e-07 -4.68398e-06 -7.52224e-06 1.5438e-06 -5.2212e-05 -8.78631e-07 -1.82202e-06 0.000136636 9.99763e-05 0.00015663 0.00011232 0.000121888 0.000112551 0.000133039 -5.8736e-05 -2.03934e-05 -7.3013e-05 6.98145e-05 0.000203832 0.000338543 7.07336e-06 -9.73503e-07 -0.000101956 9.76415e-05 0.000115499 0.00021719 0.000170855 0.000177502 -2.06384e-05 -4.52052e-05
internal_weight=47808 46127 45360 37617 7743 36664 36529 1681 953 767 639 1632 1611 1402 7452 2117 5335 778 624 128 443 209 101 291 265 135 510 454 185 116
internal_count=47808 46127 45360 37617 7743 36664 36529 1681 953 767 639 1632 1611 1402 7452 2117 5335 778 624 128 443 209 101 291 265 135 510 454 185 116
is_linear=0
shrinkage=0.05


Tree=120
num_leaves=31
num_cat=0
split_feature=0 12 1 1 0 2 5 0 5 9 9 9 2 1 5 0 5 11 9 5 1 1 9 7 9 0 0 5 0 11
split_gain=0.111519 0.0112524 0.00935479 0.0140499 0.00817644 0.00710016 0.00911464 0.00399518 0.00398052 0.00324767 0.00292068 0.0031495 0.00214254 0.00165674 0.0015822 0.00147252 0.00127446 0.00123 0.00103843 0.00103768 0.00102182 0.00165334 0.00101298 0.000973856 0.00092593 0.000866523 0.000811186 0.000687018 0.000623211 0.000508927
threshold=0.49175000190734869 1.0000000180025095e-35 1.0000000180025095e-35 0.30952382087707525 0.56494998931884777 1.5000000000000002 0.90999999642372142 0.60914999246597301 0.62099999189376842 6.5905001163482675 3.4229999780654912 0.93750000000000011 1.5000000000000002 0.21111111342906955 1.0000000180025095e-35 0.5505499839782716 0.95750001072883617 0.38500000536441809 7.550499916076661 0.78750002384185802 0.46428571641445165 0.13392857462167743 4.4874999523162851 1.0000000180025095e-35 7.1384999752044687 0.54105001688003551 0.67645001411437999 0.85250002145767223 1.0000000180025095e-35 2.0850000381469731
decision_type=2 2 2 2 2 2 2 2 2 2 2 2 2 2 2 2 2 2 2 2 2 2 2 2 2 2 2 2 2 2
left_child=1 28 7 9 12 8 -7 10 -6 13 11 15 25 -4 26 -2 20 27 -12 -19 21 23 -15 -3 -14 -5 29 -11 -1 -9
right_child=2 16 3 4 5 6 -8 14 -10 17 18 -13 24 22 -16 -17 -18 19 -20 -21 -22 -23 -24 -25 -26 -27 -28 -29 -30 -31
leaf_value=-0.00019508562783425248 1.7686787185107429e-05 -3.6784820639620588e-05 -0.00017348812302425662 -9.6157318604171035e-05 7.7735997846384663e-05 -2.7321473415355574e-05 9.2695143373286231e-05 8.198566181146206e-05 0.00024182029064843442 -0.00029455355315902544 -0.00013063586643527147 0.00045085660131648637 -0.00017203235359105376 -0.00011300892442666967 -4.2445642994251394e-05 5.3503849138897616e-05 0.00018478560862649694 -2.086800388549203e-05 4.1419662368174772e-05 0.00010707755603217525 7.7061914874536818e-05 -0.00020240510985722153 -7.6741596822337796e-06 -0.00010005199362999065 0 7.0139937131741267e-05 0.00018458791211545036 0 -4.2438812373390375e-05 0.00014285904280200243
leaf_weight=6003 4100 1452 1010 124 1231 3606 2765 4945 637 46 317 51 593 741 161 15187 34 245 68 286 66 327 488 1723 117 207 356 105 153 664
leaf_count=6003 4100 1452 1010 124 1231 3606 2765 4945 637 46 317 51 593 741 161 15187 34 245 68 286 66 327 488 1723 117 207 356 105 153 664
internal_value=2.26076e-07 -0.000150464 3.90025e-05 2.48635e-06 3.2987e-05 5.00724e-05 2.39813e-05 5.60451e-05 0.000136376 -9.27002e-05 4.45934e-05 4.74775e-05 -9.74248e-05 -0.000121807 9.20967e-05 4.61493e-05 -7.79064e-05 0 -8.72603e-05 3.86371e-05 -8.1816e-05 -8.62401e-05 -7.52556e-05 -7.26953e-05 -0.000146489 0 9.6567e-05 -0.000122897 -0.000192105 9.00858e-05
internal_weight=47808 9758 38050 12201 9280 8239 6371 25849 1868 2921 19723 19338 1041 2239 6126 19287 3602 682 385 531 3568 3502 1229 3175 710 331 5965 151 6156 5609
internal_count=47808 9758 38050 12201 9280 8239 6371 25849 1868 2921 19723 19338 1041 2239 6126 19287 3602 682 385 531 3568 3502 1229 3175 710 331 5965 151 6156 5609
is_linear=0
shrinkage=0.05


Tree=121
num_leaves=31
num_cat=0
split_feature=1 9 4 8 10 9 8 5 9 5 8 5 5 9 10 9 9 9 5 9 4 11 2 9 5 8 1 8 10 5
split_gain=0.0115339 0.00742716 0.00657394 0.00338768 0.00292883 0.0043086 0.00265211 0.00261334 0.00229047 0.00137417 0.0023123 0.00139389 0.00134754 0.00230861 0.00129911 0.00148357 0.0011321 0.000881042 0.000834682 0.000766992 0.000660026 0.000538713 0.000528464 0.000399775 0.000291492 0.000388866 0.000223533 0.000104207 5.63705e-05 4.50608e-05
threshold=0.91666665673255932 8.0085000991821307 2.5000000000000004 0.14495798945426944 7.7760000228881845 1.5835000276565554 0.13100686669349673 0.44249999523162847 8.6335000991821307 0.99950000643730175 0.073622401803731932 0.7995000183582307 0.73399999737739574 9.5085000991821307 8.2065000534057635 6.4010000228881845 1.0000000180025095e-35 4.6004998683929452 0.98950001597404491 8.2465000152587908 1.5000000000000002 0.11450000107288362 1.5000000000000002 7.7005000114440927 0.9975000023841859 0.21583850681781772 0.13392857462167743 0.17519181966781619 7.5425000190734872 0.55149999260902416
decision_type=2 2 2 2 2 2 2 2 2 2 2 2 2 2 2 2 2 2 2 2 2 2 2 2 2 2 2 2 2 2
left_child=1 2 3 4 5 -1 14 -6 9 10 11 22 13 28 15 -4 -16 -13 -12 -14 27 -5 -2 -22 25 -8 -23 -11 29 -3
right_child=8 12 6 21 7 -7 24 -9 -10 20 18 17 19 -15 16 -17 -18 -19 -20 -21 23 26 -24 -25 -26 -27 -28 -29 -30 -31
leaf_value=2.3343124636155179e-06 0.00011474343403261469 -5.9233237211260441e-05 -7.2083566733956809e-05 0 -9.8158977198135936e-07 -5.7840544562681896e-05 4.7225745427642202e-05 0.00012891445169490285 0.00049804359758742224 0 0.00033161737085862466 0 5.6786328452565902e-07 0.0001698360716224464 -5.1706390857891364e-05 0 6.9034722450752139e-05 0.00019754748437631763 6.573260792536646e-05 0.00041830055067466058 -0.0001588603261957124 0 1.0577068707011319e-06 0 0 0.00026034723913490168 0.00016623799009839657 0.00012031535243061832 0 0
leaf_weight=32500 172 90 5722 37 597 3264 210 814 49 47 209 68 42 454 397 962 371 362 96 86 75 27 504 29 26 55 378 70 69 26
leaf_count=32500 172 90 5722 37 597 3264 210 814 49 47 209 68 42 454 397 962 371 362 96 86 75 27 504 29 26 55 378 70 69 26
internal_value=1.97032e-07 -4.38659e-06 -7.10096e-06 1.40596e-06 -9.59993e-08 -3.01788e-06 -4.90744e-05 7.04154e-05 0.00012894 0.000114764 0.000132921 9.2132e-05 0.000149602 0.000107526 -5.52835e-05 -6.23965e-05 1.12196e-07 0.000166535 0.000264366 0.000320371 0 0.000139011 3.73917e-05 -9.27658e-05 9.27166e-05 0.000110401 0.000156249 8.02555e-05 -1.8382e-05 -4.18634e-05
internal_weight=47808 46127 45360 37617 37175 35764 7743 1411 1681 1632 1411 1106 767 639 7452 6684 768 430 305 128 221 442 676 104 291 265 405 117 185 116
internal_count=47808 46127 45360 37617 37175 35764 7743 1411 1681 1632 1411 1106 767 639 7452 6684 768 430 305 128 221 442 676 104 291 265 405 117 185 116
is_linear=0
shrinkage=0.05


Tree=122
num_leaves=31
num_cat=0
split_feature=0 12 3 0 7 5 11 3 3 9 0 0 10 11 11 5 9 0 0 0 3 5 3 3 3 3 0 9 9 3
split_gain=0.0999723 0.0105001 0.00881747 0.00783173 0.00532242 0.00548002 0.00494703 0.0043775 0.00772753 0.00683714 0.00425146 0.00388608 0.00253558 0.0022913 0.00189881 0.00172705 0.00305328 0.00153571 0.0015248 0.00148485 0.00132875 0.0011747 0.000876911 0.000991823 0.00565706 0.00185816 0.000631334 0.000910007 0.000670803 0.000616101
threshold=0.49175000190734869 0.028986183926463131 30.500000000000004 0.62804999947547924 1.0000000180025095e-35 0.70649999380111705 1.4545000195503237 49.500000000000007 50.500000000000007 3.804999947547913 0.55535000562667858 0.71889999508857738 7.0034999847412118 1.8640000224113467 3.344500064849854 1.0000000180025095e-35 0.93750000000000011 0.60245001316070568 0.55645000934600841 0.6569499969482423 38.500000000000007 0.67049998044967662 3.5000000000000004 49.500000000000007 34.500000000000007 50.500000000000007 0.58245000243186962 5.5814998149871835 2.4654999971389775 44.500000000000007
decision_type=2 2 2 2 2 2 2 2 2 2 2 2 2 2 2 2 2 2 2 2 2 2 2 2 2 2 2 2 2 2
left_child=1 -1 3 4 14 6 -6 9 15 20 -7 12 13 -5 18 16 -9 -11 -2 -14 -4 22 -3 24 -24 -25 28 -28 -10 -19
right_child=2 21 7 11 5 10 -8 8 26 17 -12 -13 19 -15 -16 -17 -18 29 -20 -21 -22 -23 23 25 -26 -27 27 -29 -30 -31
leaf_value=-0.00018160960419019359 1.8492450231445322e-05 0 -0.00013004701078767747 8.567886285879013e-05 -0.00021984141151933139 -0.00013605299422670485 -2.7100059818872615e-05 5.839557386563846e-05 0 -0.0001077050671284392 5.6823101562514896e-05 0.00044189779312785545 0.00011136193276667552 -2.2109570629296417e-05 0.00015034071234333243 -0.00022236363610497463 0.00037569725138917394 5.2443121127010941e-05 5.1328904260599675e-05 0.00024364656155540822 -0.0003623007666509339 1.5462635450152694e-05 -7.3815377799994167e-05 0 -0.00034304065898470575 -0.00015708055629561318 -0.00014718304025248283 -1.6784609848306485e-05 -0.00028238862454434669 -6.0827478034796554e-05
leaf_weight=6274 5174 380 203 3413 399 302 2669 1577 38 354 3096 90 1011 494 468 41 88 466 16520 425 241 269 1535 791 244 265 326 402 123 130
leaf_count=6274 5174 380 203 3413 399 302 2669 1577 38 354 3096 90 1011 494 468 41 88 466 16520 425 241 269 1535 791 244 265 326 402 123 130
internal_value=2.31331e-07 -0.000142439 3.69511e-05 4.525e-05 3.45385e-05 -4.67718e-06 -5.38025e-05 -3.26572e-05 3.89144e-06 -0.000104276 3.82062e-05 0.00010077 9.40799e-05 7.07702e-05 4.62057e-05 6.80238e-05 7.81903e-05 -2.27432e-05 4.3728e-05 0.000154009 -0.000267425 -7.04618e-05 -7.92066e-05 -8.88135e-05 -0.000113569 -4.2368e-05 -0.000113549 -8.20567e-05 -0.000224775 1.93425e-05
internal_weight=47808 9758 38050 34061 28628 6466 3068 3989 2595 1394 3398 5433 5343 3907 22162 1706 1665 950 21694 1436 444 3484 3215 2835 1779 1056 889 728 161 596
internal_count=47808 9758 38050 34061 28628 6466 3068 3989 2595 1394 3398 5433 5343 3907 22162 1706 1665 950 21694 1436 444 3484 3215 2835 1779 1056 889 728 161 596
is_linear=0
shrinkage=0.05


Tree=123
num_leaves=31
num_cat=0
split_feature=0 12 1 1 8 8 2 11 3 1 9 2 0 8 1 9 5 9 5 8 9 3 8 0 9 0 5 9 12 3
split_gain=0.0902961 0.00944505 0.00812622 0.0124052 0.0103719 0.00818709 0.0073724 0.00623616 0.0053694 0.00479454 0.00341363 0.00330805 0.00294033 0.0028404 0.00275102 0.00189906 0.00184816 0.0011635 0.00111184 0.00107316 0.000973598 0.000908863 0.00069464 0.000692781 0.00063439 0.000561805 0.000553963 0.000545481 0.000538583 0.00074537
threshold=0.49175000190734869 1.0000000180025095e-35 1.0000000180025095e-35 0.30952382087707525 0.030776515603065494 0.019049347378313545 1.5000000000000002 3.9385000467300419 10.500000000000002 0.61250001192092907 8.2465000152587908 1.5000000000000002 0.57824999094009411 0.073622401803731932 0.21111111342906955 5.5044999122619638 0.62099999189376842 8.2679996490478533 0.95750001072883617 0.094494048506021514 1.1000000238418581 4.5000000000000009 0.18350168317556384 0.53275001049041759 7.7650001049041757 1.0000000180025095e-35 0.99450001120567333 8.2465000152587908 0.98009902238845836 33.500000000000007
decision_type=2 2 2 2 2 2 2 2 2 2 2 2 2 2 2 2 2 2 2 2 2 2 2 2 2 2 2 2 2 2
left_child=1 25 4 13 7 6 16 12 -9 -8 11 -7 23 14 26 -16 -5 -14 21 24 -10 -3 27 -2 -6 -1 -4 -15 29 -23
right_child=2 18 3 5 19 10 9 8 20 -11 -12 -13 17 22 15 -17 -18 -19 -20 -21 -22 28 -24 -25 -26 -27 -28 -29 -30 -31
leaf_value=-0.00017636789257308063 0 -2.3960435965424769e-06 -0.00018760046151498783 3.9275837291410446e-05 -0.00030824291518110285 0.00018163227432696494 -0.00011061562666794252 0.00033704794832215397 7.7963454050371641e-05 2.7645499312333677e-06 0.00031707306329044154 4.9916930502727199e-05 6.3233642556050952e-05 -3.1812796680947375e-05 -0.0001079267653358118 8.9017701440124397e-06 0.00017239803457087309 0.00033550091299471371 0.00017598431279692973 -3.2173857821656128e-05 0.00042251700289159188 -6.7203522593757453e-05 0.0001609836240833415 3.372139228683174e-05 0 -3.1360345244758039e-05 0 0.00016759260747265477 -4.3641896589318472e-05 -0.00014379474775607026
leaf_weight=6003 1616 538 955 1153 216 611 1773 349 911 1792 161 3378 13524 531 797 488 412 48 34 113 29 1210 64 9020 23 153 54 32 1005 815
leaf_count=6003 1616 538 955 1153 216 611 1773 349 911 1792 161 3378 13524 531 797 488 412 48 34 113 29 1210 64 9020 23 153 54 32 1005 815
internal_value=1.85777e-07 -0.000135399 3.50885e-05 1.03573e-06 5.09682e-05 2.97256e-05 -1.16653e-05 5.48465e-05 0.000163673 -5.22224e-05 8.20945e-05 7.13494e-05 4.88447e-05 -8.8398e-05 -0.000114216 -5.96712e-05 7.75249e-05 6.45674e-05 -6.87607e-05 -0.000215691 9.39557e-05 -7.24991e-05 0 2.83112e-05 -0.000281497 -0.000173577 -0.000178713 -1.15718e-05 -8.32958e-05 -0.000100504
internal_weight=47808 9758 38050 12201 25849 9280 5130 25497 1289 3565 4150 3989 24208 2921 2294 1285 1565 13572 3602 352 940 3568 627 10636 239 6156 1009 563 3030 2025
internal_count=47808 9758 38050 12201 25849 9280 5130 25497 1289 3565 4150 3989 24208 2921 2294 1285 1565 13572 3602 352 940 3568 627 10636 239 6156 1009 563 3030 2025
is_linear=0
shrinkage=0.05


Tree=124
num_leaves=31
num_cat=0
split_feature=1 3 3 5 3 9 3 10 7 5 5 9 7 9 11 9 9 5 8 1 3 3 5 9 11 5 9 3 8 1
split_gain=0.00985092 0.00691611 0.00628773 0.00927837 0.0075985 0.00549308 0.0039342 0.00371252 0.00360221 0.00404901 0.00334014 0.00323085 0.00317641 0.00316711 0.00347777 0.00242838 0.00198 0.00133155 0.0020002 0.00129323 0.00126686 0.00118672 0.001116 0.000833314 0.000748751 0.000718523 0.000695641 0.000617577 0.000407603 0.000376397
threshold=0.91666665673255932 29.500000000000004 49.500000000000007 0.44249999523162847 50.500000000000007 7.5030000209808358 41.500000000000007 7.7760000228881845 1.0000000180025095e-35 0.86599999666214 0.70649999380111705 9.0355000495910662 1.0000000180025095e-35 1.0000000180025095e-35 3.4025000333786015 2.9930000305175786 8.6335000991821307 0.99950000643730175 0.073622401803731932 0.46428571641445165 50.500000000000007 43.500000000000007 0.7995000183582307 4.7980000972747812 0.086500000208616271 0.98950001597404491 8.4530000686645526 6.5000000000000009 0.11882352828979494 0.13392857462167743
decision_type=2 2 2 2 2 2 2 2 2 2 2 2 2 2 2 2 2 2 2 2 2 2 2 2 2 2 2 2 2 2
left_child=1 5 3 6 12 7 26 8 15 -10 11 -7 -4 29 -15 -1 17 18 20 -14 22 23 -2 -5 -12 -20 -3 -19 -6 -9
right_child=16 2 4 21 28 10 -8 13 9 -11 24 -13 19 14 -16 -17 -18 27 25 -21 -22 -23 -24 -25 -26 -27 -28 -29 -30 -31
leaf_value=5.0944691029658692e-06 4.90922606869391e-05 -0.00018644703520751958 0.00014636975902081349 -9.5223959838007679e-05 -0.00013222780283719463 -6.4720472494252834e-05 -0.00044192181251055771 1.4826176852331938e-05 -6.9580015924938785e-05 1.2808611407193579e-05 0 0.00015074557352724166 -1.7119964434430859e-05 5.9434946837194593e-05 0.00025665106464005562 -8.8721416253530051e-05 0.00046428147325948524 5.7030709549180737e-05 0.0003094204998188607 9.1999402168636011e-05 -8.6660832468029081e-05 -0.00012232165450901258 0.00017331391708193513 3.8480294975202993e-05 0.00028147152213162579 5.7313706600213858e-05 0 -0.00011375846625313921 0 -4.7711070255265084e-05
leaf_weight=30790 640 516 477 142 1081 299 249 401 3938 2254 35 360 1556 1118 323 702 49 136 209 328 69 229 397 542 289 96 30 85 50 418
leaf_count=30790 640 516 477 142 1081 299 249 401 3938 2254 35 360 1556 1118 323 702 49 136 209 328 69 229 397 542 289 96 30 85 50 418
internal_value=1.87181e-07 -4.0409e-06 -5.84002e-05 -0.000137486 -1.82831e-05 2.74371e-06 -0.000263043 -4.91459e-09 -3.86299e-06 -3.87819e-05 0.000119508 4.54037e-05 3.10777e-05 6.21109e-05 0.000107125 2.84414e-06 0.000119174 0.000105721 0.000123639 0 8.52171e-05 -2.26646e-05 0.000101482 3.40424e-06 0.000254745 0.000246502 -0.000172245 0 -0.000125739 -1.09892e-05
internal_weight=47808 46127 5200 1708 3492 40927 795 39944 37684 6192 983 659 2361 2260 1441 31492 1681 1632 1411 1884 1106 913 1037 684 324 305 546 221 1131 819
internal_count=47808 46127 5200 1708 3492 40927 795 39944 37684 6192 983 659 2361 2260 1441 31492 1681 1632 1411 1884 1106 913 1037 684 324 305 546 221 1131 819
is_linear=0
shrinkage=0.05


Tree=125
num_leaves=31
num_cat=0
split_feature=0 10 1 1 2 1 0 9 0 9 9 9 9 10 1 0 1 0 9 1 1 11 9 9 9 11 7 11 10 0
split_gain=0.0809897 0.00886973 0.00731284 0.0109171 0.0071943 0.00808772 0.00543466 0.00381106 0.00325457 0.00308029 0.0025049 0.00227324 0.00274733 0.00216938 0.00199131 0.00187153 0.00130902 0.00111825 0.00104102 0.00103125 0.00145923 0.00102733 0.000859927 0.00249605 0.000800851 0.000724788 0.000688333 0.00153779 0.000630904 0.000613762
threshold=0.49175000190734869 1.0000000180025095e-35 1.0000000180025095e-35 0.30952382087707525 1.5000000000000002 0.53571429848670971 0.61044999957084667 7.3125000000000009 0.61044999957084667 4.6004998683929452 6.5905001163482675 3.4229999780654912 0.93750000000000011 7.6949999332427987 0.46428571641445165 0.54895001649856578 0.21111111342906955 0.54304999113082897 6.7300000190734872 0.46428571641445165 0.13392857462167743 0.38500000536441809 3.9584999084472661 7.998500108718873 4.4874999523162851 1.4004999995231631 1.0000000180025095e-35 6.2239999771118173 6.7400000095367441 0.64305001497268688
decision_type=2 2 2 2 2 2 2 2 2 2 2 2 2 2 2 2 2 2 2 2 2 2 2 2 2 2 2 2 2 2
left_child=1 -1 8 10 9 7 -7 -6 11 14 16 12 17 18 -5 -11 -4 -2 -13 20 26 -12 28 -24 -18 -22 -3 -28 -10 -23
right_child=2 19 3 4 5 6 -8 -9 22 15 21 13 -14 -15 -16 -17 24 -19 -20 -21 25 29 23 -25 -26 -27 27 -29 -30 -31
leaf_value=-0.00016519333576062663 8.7132475274480296e-06 -2.4694767377044058e-05 -0.00015486043180888755 0 -8.1331548400307666e-05 -2.7436240445795271e-06 0.00011197721811484264 6.9799679771237279e-05 7.8660024856105505e-05 -7.7858836269123959e-06 -0.00011405889750468319 -0.00022650145680280922 0.00041736256076731963 7.5132534289636783e-05 0.00013905921932326422 0.00019888319535829271 -9.9885538540990485e-05 4.4633730080574363e-05 0 0.00010327078831790158 0 1.7927895233304212e-06 -0.00011843330089345685 0.00027834789079285297 -5.0754763436461085e-06 -0.00021128707168991247 0 -0.00010942650921497843 0.00015602069510870133 0.00017708317543795881
leaf_weight=6156 2904 1457 1010 837 2636 2096 1889 460 5222 73 151 188 51 119 420 869 741 16629 87 67 69 463 157 52 488 271 530 1208 440 68
leaf_count=6156 2904 1457 1010 837 2636 2096 1889 460 5222 73 151 188 51 119 420 869 741 16629 87 67 69 463 157 52 488 271 530 1208 440 68
internal_value=1.9785e-07 -0.000128204 3.32585e-05 9.33681e-07 2.78729e-05 2.61287e-06 5.0384e-05 -5.72602e-05 4.83227e-05 0.000106935 -8.29385e-05 3.82302e-05 4.07908e-05 -7.6334e-05 5.0021e-05 0.000177561 -0.000108493 3.95494e-05 -0.000160056 -6.35975e-05 -6.81774e-05 0 8.18128e-05 0 -6.63107e-05 -0.000173947 -5.53519e-05 -7.81728e-05 8.55575e-05 3.36841e-05
internal_weight=47808 9758 38050 12201 9280 7081 3985 3096 25849 2199 2921 19978 19584 394 1257 942 2239 19533 275 3602 3535 682 5871 209 1229 340 3195 1738 5662 531
internal_count=47808 9758 38050 12201 9280 7081 3985 3096 25849 2199 2921 19978 19584 394 1257 942 2239 19533 275 3602 3535 682 5871 209 1229 340 3195 1738 5662 531
is_linear=0
shrinkage=0.05


Tree=126
num_leaves=31
num_cat=0
split_feature=0 10 3 0 3 3 9 1 5 8 0 9 10 10 5 9 10 5 0 5 3 3 3 3 3 9 5 1 10 0
split_gain=0.0731921 0.00795463 0.00711504 0.00707539 0.00417137 0.00637062 0.00539431 0.00383654 0.00878554 0.0049684 0.00460362 0.00430167 0.00422485 0.00307143 0.00156416 0.00253567 0.00154854 0.000979059 0.000871592 0.000804464 0.000761152 0.000711281 0.000851686 0.00500681 0.00160546 0.000565666 0.000555873 0.000670322 0.000543035 0.000506068
threshold=0.49175000190734869 1.0000000180025095e-35 31.500000000000004 0.65125000476837169 49.500000000000007 50.500000000000007 0.93750000000000011 1.0000000180025095e-35 0.67049998044967662 0.029857398010790352 0.5627499818801881 9.0355000495910662 7.4559998512268075 7.0989999771118173 1.0000000180025095e-35 0.93750000000000011 7.430500030517579 0.67049998044967662 0.71889999508857738 0.99950000643730175 36.500000000000007 3.5000000000000004 49.500000000000007 36.500000000000007 50.500000000000007 5.4014999866485605 0.67049998044967662 1.0000000180025095e-35 7.8960001468658456 1.0000000180025095e-35
decision_type=2 2 2 2 2 2 2 2 2 2 2 2 2 2 2 2 2 2 2 2 2 2 2 2 2 2 2 2 2 2
left_child=1 29 3 7 6 14 20 9 11 12 -10 -9 -2 18 15 -6 25 21 -5 -15 -4 -3 23 -23 -24 -8 27 -7 -11 -1
right_child=2 17 4 13 5 26 16 8 10 28 -12 -13 -14 19 -16 -17 -18 -19 -20 -21 -22 22 24 -25 -26 -27 -28 -29 -30 -31
leaf_value=-0.00015954483167864584 4.2224805000478543e-05 0 -9.1025195138805834e-05 7.5628379255811721e-05 5.2755379876482354e-05 0 -0.00021230192643016687 -7.149003245604307e-05 -8.5449931678942601e-05 -0.00021424730837956205 6.8654285303698822e-05 0.00013628093752341124 0.00021295661416277677 0.00024991198327389152 -0.00021497216312171678 0.00034314102719714459 3.0586917802912822e-06 1.7017221177947359e-05 0.00032024674265933246 0 -0.00034586062364398923 -6.5338045628785896e-05 0 -0.00033084019304025587 -0.00013694263768091277 -4.0754588716186982e-05 -5.1805600377082477e-05 -0.0001839167314189707 0 -2.1793629426761894e-05
leaf_weight=6003 23147 391 104 1682 1577 59 141 3339 525 198 3956 254 384 522 41 88 592 272 52 64 229 1623 815 217 284 225 497 333 41 153
leaf_count=6003 23147 391 104 1682 1577 59 141 3339 525 198 3956 254 384 522 41 88 592 272 52 64 229 1623 815 217 284 225 497 333 41 153
internal_value=1.85382e-07 -0.000121874 3.16194e-05 3.89776e-05 -3.17833e-05 2.89699e-06 -0.000105361 3.26221e-05 2.18601e-06 4.275e-05 4.94819e-05 -5.54071e-05 4.52243e-05 0.000124052 6.1307e-05 7.11256e-05 -3.89506e-05 -6.05645e-05 8.58655e-05 0.000228483 -0.000281334 -6.84032e-05 -7.68537e-05 -9.93835e-05 -3.45783e-05 -0.00012054 -0.000103563 -0.000156402 -0.000179869 -0.000156934
internal_weight=47808 9758 38050 34164 3886 2595 1291 31844 8074 23770 4481 3593 23531 2320 1706 1665 958 3602 1734 586 333 3330 2939 1840 1099 366 889 392 239 6156
internal_count=47808 9758 38050 34164 3886 2595 1291 31844 8074 23770 4481 3593 23531 2320 1706 1665 958 3602 1734 586 333 3330 2939 1840 1099 366 889 392 239 6156
is_linear=0
shrinkage=0.05


Tree=127
num_leaves=31
num_cat=0
split_feature=0 12 0 2 5 9 11 0 9 0 9 9 9 10 0 9 9 10 5 0 9 10 11 11 11 2 7 0 5 0
split_gain=0.0661279 0.00718779 0.00650516 0.0082062 0.00809881 0.00562306 0.0058261 0.00482675 0.00356924 0.00347732 0.00263943 0.00321895 0.00269657 0.00272887 0.00197771 0.00153174 0.00119714 0.00111272 0.000902515 0.000797212 0.000684279 0.000509697 0.000881588 0.000725506 0.000458041 0.000439498 0.000485832 0.000437593 0.000308022 0.000289392
threshold=0.49175000190734869 0.093339141458272948 0.6569499969482423 1.0000000180025095e-35 0.70649999380111705 9.0355000495910662 2.5004999637603764 0.5627499818801881 5.616999864578248 0.71889999508857738 3.4229999780654912 1.1000000238418581 7.550499916076661 7.7249999046325692 0.57824999094009411 6.6914999485015878 8.1949996948242205 7.4024999141693124 0.67049998044967662 0.55414998531341564 8.6335000991821307 7.1265001296997079 1.6875000000000002 7.7124998569488534 5.5665001869201669 1.0000000180025095e-35 1.0000000180025095e-35 1.0000000180025095e-35 0.97650000452995311 0.56755000352859508
decision_type=2 2 2 2 2 2 2 2 2 2 2 2 2 2 2 2 2 2 2 2 2 2 2 2 2 2 2 2 2 2
left_child=1 24 3 10 5 6 -5 15 -9 16 11 14 13 -12 -2 -6 21 -13 20 -7 25 22 -4 -23 27 26 -3 -1 -20 -14
right_child=2 18 9 4 7 19 -8 8 -10 -11 12 17 29 -15 -16 -17 -18 -19 28 -21 -22 23 -24 -25 -26 -27 -28 -29 -30 -31
leaf_value=-0.00015246232619583946 2.525500945855435e-05 -2.5284611077773395e-05 8.1683480483321747e-05 -0.00016762103692042726 -0.00016292878180141062 0 -3.7443262866618115e-05 -1.3110701641388202e-05 7.7385808891379773e-05 0.0004037245264178647 -0.00020490102098047618 0 0 3.5826282350530006e-05 5.5198510686313261e-05 0 0.00032618633797259399 0.0006050138633667268 0 0.00017425558465257416 4.2771607510410204e-05 0.00015438555989648599 0 0 -6.87486842145673e-05 -0.00014053462780732012 -7.8384337877441656e-05 -2.0704660322857811e-05 0.00021724543039182656 0.00017125699939962762
leaf_weight=6073 10808 1196 1142 1161 370 31 3987 1485 3357 108 322 20 22 136 13398 222 70 36 239 285 99 556 302 137 420 262 1296 153 20 95
leaf_count=6073 10808 1196 1142 1161 370 31 3987 1485 3357 108 322 20 22 136 13398 222 70 36 239 285 99 556 302 137 420 262 1296 153 20 95
internal_value=1.51775e-07 -0.000115863 3.00356e-05 2.45937e-05 -1.122e-05 -5.45411e-05 -6.77755e-05 3.14203e-05 4.8599e-05 0.000111873 4.05094e-05 4.31416e-05 -6.18496e-05 -0.000122512 4.20354e-05 -0.000100625 9.53082e-05 0.00043123 -5.06507e-05 0.000145197 -5.93853e-05 8.5391e-05 6.12427e-05 0.000128479 -0.000145645 -6.48745e-05 -5.49083e-05 -0.000150028 2.6253e-05 0.000132818
internal_weight=47808 9758 38050 35735 10898 5464 5148 5434 4842 2315 24837 24262 575 458 24206 592 2207 56 3112 316 2853 2137 1444 693 6646 2754 2492 6226 259 117
internal_count=47808 9758 38050 35735 10898 5464 5148 5434 4842 2315 24837 24262 575 458 24206 592 2207 56 3112 316 2853 2137 1444 693 6646 2754 2492 6226 259 117
is_linear=0
shrinkage=0.05


Tree=128
num_leaves=31
num_cat=0
split_feature=1 9 7 8 10 11 5 9 9 5 5 9 2 11 5 8 11 10 9 5 5 11 5 11 10 8 9 10 1 8
split_gain=0.00816901 0.00519265 0.00416574 0.00544337 0.00411442 0.006407 0.00252771 0.00341713 0.00184823 0.00536426 0.00173436 0.0016527 0.00141567 0.00229913 0.0013186 0.00171585 0.00118058 0.00104597 0.000941745 0.000816767 0.000756823 0.000719342 0.00067219 0.000630021 0.000591801 0.000494052 0.000386442 0.000290428 0.00028743 0.00018617
threshold=0.91666665673255932 7.5030000209808358 1.0000000180025095e-35 0.14039409160614016 7.5199999809265146 7.5404999256134042 0.73399999737739574 9.5085000991821307 2.0785000324249272 0.62099999189376842 0.98849999904632579 8.6335000991821307 1.5000000000000002 5.3145000934600839 0.99950000643730175 0.073622401803731932 0.639499992132187 8.102999687194826 4.243000030517579 0.62099999189376842 0.9975000023841859 0.34549999237060552 0.98950001597404491 4.1004998683929452 7.7950000762939462 0.31860901415348059 7.8580000400543222 7.2860000133514413 0.13392857462167743 0.089572194963693633
decision_type=2 2 2 2 2 2 2 2 2 2 2 2 2 2 2 2 2 2 2 2 2 2 2 2 2 2 2 2 2 2
left_child=1 2 8 4 10 -6 7 28 12 17 -4 14 13 -1 15 18 -5 -10 23 -20 -18 -8 29 -2 -11 26 27 -16 -3 -17
right_child=11 6 3 16 5 -7 21 -9 9 24 -12 -13 -14 -15 25 22 20 -19 19 -21 -22 -23 -24 -25 -26 -27 -28 -29 -30 -31
leaf_value=2.4883403058170687e-06 -0.00011190687628716079 0 -7.6303500869037697e-05 0 4.5194415629655341e-05 -6.8712998648361057e-05 5.0937147998332994e-05 0.00013809444450584989 -0.00022347181613943798 -5.0743266738886506e-06 1.5208855430556664e-05 0.00042627322404074452 -0.00013453786357450141 6.3290676442985595e-05 0 0 0.00017172691435966809 0 0 0.00015500057754054723 0 0.00026024224849140095 4.5352090255448909e-05 4.6063522309513947e-05 8.3483770284632005e-05 0.00012576823540622501 0 -0.00016581258415475632 -8.7050687436720478e-05 0.00032198732694326058
leaf_weight=29985 60 133 5638 179 2688 2266 128 454 399 648 472 49 178 1657 56 37 412 62 108 453 66 266 96 485 229 44 40 81 267 172
leaf_count=29985 60 133 5638 179 2688 2266 128 454 399 648 472 49 178 1657 56 37 412 62 108 453 66 266 96 485 229 44 40 81 267 172
internal_value=1.48853e-07 -3.69205e-06 -6.59402e-06 -3.2245e-05 -4.08755e-05 -5.89883e-06 9.66509e-05 4.08084e-05 2.3226e-06 -5.49421e-05 -6.84157e-05 0.000108512 4.88782e-06 5.83059e-06 9.58826e-05 0.000113883 0.000105469 -0.000193788 7.7808e-05 0.000125546 0.000146498 0.000204962 0.000228245 1.94823e-05 1.2356e-05 0 -5.50946e-05 -0.000104727 -5.71213e-05 0.000288279
internal_weight=47808 46127 44879 11721 11064 4954 1248 854 33158 1338 6110 1681 31820 31642 1632 1411 657 461 1106 561 478 394 305 545 877 221 177 137 400 209
internal_count=47808 46127 44879 11721 11064 4954 1248 854 33158 1338 6110 1681 31820 31642 1632 1411 657 461 1106 561 478 394 305 545 877 221 177 137 400 209
is_linear=0
shrinkage=0.05


Tree=129
num_leaves=28
num_cat=0
split_feature=8 9 3 5 9 9 10 5 7 5 8 10 3 11 8 9 5 5 9 10 9 11 9 9 10 3 3
split_gain=0.00726443 0.00641114 0.00556147 0.00265766 0.0061494 0.00331011 0.00358912 0.00272366 0.0026573 0.00122304 0.00137083 0.00109669 0.000802319 0.000741499 0.000603966 0.000425613 0.0014548 0.000291609 0.000280602 0.00027369 0.000259189 0.00012802 8.74193e-05 7.55431e-05 6.6233e-05 0.000589922 7.83707e-06
threshold=0.19460027664899829 8.0085000991821307 50.500000000000007 0.85750001668930065 6.0385000705719003 6.6519999504089364 7.430500030517579 0.75549998879432689 1.0000000180025095e-35 0.99450001120567333 0.35599078238010412 6.4779999256134042 51.500000000000007 0.36750000715255743 0.30384616553783422 9.0355000495910662 0.7995000183582307 0.67049998044967662 2.0785000324249272 7.9149999618530282 5.5989999771118173 0.19549999386072162 7.550499916076661 6.2005000114440927 7.4559998512268075 10.500000000000002 4.5000000000000009
decision_type=2 2 2 2 2 2 2 2 2 2 2 2 2 2 2 2 2 2 2 2 2 2 2 2 2 2 2
left_child=1 2 3 4 8 6 -5 -6 -1 13 22 -7 15 -2 -15 16 26 18 -4 20 -19 -18 23 -11 25 -17 -3
right_child=9 12 17 5 7 11 -8 -9 -10 10 -12 -13 -14 14 -16 24 21 19 -20 -21 -22 -23 -24 -25 -26 -27 -28
leaf_value=4.0278989691489143e-06 0 0 -9.1890971281566476e-05 -5.2259478789444996e-05 -0.00016295944451083719 0.00019754559869090938 5.8874800556026715e-05 0 -2.9141153452463939e-05 0 0.00027436133845496727 6.9059110708264595e-05 0 0.00023554153994676224 0.00068240173910540417 0.00018120848806781354 0 -0.00016261744490068296 -0.00020982017860519061 0 -3.5245406989123323e-05 0.00023572628499796651 5.4171830395821048e-05 -5.0603431524758265e-05 0.00024326196092746191 0 -1.1783749077156497e-05
leaf_weight=32357 31 41 408 1429 875 272 1467 285 7395 20 63 1236 32 206 25 155 21 115 239 77 331 97 54 97 228 111 141
leaf_count=32357 31 41 408 1429 875 272 1467 285 7395 20 63 1236 32 206 25 155 21 115 239 77 331 97 54 97 228 111 141
internal_value=1.80777e-07 -1.71032e-06 -4.26825e-06 -1.37748e-06 -5.45632e-06 3.53778e-05 2.31042e-06 -0.000119006 -2.01676e-06 0.000190609 7.51685e-05 9.55614e-05 0.000136177 0.000274568 0.000305813 0.000147707 6.92344e-05 -0.00011195 -0.000143206 -6.37043e-05 -7.93253e-05 0.000207307 0 -2.25957e-05 0.000185219 0.000116606 0
internal_weight=47808 47312 46486 45316 40912 4404 2896 1160 39752 496 234 1508 826 262 231 794 300 1170 647 523 446 118 171 117 494 266 182
internal_count=47808 47312 46486 45316 40912 4404 2896 1160 39752 496 234 1508 826 262 231 794 300 1170 647 523 446 118 171 117 494 266 182
is_linear=0
shrinkage=0.05


Tree=130
num_leaves=31
num_cat=0
split_feature=0 11 0 1 1 8 8 11 5 9 0 0 0 8 9 1 1 11 8 5 8 9 9 7 0 9 5 4 1 9
split_gain=0.0592484 0.00678654 0.00596361 0.00760519 0.00795036 0.00724953 0.00589196 0.00399283 0.00369139 0.00328525 0.00326811 0.00174587 0.00169634 0.00163256 0.00123672 0.000910148 0.00115178 0.000864454 0.000581438 0.000501264 0.000703565 0.00046488 0.000417873 0.000385119 0.000351448 0.000302692 0.000293954 0.000168598 0.000146354 2.77579e-05
threshold=0.49175000190734869 0.17750000208616259 0.65125000476837169 1.0000000180025095e-35 0.21111111342906955 0.029857398010790352 0.064172957092523589 4.1004998683929452 0.67049998044967662 1.1000000238418581 0.71889999508857738 0.57054999470710765 0.57054999470710765 0.097167581319808974 8.1949996948242205 0.46428571641445165 0.13392857462167743 1.3885000348091128 0.094494048506021514 0.99950000643730175 0.15707236528396609 7.7304999828338632 7.7650001049041757 1.0000000180025095e-35 1.0000000180025095e-35 6.5965001583099374 0.99450001120567333 2.5000000000000004 0.91666665673255932 7.488999843597413
decision_type=2 2 2 2 2 2 2 2 2 2 2 2 2 2 2 2 2 2 2 2 2 2 2 2 2 2 2 2 2 2
left_child=1 24 3 5 13 7 8 12 -6 -9 14 -8 -2 26 19 16 21 -18 22 20 -4 23 -7 -3 25 -1 -5 -23 -17 -21
right_child=2 15 10 4 6 18 11 9 -10 -11 -12 -13 -14 -15 -16 28 17 -19 -20 29 -22 27 -24 -25 -26 -27 -28 -29 -30 -31
leaf_value=-0.00014464506431938074 1.745169285465733e-05 -2.444442462580259e-05 7.3100553720027269e-05 -0.00016623472535445637 -5.2731743374963013e-05 -0.00027584434072041528 -1.5821113872888088e-05 0.00011048264217798261 1.8848259848164039e-05 0.00057428043662447186 0.00038114153172537688 9.1695947516263619e-05 4.6830626108440203e-05 0 0.00029876178797520476 0 0 -0.00019001916586003213 -3.0876874094376429e-05 -3.7217261835499598e-05 0.00024543524091053594 7.2579112926383845e-05 0 -6.8689387393648321e-05 -1.9995709784997471e-05 0 0 0 0.00023617519729478813 0
leaf_weight=6026 8389 1371 2573 951 3896 193 375 1120 3217 46 108 1939 14642 174 82 47 61 273 101 50 89 90 23 1625 153 24 53 68 20 29
leaf_count=6026 8389 1371 2573 951 3896 193 375 1120 3217 46 108 1939 14642 174 82 47 61 273 101 50 89 90 23 1625 153 24 53 68 20 29
internal_value=1.9055e-07 -0.000109618 2.84827e-05 2.25784e-05 -1.24436e-05 3.79332e-05 2.34024e-06 4.12169e-05 -1.96555e-05 0.000133115 9.7519e-05 7.21115e-05 3.63466e-05 -0.000134986 8.48842e-05 -5.22758e-05 -5.67542e-05 -0.00015181 -0.000196878 7.66511e-05 8.07495e-05 -4.50984e-05 -0.000251311 -5.01128e-05 -0.000141674 -0.000143924 -0.00015951 1.83312e-05 0.000106094 0
internal_weight=47808 9758 38050 35119 10605 24514 9427 24197 7113 1166 2931 2314 23031 1178 2823 3555 3488 334 317 2741 2662 3154 216 2996 6203 6050 1004 158 67 79
internal_count=47808 9758 38050 35119 10605 24514 9427 24197 7113 1166 2931 2314 23031 1178 2823 3555 3488 334 317 2741 2662 3154 216 2996 6203 6050 1004 158 67 79
is_linear=0
shrinkage=0.05


Tree=131
num_leaves=31
num_cat=0
split_feature=0 3 0 0 10 12 0 0 0 7 1 12 8 11 12 2 1 1 8 10 10 11 1 3 3 2 3 3 3 3
split_gain=0.0538419 0.00531462 0.00373624 0.00356338 0.00259294 0.00246731 0.00708601 0.00225273 0.00211142 0.00184368 0.00336588 0.00184154 0.00175365 0.0016101 0.0015565 0.00146977 0.00181208 0.00273229 0.00168168 0.00117982 0.00101347 0.00141424 0.00098182 0.000980793 0.000934206 0.000775877 0.000758237 0.000656873 0.00246968 0.00128996
threshold=0.52974998950958263 11.500000000000002 0.62115001678466808 0.60694998502731334 7.0469999313354501 0.095698427408933653 1.0000000180025095e-35 0.52015000581741344 0.69835001230239879 1.0000000180025095e-35 1.0000000180025095e-35 0.031957447528839118 0.043015725910663612 0.27950000762939459 0.41825941205024725 1.5000000000000002 0.30952382087707525 1.0000000180025095e-35 0.049390243366360671 8.2065000534057635 7.2684998512268075 7.6435000896453866 0.53571429848670971 49.500000000000007 9.5000000000000018 1.5000000000000002 3.5000000000000004 49.500000000000007 38.500000000000007 50.500000000000007
decision_type=2 2 2 2 2 2 2 2 2 2 2 2 2 2 2 2 2 2 2 2 2 2 2 2 2 2 2 2 2 2
left_child=5 3 9 15 11 6 -1 24 20 10 12 -5 -3 -13 -6 16 17 -2 22 23 -4 -22 -17 -11 -7 -12 -20 28 -26 -29
right_child=1 2 8 4 14 7 -8 -9 -10 19 25 13 -14 -15 -16 18 -18 -19 26 -21 21 -23 -24 -25 27 -27 -28 29 -30 -31
leaf_value=-0.00013350764578794956 3.3362932886686089e-05 0.00035416944542850516 -7.3417593028275721e-06 6.3848845096471416e-05 2.2656200999757604e-05 0 -9.9470436454798946e-06 -0.00024054796628100221 0.00022775012776620734 -7.7693096935667002e-05 4.0829160682228331e-05 -0.00015231217341152059 0 1.7821686045540792e-05 0.00015184718914467018 -0.00010594310259782882 0.00012478638941369738 -6.2065286130547501e-05 0.00010214732499590075 2.5143925954057823e-05 8.5901530850971785e-05 -1.1771377645289622e-05 -1.4479874096901583e-06 -1.7817264981824459e-05 -5.1535317667481235e-05 -6.3582912725182911e-05 0 4.5908685182322191e-06 -0.00026331275435240961 -0.00012030480997004094
leaf_weight=6502 17277 108 1037 5643 401 886 1521 168 148 2330 312 160 31 988 1307 508 546 749 300 401 1048 446 588 1319 1051 361 506 724 184 258
leaf_count=6502 17277 108 1037 5643 401 886 1521 168 148 2330 312 160 31 988 1307 508 546 749 300 401 1048 446 588 1319 1051 361 506 724 184 258
internal_value=1.82022e-07 2.97967e-05 -7.03397e-06 3.95554e-05 6.7195e-05 -9.51202e-05 -0.000110707 -5.53597e-05 3.95274e-05 -3.37183e-05 3.14105e-05 5.20578e-05 0.000256833 -1.54653e-06 0.000124446 2.78375e-05 3.22025e-05 2.91201e-05 -1.21553e-05 -4.80112e-05 2.65371e-05 5.33982e-05 -5.44487e-05 -5.74211e-05 -4.37147e-05 -7.75072e-06 3.91523e-05 -6.10577e-05 -8.71546e-05 -2.31406e-05
internal_weight=47808 36514 7541 28973 8499 11294 8023 3271 2679 4862 812 6791 139 1148 1708 20474 18572 18026 1902 4050 2531 1494 1096 3649 3103 673 806 2217 1235 982
internal_count=47808 36514 7541 28973 8499 11294 8023 3271 2679 4862 812 6791 139 1148 1708 20474 18572 18026 1902 4050 2531 1494 1096 3649 3103 673 806 2217 1235 982
is_linear=0
shrinkage=0.05


Tree=132
num_leaves=31
num_cat=0
split_feature=0 3 0 3 3 11 10 1 5 11 11 8 0 8 12 0 0 5 11 10 3 11 11 5 5 8 3 3 3 11
split_gain=0.0486756 0.00501419 0.00495032 0.00359814 0.00523836 0.00383659 0.00250952 0.00224824 0.00555455 0.0038937 0.00360304 0.00276744 0.00256232 0.00229517 0.00219601 0.00637409 0.00202037 0.00149593 0.00165752 0.00133977 0.000845982 0.000785792 0.00105032 0.000649735 0.000617127 0.000776302 0.000593438 0.00224805 0.00116861 0.000486792
threshold=0.52974998950958263 30.500000000000004 0.64305001497268688 49.500000000000007 50.500000000000007 7.0034999847412118 7.0469999313354501 1.0000000180025095e-35 0.67049998044967662 4.1004998683929452 0.86599999666214 0.037749288603663451 0.58245000243186962 0.034785239025950439 0.095698427408933653 1.0000000180025095e-35 0.52015000581741344 1.0000000180025095e-35 6.1024999618530282 7.430500030517579 9.5000000000000018 1.6574999690055849 3.1755000352859502 0.84700000286102306 0.99950000643730175 0.13574938476085666 49.500000000000007 34.500000000000007 50.500000000000007 5.5665001869201669
decision_type=2 2 2 2 2 2 2 2 2 2 2 2 2 2 2 2 2 2 2 2 2 2 2 2 2 2 2 2 2 2
left_child=14 2 7 5 17 19 21 9 10 11 -9 -2 -10 -11 15 29 20 18 -5 23 -16 -4 -23 -3 25 -8 27 -22 -28 -1
right_child=1 3 6 4 -6 -7 24 8 12 13 -12 -13 -14 -15 16 -17 -18 -19 -20 -21 26 22 -24 -25 -26 -27 28 -29 -30 -31
leaf_value=-0.00013124937351098037 3.4244846643411445e-05 -0.00018145131028895738 7.7785277532881227e-05 0.00020619518015567784 -8.8446977071269527e-05 -0.00024844511051309826 0.00016052180647748316 -0.00021088260752977333 -1.4525788368095726e-05 0.0002026524547398391 -2.5121814535967391e-05 -0.00017747133467281191 6.8168867554706461e-05 -4.8797024182944086e-05 0 -9.4497250836712905e-06 -0.00022852772295325489 -0.00020641046887775769 4.7349961385547462e-05 0 -4.195345176906863e-05 -0.00012482281325625102 5.7445324993706822e-05 -2.2392487649635443e-05 0 0.00041917583085543137 4.3613580766149013e-06 -0.00021967841612609976 -0.00011429190038156171 -5.2452479759590303e-05
leaf_weight=6074 21122 197 1973 222 869 309 671 300 1234 529 3065 148 2987 73 886 1521 168 41 1423 638 978 118 238 224 71 62 724 257 258 428
leaf_count=6074 21122 197 1973 222 869 309 671 300 1234 529 3065 148 2987 73 886 1521 168 41 1423 638 978 118 238 224 71 62 724 257 258 428
internal_value=1.55204e-07 2.83184e-05 3.48105e-05 -2.43409e-05 8.93387e-06 -9.01386e-05 9.52419e-05 2.82133e-05 4.0092e-06 3.63795e-05 -4.31746e-05 3.25358e-05 4.2809e-05 0.000163854 -9.04544e-05 -0.000105203 -5.27499e-05 6.20937e-05 7.18374e-05 -3.9207e-05 -4.16147e-05 6.54391e-05 0 -0.000108721 0.000175336 0.000189274 -5.81186e-05 -8.30006e-05 -2.17296e-05 -0.000126832
internal_weight=47808 36514 32591 3923 2555 1368 3133 29458 7586 21872 3365 21270 4221 602 11294 8023 3271 1686 1645 1059 3103 2329 356 421 804 733 2217 1235 982 6502
internal_count=47808 36514 32591 3923 2555 1368 3133 29458 7586 21872 3365 21270 4221 602 11294 8023 3271 1686 1645 1059 3103 2329 356 421 804 733 2217 1235 982 6502
is_linear=0
shrinkage=0.05


Tree=133
num_leaves=31
num_cat=0
split_feature=0 9 7 1 0 2 1 0 14 1 0 2 3 3 3 5 5 1 1 0 5 9 1 5 1 0 14 9 1 0
split_gain=0.0440237 0.00511723 0.00580437 0.00437497 0.00341915 0.0030624 0.00380998 0.00227297 0.00515952 0.00402375 0.00198459 0.00222126 0.00185069 0.00183648 0.00170466 0.00155477 0.00135494 0.000847613 0.00112276 0.000768245 0.000751109 0.00163437 0.000790072 0.000579606 0.000513452 0.000388761 0.000296671 0.000131917 9.68629e-05 9.31974e-05
threshold=0.53275001049041759 8.2465000152587908 1.0000000180025095e-35 0.46428571641445165 0.61044999957084667 1.5000000000000002 0.30952382087707525 1.0000000180025095e-35 1.0000000180025095e-35 0.15476191043853763 0.62115001678466808 1.5000000000000002 7.5000000000000009 2.5000000000000004 50.500000000000007 0.77300000190734874 0.81949999928474437 0.46428571641445165 0.13392857462167743 0.68854999542236339 0.73399999737739574 9.3874998092651385 0.61250001192092907 0.95750001072883617 0.26785714924335485 0.55414998531341564 0.99999997019767772 3.4229999780654912 0.91666665673255932 0.51274999976158153
decision_type=2 2 2 2 2 2 2 2 2 2 2 2 2 2 2 2 2 2 2 2 2 2 2 2 2 2 2 2 2 2
left_child=7 2 10 5 12 6 -4 8 -1 27 11 13 -5 -2 -6 -13 -7 18 23 26 21 -3 25 -10 -20 -23 -12 29 -19 -9
right_child=1 20 3 4 14 16 -8 9 17 -11 19 15 -14 -15 -16 -17 -18 28 24 -21 -22 22 -24 -25 -26 -27 -28 -29 -30 -31
leaf_value=-0.00012380077775706589 3.142451350369937e-05 0 -4.0616537863564219e-05 3.8266465817089372e-05 8.3788889598736979e-05 -0.0001798181333126233 6.2391863757396831e-05 -1.9516724773165733e-05 -4.135081791868855e-05 -0.00025449590833745526 5.6905675272576163e-05 -0.00013653499867285327 -4.2680958999804242e-05 0.00011791609974065034 -6.4445229835955495e-05 1.1073820859782613e-05 -4.9503535650688102e-05 0 -0.0001900538774191364 0.00018201501861849837 0.00032555567981082102 0 0.00034853565421733034 0.00018879645409759546 -4.1924758729719896e-06 0.00013325396369898827 0.00012057194828638619 -0.0001176762799960417 0.00022737330586802379 2.7035963558737118e-06
leaf_weight=6003 18735 142 3862 1182 2305 469 1143 609 3175 186 3551 323 1677 684 173 276 602 47 225 199 108 22 88 20 115 282 376 29 20 1180
leaf_count=6003 18735 142 3862 1182 2305 469 1143 609 3175 186 3551 323 1677 684 173 276 602 47 225 199 108 22 88 20 115 282 376 29 20 1180
internal_value=1.06784e-07 2.73826e-05 2.46913e-05 -4.29882e-06 2.82252e-05 -3.369e-05 -1.60926e-05 -8.45131e-05 -9.49118e-05 -3.21756e-05 3.86022e-05 3.16389e-05 -7.46579e-06 3.47291e-05 7.14202e-05 -6.01852e-05 -0.000111249 -4.5376e-05 -4.97191e-05 7.11723e-05 0.000168625 0.000127469 0.000180426 -3.83394e-05 -0.00014191 0.000115222 6.42777e-05 -6.66713e-06 0.000108984 -2.06647e-06
internal_weight=47808 36199 35557 11413 5337 6076 5005 11609 9605 2004 24144 20018 2859 19419 2478 599 1071 3602 3535 4126 642 534 392 3195 340 304 3927 1818 67 1789
internal_count=47808 36199 35557 11413 5337 6076 5005 11609 9605 2004 24144 20018 2859 19419 2478 599 1071 3602 3535 4126 642 534 392 3195 340 304 3927 1818 67 1789
is_linear=0
shrinkage=0.05


Tree=134
num_leaves=31
num_cat=0
split_feature=0 0 1 1 8 8 10 5 8 0 12 1 8 0 5 8 0 4 5 10 4 10 5 1 10 1 0 10 8 8
split_gain=0.039802 0.0044826 0.00429686 0.00822396 0.00636758 0.00496595 0.00467822 0.00334287 0.00220726 0.00219847 0.00467726 0.00381559 0.00156008 0.00104049 0.000794135 0.00062904 0.000605833 0.000470808 0.000438978 0.000387338 0.000372638 0.000296035 0.000203014 0.000125185 7.99738e-05 8.92271e-05 6.04265e-05 4.10206e-05 3.7768e-05 1.71871e-05
threshold=0.53415000438690197 0.69835001230239879 1.0000000180025095e-35 0.21111111342906955 0.030776515603065494 0.067424245178699507 6.7400000095367441 0.62099999189376842 0.48076923191547399 1.0000000180025095e-35 0.093339141458272948 0.15476191043853763 0.097167581319808974 0.59665000438690197 0.67049998044967662 0.094494048506021514 0.71889999508857738 1.5000000000000002 0.99450001120567333 8.2065000534057635 2.5000000000000004 8.102999687194826 0.97650000452995311 0.30952382087707525 8.231999874114992 0.30952382087707525 0.50575000047683727 7.2179999351501474 0.19460027664899829 0.15894736349582675
decision_type=2 2 2 2 2 2 2 2 2 2 2 2 2 2 2 2 2 2 2 2 2 2 2 2 2 2 2 2 2 2
left_child=9 2 4 12 6 7 13 -5 -7 10 24 26 18 -2 17 21 -3 -12 -4 -19 -8 -6 23 -16 25 -1 -11 -28 -17 -14
right_child=1 16 3 5 15 8 20 -9 -10 11 14 -13 29 -15 22 28 -18 19 -20 -21 -22 -23 -24 -25 -26 -27 27 -29 -30 -31
leaf_value=-0.00011563272339595394 2.5911575552830686e-05 0.0001238442139231714 -0.00014844544902576672 -3.5887084806599491e-05 -0.00025015792876521739 6.931277923331198e-05 0.00019154221137498211 2.8895370719964492e-05 0.00062991370671702112 -2.1507789663953356e-05 0 -0.0002294898229527892 0 4.9852635788025854e-05 0 -4.0902086901880178e-05 0.00034584121137104837 -6.2295702005968871e-05 0 0 9.8642625228066824e-05 0 0.00020563518952819242 0.00010037148282249305 0 0 1.3516472291551167e-06 -3.4480703112588444e-05 0 2.630420541983632e-05
leaf_weight=6423 14552 219 1060 4147 204 2499 458 3790 20 457 532 218 133 7947 208 88 108 2095 57 226 654 20 20 31 50 20 1403 84 23 62
leaf_count=6423 14552 219 1060 4147 204 2499 458 3790 20 457 532 218 133 7947 208 88 108 2095 57 226 654 20 20 31 50 20 1403 84 23 62
internal_value=1.04157e-07 2.62765e-05 2.44305e-05 0 3.65891e-05 1.44958e-05 3.98338e-05 -4.32286e-06 7.57734e-05 -7.96334e-05 -9.01779e-05 -3.04733e-05 -0.0001183 3.45903e-05 -3.73551e-05 -0.000177121 0.000212533 -4.58016e-05 -0.000141171 -5.55491e-05 0.000141415 -0.000231714 3.63717e-05 1.21552e-06 -0.000114724 -0.000115303 -5.57304e-06 0 -2.18352e-05 0
internal_weight=47808 36041 35714 11768 23946 10456 23611 7937 2519 11767 9605 2162 1312 22499 3112 335 327 2853 1117 2321 1112 224 259 239 6493 6443 1944 1487 111 195
internal_count=47808 36041 35714 11768 23946 10456 23611 7937 2519 11767 9605 2162 1312 22499 3112 335 327 2853 1117 2321 1112 224 259 239 6493 6443 1944 1487 111 195
is_linear=0
shrinkage=0.05


Tree=135
num_leaves=31
num_cat=0
split_feature=0 9 1 1 8 11 8 3 10 8 12 0 0 8 0 3 0 8 3 3 3 11 9 3 9 10 9 1 10 11
split_gain=0.0359885 0.00480446 0.00476592 0.00714097 0.00643618 0.00502632 0.00484982 0.00408404 0.00280926 0.00215765 0.00158603 0.00465069 0.00152264 0.00142528 0.0010793 0.000715793 0.000701037 0.000692127 0.000565247 0.00206652 0.00103826 0.000355258 0.00029323 0.000289247 0.000350071 0.000259784 0.000181598 0.000166989 0.000142214 0.00013726
threshold=0.52974998950958263 8.2465000152587908 1.0000000180025095e-35 0.21111111342906955 0.029857398010790352 4.1004998683929452 0.073622401803731932 9.5000000000000018 7.4559998512268075 0.37980769574642187 0.095698427408933653 1.0000000180025095e-35 0.52015000581741344 0.094494048506021514 0.59135001897811901 9.5000000000000018 0.57705000042915355 0.11651583760976793 49.500000000000007 39.500000000000007 50.500000000000007 5.5665001869201669 7.6254999637603769 4.5000000000000009 9.0355000495910662 8.102999687194826 8.8499999046325701 0.15476191043853763 7.3499999046325692 6.3459999561309823
decision_type=2 2 2 2 2 2 2 2 2 2 2 2 2 2 2 2 2 2 2 2 2 2 2 2 2 2 2 2 2 2
left_child=10 2 4 13 5 14 8 -7 -5 -8 11 21 15 -4 -2 22 28 25 19 -17 -20 -1 -12 -18 26 -6 -25 -14 -3 -23
right_child=1 16 3 6 17 7 9 -9 -10 -11 12 -13 27 -15 -16 18 23 -19 20 -21 -22 29 -24 24 -26 -27 -28 -29 -30 -31
leaf_value=-0.00011277571679682715 2.1907835803716881e-05 -8.9135147025792931e-06 -0.00013972397316859642 -4.0974945110501204e-05 -0.00024113301422886316 0.00030072266611893802 6.1883710874977919e-05 7.7486641926063083e-05 1.8324593140957031e-05 0.0003797660533120577 -5.8035811858509865e-06 -8.1057089269511593e-06 0 0 4.5251992676385107e-05 -4.3645905032462235e-05 0.00030078304107168587 0 9.1263896785853324e-06 -0.00024871179119093583 -0.00010356215412464243 0 9.8930108029340129e-05 9.0840884482418558e-05 0.00017742760224049512 0 0 -0.00024227460582019824 6.7190501228375562e-05 -5.4201287260460724e-05
leaf_weight=6074 13329 37 1066 3750 230 307 2277 946 4151 62 814 1521 48 195 9461 1074 127 77 724 161 258 48 72 61 269 21 70 120 78 380
leaf_count=6074 13329 37 1066 3750 230 307 2277 946 4151 62 814 1521 48 195 9461 1074 127 77 724 161 258 48 72 61 269 21 70 120 78 380
internal_value=1.04941e-07 2.43359e-05 2.1748e-05 -4.39841e-06 3.4292e-05 3.74664e-05 8.9751e-06 0.000136192 -9.1877e-06 7.24633e-05 -7.77917e-05 -9.04311e-05 -4.52599e-05 -0.000116955 3.18184e-05 -3.5339e-05 0.000161124 -0.000183097 -5.05473e-05 -7.44454e-05 -1.53966e-05 -0.00010892 0 0.000186949 0.000138244 -0.000225157 1.95695e-05 -0.000198628 0 -4.25067e-05
internal_weight=47808 36514 35872 11501 24371 24043 10240 1253 7901 2339 11294 8023 3271 1261 22790 3103 642 328 2217 1235 982 6502 886 527 400 251 131 168 115 428
internal_count=47808 36514 35872 11501 24371 24043 10240 1253 7901 2339 11294 8023 3271 1261 22790 3103 642 328 2217 1235 982 6502 886 527 400 251 131 168 115 428
is_linear=0
shrinkage=0.05


Tree=136
num_leaves=31
num_cat=0
split_feature=0 9 7 8 0 11 2 8 10 2 0 11 2 0 3 9 0 9 3 3 3 3 8 9 3 9 9 9 11 9
split_gain=0.032638 0.0042766 0.00457355 0.00376605 0.00363726 0.00360222 0.00936741 0.00343435 0.00254926 0.00226877 0.00170952 0.00378974 0.00320519 0.0016554 0.00141014 0.00104522 0.000698194 0.00066528 0.000607887 0.000765402 0.00264664 0.000991108 0.000584173 0.000429507 0.000221792 0.000303176 0.000204423 0.0002022 0.000172602 0.000166069
threshold=0.53415000438690197 8.2465000152587908 1.0000000180025095e-35 0.20416666567325595 0.60374999046325695 3.4025000333786015 1.0000000180025095e-35 0.038838613778352744 7.1265001296997079 1.5000000000000002 1.0000000180025095e-35 0.17750000208616259 1.0000000180025095e-35 0.66975000500679027 10.500000000000002 3.1014999151229863 0.57705000042915355 6.3910000324249276 10.500000000000002 49.500000000000007 39.500000000000007 50.500000000000007 0.35599078238010412 7.6254999637603769 4.5000000000000009 9.0355000495910662 3.4229999780654912 6.5965001583099374 0.086500000208616271 8.8499999046325701
decision_type=2 2 2 2 2 2 2 2 2 2 2 2 2 2 2 2 2 2 2 2 2 2 2 2 2 2 2 2 2 2
left_child=10 2 5 4 14 13 7 -7 -6 -8 11 27 26 15 -4 -2 -3 -5 23 20 -20 -21 -19 -13 -18 29 -12 -1 -15 -26
right_child=1 16 3 17 8 6 9 -9 -10 -11 12 18 -14 28 -16 -17 24 22 19 21 -22 -23 -24 -25 25 -27 -28 -29 -30 -31
leaf_value=-0.00010662203165961775 3.0081899752978617e-05 0 -1.0366275899078547e-05 0.00026670512507755866 -2.425772935161581e-05 0.00060287309273048635 0.00012877956180266627 0 4.2852407316300299e-05 -5.7590254945324125e-05 -3.9528631303390277e-07 -1.582847165371312e-05 -0.00021074926172988829 9.1248393893262399e-05 -6.5568444131257494e-05 -1.7632868853527489e-05 0.00028575571990061238 0 -4.5358879630208498e-05 6.9565637593363949e-06 -0.000261314211424589 -9.3177182240362929e-05 0.00021216051571301374 0.00010003635431700202 8.6306272811321517e-05 0.00016855951847565502 -0.00012856513521937199 0 0.00026413909461752734 0
leaf_weight=6026 21650 110 2416 127 2225 127 372 26 3617 248 1910 1046 218 465 2764 1077 127 172 1110 815 185 317 58 82 61 269 34 24 60 70
leaf_count=6026 21650 110 2416 127 2225 127 372 26 3617 248 1910 1046 218 465 2764 1077 127 172 1110 815 185 317 58 82 61 269 34 24 60 70
internal_value=9.13746e-08 2.38014e-05 2.13267e-05 -4.39923e-06 -1.00034e-05 3.37193e-05 0.000141653 0.000495633 1.64368e-05 4.61712e-05 -7.21045e-05 -8.14523e-05 -2.82612e-05 2.99155e-05 -4.07876e-05 2.76007e-05 0.000153473 0.000154575 -3.8239e-05 -5.25723e-05 -8.00881e-05 -1.66736e-05 7.08417e-05 -2.96532e-06 0.000178272 0.000131587 -5.21532e-06 -0.000106017 0.000120576 1.74561e-05
internal_weight=47808 36041 35404 11379 11022 24025 773 153 5842 620 11767 9605 2162 23252 5180 22727 637 357 3555 2427 1295 1132 230 1128 527 400 1944 6050 525 131
internal_count=47808 36041 35404 11379 11022 24025 773 153 5842 620 11767 9605 2162 23252 5180 22727 637 357 3555 2427 1295 1132 230 1128 527 400 1944 6050 525 131
is_linear=0
shrinkage=0.05


Tree=137
num_leaves=31
num_cat=0
split_feature=0 0 3 0 10 12 11 0 0 12 1 2 0 11 11 10 3 1 1 1 0 11 10 3 11 3 8 1 11 3
split_gain=0.029548 0.00400179 0.00435393 0.00202448 0.00168232 0.00289513 0.00290137 0.00159916 0.00151561 0.0034256 0.00288304 0.00148771 0.00145512 0.00143438 0.0013032 0.00227161 0.00140305 0.000748826 0.000694209 0.00084547 0.000679233 0.000558294 0.000532618 0.000950219 0.000551142 0.000446522 0.000391745 0.000332552 0.000362126 0.000269246
threshold=0.53415000438690197 0.66255000233650219 10.500000000000002 0.71889999508857738 7.2754998207092294 0.0089731207117438334 0.31149999797344213 0.58165001869201671 1.0000000180025095e-35 0.093339141458272948 0.15476191043853763 1.5000000000000002 0.57664999365806591 7.4814999103546151 7.8635001182556161 7.7950000762939462 49.500000000000007 0.30952382087707525 0.46428571641445165 0.13392857462167743 0.58495000004768383 1.3885000348091128 7.1265001296997079 24.500000000000004 0.26449999213218695 21.500000000000004 0.10762548446655275 0.13392857462167743 0.26449999213218695 49.500000000000007
decision_type=2 2 2 2 2 2 2 2 2 2 2 2 2 2 2 2 2 2 2 2 2 2 2 2 2 2 2 2 2 2
left_child=8 2 4 22 5 20 -7 11 9 -1 -10 17 -6 -14 15 -9 -16 -4 19 25 -2 -21 27 24 -24 -11 -13 -3 -29 -25
right_child=1 3 7 -5 12 6 -8 14 10 18 -12 26 13 -15 16 -17 -18 -19 -20 21 -22 -23 23 29 -26 -27 -28 28 -30 -31
leaf_value=-9.8488907919818614e-05 1.8559547979451091e-05 7.4222790409759693e-05 -4.688592714929108e-05 0.00032110927678398265 0 -0.0001716071747893952 -4.5841513689297473e-06 -1.3424125511101357e-05 -5.0834825865677991e-06 -9.014793766856249e-07 -0.00020021663027003286 -0.00013606917719961834 9.7991910748206659e-05 0 -0.00013988622067296404 6.386369639406532e-05 0 4.8122759918357967e-05 0.0001181461039597704 0 3.7778811058059841e-05 -0.00015795628219786089 0 0 0.00021722458620985043 -4.5366369404556686e-05 0 -8.7911731201410434e-05 3.2336913635058176e-05 0.0001045896447003429
leaf_weight=6493 10784 668 635 108 850 317 1855 3533 1944 1342 218 556 2110 548 338 1280 372 271 60 62 10663 231 27 198 261 1417 95 64 404 104
leaf_count=6493 10784 668 635 108 850 317 1855 3533 1944 1342 218 556 2110 548 338 1280 372 271 60 62 10663 231 27 198 261 1417 95 64 404 104
internal_value=8.71011e-08 2.26519e-05 1.86119e-05 9.5273e-05 2.77927e-05 2.2654e-05 -3.12696e-05 -1.58578e-05 -6.86011e-05 -7.74262e-05 -2.70802e-05 -6.07646e-05 6.09641e-05 7.92066e-05 -2.29187e-06 6.09236e-06 -6.61616e-05 -1.29469e-05 -3.18717e-05 -3.64629e-05 2.83482e-05 -0.000122108 7.82274e-05 0.000123721 0.000194889 -2.55513e-05 -0.000119621 5.01896e-05 5.19591e-06 3.92598e-05
internal_weight=47808 36041 34207 1834 27127 23619 2172 7080 11767 9605 2162 1557 3508 2658 5523 4813 710 906 3112 3052 21447 293 1726 590 288 2759 651 1136 468 302
internal_count=47808 36041 34207 1834 27127 23619 2172 7080 11767 9605 2162 1557 3508 2658 5523 4813 710 906 3112 3052 21447 293 1726 590 288 2759 651 1136 468 302
is_linear=0
shrinkage=0.05


Tree=138
num_leaves=31
num_cat=0
split_feature=0 9 7 1 11 1 2 1 2 0 2 0 12 0 0 9 5 0 5 9 1 10 9 11 11 10 5 11 11 9
split_gain=0.0267476 0.00400288 0.00418504 0.00375586 0.00336975 0.00825266 0.00285925 0.00329583 0.00283057 0.00269072 0.00253609 0.00130903 0.0012179 0.00307712 0.00125603 0.00120032 0.000744053 0.000710671 0.000580342 0.00133101 0.000723435 0.000532973 0.00039621 0.000351544 0.000275309 0.000225889 0.000147241 0.000112598 7.69069e-05 7.27661e-05
threshold=0.5286499857902528 8.2465000152587908 1.0000000180025095e-35 0.46428571641445165 6.0299999713897714 0.15476191043853763 1.5000000000000002 0.30952382087707525 1.5000000000000002 0.60774999856948864 1.5000000000000002 0.66975000500679027 0.095698427408933653 1.0000000180025095e-35 0.52015000581741344 5.616999864578248 0.67049998044967662 0.58495000004768383 0.73399999737739574 9.3874998092651385 0.61250001192092907 6.7829999923706064 7.7650001049041757 4.1004998683929452 5.5665001869201669 6.4454998970031747 0.95750001072883617 6.3459999561309823 0.99549999833107006 4.6909999847412118
decision_type=2 2 2 2 2 2 2 2 2 2 2 2 2 2 2 2 2 2 2 2 2 2 2 2 2 2 2 2 2 2
left_child=12 2 4 6 11 -6 7 -4 25 -10 -7 17 13 24 16 -8 22 -2 19 -3 21 -21 23 -14 -1 -5 -18 -26 -24 -13
right_child=1 18 3 8 5 10 15 -9 9 -11 -12 29 14 -15 -16 -17 26 -19 -20 20 -22 -23 28 -25 27 -27 -28 -29 -30 -31
leaf_value=-9.6913451555432259e-05 1.5151621385004626e-05 0 -3.9034903221511438e-05 0 0.0004879022574627934 0.00013467908517353721 -0.00016661688125368419 5.5855361840336773e-05 -2.474792801280288e-05 4.9027493089380345e-05 -8.8457517069662474e-05 8.1385728298845068e-05 -9.8655160647167549e-05 -7.8772654451383237e-06 -0.00019757161706929197 -4.3798111780456652e-05 2.6726603439378244e-06 3.3773971645759792e-05 0.00028604257660052635 0 0.00031398181254540695 0.00013782874369410605 0 -3.3468833826409542e-05 0 0.00014484232929530259 0.00015560954682467692 -4.4572549804776216e-05 4.6302530969619236e-05 0.00023549410528346374
leaf_weight=6074 11528 146 3900 22 140 309 522 1164 2429 2429 192 473 355 1407 131 555 225 11816 108 93 88 212 44 2329 48 482 34 380 116 57
leaf_count=6074 11528 146 3900 22 140 309 522 1164 2429 2429 192 473 355 1407 131 555 225 11816 108 93 88 212 44 2329 48 482 34 380 116 57
internal_value=7.36591e-08 2.07956e-05 1.8422e-05 -6.09943e-06 3.0132e-05 0.00014505 -3.31409e-05 -1.62356e-05 2.39383e-05 1.11108e-05 3.9187e-05 2.68365e-05 -6.7661e-05 -7.88947e-05 -3.86404e-05 -0.000107978 -3.03134e-05 2.4792e-05 0.000145184 0.000107638 0.000156057 9.4016e-05 -3.86672e-05 -4.39569e-05 -9.34931e-05 0.000137635 4.20992e-05 -3.32627e-05 1.88094e-05 0.000107433
internal_weight=47808 36665 36018 11503 24515 641 6141 5064 5362 4858 501 23874 11143 7909 3234 1077 3103 23344 647 539 393 305 2844 2684 6502 504 259 428 160 530
internal_count=47808 36665 36018 11503 24515 641 6141 5064 5362 4858 501 23874 11143 7909 3234 1077 3103 23344 647 539 393 305 2844 2684 6502 504 259 428 160 530
is_linear=0
shrinkage=0.05


Tree=139
num_leaves=28
num_cat=0
split_feature=0 8 9 7 0 11 5 8 8 0 11 10 5 0 5 8 0 5 9 11 8 9 12 9 9 0 0
split_gain=0.0242452 0.00372679 0.00341313 0.00423598 0.00300585 0.00275175 0.00262002 0.00217822 0.00135651 0.0016147 0.00295371 0.00134694 0.00125786 0.00122852 0.0010884 0.000754559 0.00068499 0.000588758 0.000342548 0.000297263 0.000181806 0.000160694 9.82434e-05 7.59353e-05 5.56414e-05 1.71453e-05 7.33006e-07
threshold=0.53415000438690197 0.20416666567325595 9.0355000495910662 1.0000000180025095e-35 0.60374999046325695 3.4025000333786015 0.90849998593330394 0.03637566231191159 0.032795699313282974 0.49175000190734869 0.17750000208616259 7.2179999351501474 0.70649999380111705 0.67175000905990612 0.99349999427795421 0.35599078238010412 0.55414998531341564 0.67049998044967662 7.998500108718873 0.38500000536441809 0.30384616553783422 6.5965001583099374 0.53257653117179882 7.998500108718873 3.3795000314712529 0.52015000581741344 0.5165500044822694
decision_type=2 2 2 2 2 2 2 2 2 2 2 2 2 2 2 2 2 2 2 2 2 2 2 2 2 2 2
left_child=8 2 3 5 12 13 -6 -7 9 10 21 25 -5 -2 19 -16 -4 18 -12 -3 -21 -1 -19 24 -13 26 -11
right_child=1 14 16 4 6 7 -8 -9 -10 11 17 23 -14 -15 15 -17 -18 22 -20 20 -22 -23 -24 -25 -26 -27 -28
leaf_value=-9.0451677415048621e-05 2.3453414290484318e-05 0 0 -5.9631161791398115e-05 -5.3712849476690724e-06 0.00016563836365811728 6.5825550185771292e-05 -2.2799799815773436e-05 -0.00029053460192784134 -6.063811296392691e-06 -4.0838451621538639e-05 -3.7305635370639656e-05 -7.9421632995592924e-06 0.00010831699401755968 0 0.00020553605324873209 0.0001807352727709134 0 1.4238661209060774e-05 0.00020911462248045595 0.00060421135109585845 0 5.1732241789313342e-05 0 -0.00019669818370641559 4.8654394596264505e-06 0
leaf_weight=6179 22812 24 22 2760 4116 623 1817 145 76 607 3121 115 2494 471 143 63 388 50 168 138 25 24 201 23 103 945 155
leaf_count=6179 22812 24 22 2760 4116 623 1817 145 76 607 3121 115 2494 471 143 63 388 50 168 138 25 24 201 23 103 945 155
internal_value=8.16457e-08 2.05315e-05 1.86858e-05 1.68584e-05 -8.21425e-06 2.87284e-05 1.5591e-05 0.000123553 -6.21285e-05 -6.02136e-05 -6.86908e-05 -1.52467e-05 -3.60474e-05 2.53854e-05 0.000175176 6.14899e-05 0.000163515 -3.00828e-05 -3.65046e-05 0.000273589 0.000300702 -8.99171e-05 3.41349e-05 -0.000125876 -0.000135596 0 -5.18525e-06
internal_weight=47808 36041 35648 35238 11187 24051 5933 768 11767 11691 9743 1948 5254 23283 393 206 410 3540 3289 187 163 6203 251 241 218 1707 762
internal_count=47808 36041 35648 35238 11187 24051 5933 768 11767 11691 9743 1948 5254 23283 393 206 410 3540 3289 187 163 6203 251 241 218 1707 762
is_linear=0
shrinkage=0.05


Tree=140
num_leaves=31
num_cat=0
split_feature=0 3 0 7 10 11 11 1 0 1 8 0 11 1 10 5 1 1 5 0 1 5 0 10 5 1 3 8 0 3
split_gain=0.02192 0.00362497 0.00352516 0.00222542 0.00300192 0.00330552 0.00281641 0.00637559 0.00176335 0.00122126 0.0012122 0.00143409 0.00266376 0.00170762 0.000814024 0.000828417 0.000641192 0.000962363 0.000530985 0.000474845 0.000323184 0.000591355 0.000189352 0.000133333 8.62239e-05 7.74958e-05 6.88128e-05 2.18964e-05 1.19929e-05 9.5029e-06
threshold=0.53415000438690197 50.500000000000007 0.65125000476837169 1.0000000180025095e-35 7.0469999313354501 7.4010000228881845 3.344500064849854 1.0000000180025095e-35 0.71889999508857738 0.30952382087707525 0.032795699313282974 0.49175000190734869 0.17750000208616259 0.15476191043853763 6.5085000991821298 0.99950000643730175 0.46428571641445165 0.13392857462167743 1.0000000180025095e-35 0.57005000114440929 1.0000000180025095e-35 0.62099999189376842 0.59095001220703136 6.7014999389648446 0.94449999928474437 0.46428571641445165 45.500000000000007 0.082207206636667265 0.52015000581741344 1.5000000000000002
decision_type=2 2 2 2 2 2 2 2 2 2 2 2 2 2 2 2 2 2 2 2 2 2 2 2 2 2 2 2 2 2
left_child=10 2 3 6 9 -6 19 -8 14 -5 11 12 23 28 18 -16 17 -14 -4 -2 -3 -22 27 -1 -24 -12 -18 -23 -13 -15
right_child=1 20 8 4 5 -7 7 -9 -10 -11 25 13 16 29 15 -17 26 -19 -20 -21 21 22 24 -25 -26 -27 -28 -29 -30 -31
leaf_value=-8.5878523227306839e-05 9.8428361706894397e-06 0 5.465517492360682e-05 -8.5504454064562547e-05 3.8052805786381475e-05 -3.9322727175935285e-05 0.00042370668147117835 3.9406909110201882e-05 0.00029415026658186853 -1.5260834023919076e-05 -0.00034582960717830842 -4.9437626917461846e-06 -2.2063601277521092e-05 0 0.00011751849461051972 -1.158220666510546e-05 0.0001445537458943888 -0.00011782102248778127 -2.727703480964943e-06 2.7352646742330133e-05 -0.00015367970975495684 -0.00011843546099701785 0 0 -4.7759123743951705e-05 0 0 0 3.3414210439709497e-06 -0.00018142908822767887
leaf_weight=6181 6547 66 1335 1172 4821 1882 146 567 103 1787 50 762 3145 26 964 64 46 328 351 15444 298 96 270 22 105 26 21 23 1017 143
leaf_count=6181 6547 66 1335 1172 4821 1882 146 567 103 1787 50 762 3145 26 964 64 46 328 351 15444 298 96 270 22 105 26 21 23 1017 143
internal_value=7.45481e-08 1.95242e-05 2.21124e-05 1.72429e-05 -2.38513e-06 1.55819e-05 2.58161e-05 0.000125159 7.62829e-05 -4.47746e-05 -5.90722e-05 -5.72318e-05 -6.52341e-05 -1.46402e-05 6.61617e-05 0.000104617 -2.84633e-05 -3.255e-05 3.9744e-05 2.23672e-05 -8.07699e-05 -8.99298e-05 -4.13307e-05 -8.54121e-05 -8.02663e-06 -0.000276027 0.000108592 -0.000104204 0 -0.000166478
internal_weight=47808 36041 35183 32366 9662 6703 22704 713 2817 2959 11767 11691 9743 1948 2714 1028 3540 3473 1686 21991 858 792 494 6203 375 76 67 119 1779 169
internal_count=47808 36041 35183 32366 9662 6703 22704 713 2817 2959 11767 11691 9743 1948 2714 1028 3540 3473 1686 21991 858 792 494 6203 375 76 67 119 1779 169
is_linear=0
shrinkage=0.05


Tree=141
num_leaves=31
num_cat=0
split_feature=1 3 9 5 8 2 1 1 9 5 8 9 3 3 5 8 3 3 9 10 8 1 10 10 12 10 3 10 10 3
split_gain=0.00537658 0.00343285 0.00340868 0.00224424 0.002108 0.00270306 0.00446218 0.00440364 0.00190627 0.00187937 0.00207908 0.00186403 0.00108003 0.000771347 0.000663746 0.000530844 0.000429005 0.000841838 0.000256926 0.000279744 0.000202761 0.000177767 0.00012234 9.79305e-05 8.19875e-05 6.50195e-05 5.74182e-05 5.46645e-05 3.04581e-05 2.1343e-05
threshold=0.91666665673255932 50.500000000000007 7.5030000209808358 0.70649999380111705 0.15504807978868487 1.5000000000000002 0.30952382087707525 0.46428571641445165 9.5085000991821307 0.99450001120567333 0.089572194963693633 4.7980000972747812 5.5000000000000009 40.500000000000007 0.9975000023841859 0.22401433438062671 50.500000000000007 49.500000000000007 7.550499916076661 7.3824999332427987 0.14039409160614016 1.0000000180025095e-35 7.6949999332427987 7.9070000648498544 0.99705880880355846 7.7514998912811288 4.5000000000000009 7.5199999809265146 7.9235000610351571 9.5000000000000018
decision_type=2 2 2 2 2 2 2 2 2 2 2 2 2 2 2 2 2 2 2 2 2 2 2 2 2 2 2 2 2 2
left_child=1 2 4 8 5 6 -1 -7 24 10 11 16 26 -13 15 -6 17 -2 19 -14 21 25 -23 -24 -4 -3 -11 -10 -5 -21
right_child=9 20 3 28 14 7 -8 -9 27 12 -12 13 18 -15 -16 -17 -18 -19 -20 29 -22 22 23 -25 -26 -27 -28 -29 -30 -31
leaf_value=-3.8024169287939153e-06 0 -4.9682510248284091e-05 -5.3313333846723442e-05 0.00020728520228360952 6.5739634282098295e-05 -0.00013109962254150993 7.8620539700212488e-05 -1.2355210431584839e-05 4.8467687412246004e-05 8.7120244416836914e-05 0.00028229189761580693 0.0001817366389316559 0 0 0 0.0002450165808242391 -0.00014889425272039168 0.00013941039265580191 0 0 0 -0.00014244195239815436 0 -7.7538253202333614e-05 0 0 0 0.00015108839694286878 1.5572480087456456e-05 -0.00024308968492035572
leaf_weight=37041 450 265 336 305 284 1052 1718 3508 248 145 187 437 53 86 109 110 28 139 50 31 34 435 116 194 37 87 22 186 62 53
leaf_count=37041 450 265 336 305 284 1052 1718 3508 248 145 187 437 53 86 109 110 28 139 50 31 34 435 116 194 37 87 22 186 62 53
internal_value=4.32666e-08 -3.05307e-06 -7.78265e-07 8.31449e-05 -3.14087e-06 -4.43317e-06 -1.98084e-08 -4.08485e-05 2.9006e-05 8.79768e-05 0.000115519 8.37539e-05 -1.14889e-06 0.000154634 9.81945e-05 0.000128528 1.55543e-05 3.18834e-05 -9.65128e-05 -0.000131897 -8.9126e-05 -9.30143e-05 -0.000112584 -5.45315e-05 -4.4845e-05 -3.73737e-05 7.57075e-05 0.000103991 0.000188531 -0.00019151
internal_weight=47808 46127 44996 1174 43822 43319 38759 4560 807 1681 1327 1140 354 523 503 394 617 589 187 137 1131 1097 745 310 373 352 167 434 367 84
internal_count=47808 46127 44996 1174 43822 43319 38759 4560 807 1681 1327 1140 354 523 503 394 617 589 187 137 1131 1097 745 310 373 352 167 434 367 84
is_linear=0
shrinkage=0.05


Tree=142
num_leaves=29
num_cat=0
split_feature=8 3 10 11 11 3 3 11 7 5 2 5 8 3 11 2 8 8 5 3 3 2 5 10 5 10 10 5
split_gain=0.00402926 0.00358385 0.00200666 0.00184394 0.00334682 0.00171317 0.0105836 0.00458948 0.00215278 0.00168697 0.000873796 0.00087133 0.000669378 0.000633002 0.000409353 0.000346673 0.000273034 0.000243114 0.00024225 0.000214686 0.000306227 0.000162856 0.000548547 0.00023607 0.00014228 9.64036e-05 5.90989e-05 2.85437e-05
threshold=0.20416666567325595 50.500000000000007 8.2065000534057635 8.2065000534057635 3.344500064849854 49.500000000000007 35.500000000000007 4.496000051498414 1.0000000180025095e-35 0.70649999380111705 1.5000000000000002 0.99349999427795421 0.35599078238010412 31.500000000000004 0.31149999797344213 1.5000000000000002 0.26201373338699346 0.14039409160614016 0.73399999737739574 49.500000000000007 37.500000000000007 1.0000000180025095e-35 0.82749998569488536 7.7249999046325692 0.94449999928474437 8.5649995803833026 7.8960001468658456 1.0000000180025095e-35
decision_type=2 2 2 2 2 2 2 2 2 2 2 2 2 2 2 2 2 2 2 2 2 2 2 2 2 2 2 2
left_child=1 2 5 4 18 6 9 -8 15 -1 -10 14 -13 -6 -2 -7 -16 21 -4 20 -5 26 23 -23 -24 -21 27 -3
right_child=11 17 3 19 13 8 7 -9 10 -11 -12 12 -14 -15 16 -17 -18 -19 -20 25 -22 22 24 -25 -26 -27 -28 -29
leaf_value=-2.7837872304965256e-06 0 -2.764999956368096e-06 0 -1.8568339663680201e-06 0.00035877216426572899 0.0001605772751283043 -6.8785377574443133e-05 -0.00029628597178272642 0 2.8725968185016375e-05 8.0027854723294743e-05 0 0.00018980078516282772 0 0.00015176490284902157 0 0.00045534395875622034 0 6.5315787785862728e-05 4.4868807110914098e-05 -0.00018888850175593401 -0.0001909051886696371 0 -6.1214327607337431e-05 -7.9136320493589955e-05 0 0 -9.0870959954659941e-05
leaf_weight=36661 20 198 192 302 141 377 679 400 1452 4794 405 143 63 38 117 52 51 32 475 182 33 283 207 206 125 26 74 80
leaf_count=36661 20 198 192 302 141 377 679 400 1452 4794 405 143 63 38 117 52 51 32 475 182 33 283 207 206 125 26 74 80
internal_value=4.11972e-08 -1.17753e-06 9.35424e-07 6.01703e-05 0.000106705 -7.88876e-07 -3.16447e-06 -0.000157776 4.12231e-05 7.39558e-07 1.48577e-05 0.000159353 5.39417e-05 0.000304255 0.000248185 0.000143668 0.000273883 -8.63467e-05 4.61568e-05 -3.13157e-06 -3.52526e-05 -9.04281e-05 -0.00010788 -0.000146517 -3.58887e-05 2.4567e-05 -3.55041e-05 -4.61219e-05
internal_weight=47808 47414 46209 1389 846 44820 42534 1079 2286 41455 1857 394 206 179 188 429 168 1205 667 543 335 1173 821 489 332 208 352 278
internal_count=47808 47414 46209 1389 846 44820 42534 1079 2286 41455 1857 394 206 179 188 429 168 1205 667 543 335 1173 821 489 332 208 352 278
is_linear=0
shrinkage=0.05


Tree=143
num_leaves=31
num_cat=0
split_feature=0 0 3 10 1 1 8 7 2 8 0 12 1 8 1 8 1 1 5 5 0 0 0 1 0 1 0 5 3 0
split_gain=0.0196001 0.00314026 0.00301776 0.00159997 0.00157853 0.00339843 0.00312312 0.00393961 0.00182757 0.00155549 0.00155495 0.00236865 0.00163659 0.00143918 0.00144029 0.000676345 0.000611606 0.000949909 0.00041928 0.000360452 0.000298922 0.000266301 0.000223965 7.11883e-05 5.64022e-05 4.15736e-05 1.23212e-05 2.17231e-05 4.88195e-06 7.12307e-07
threshold=0.53665000200271618 0.69835001230239879 11.500000000000002 7.7760000228881845 1.0000000180025095e-35 0.21111111342906955 0.030776515603065494 1.0000000180025095e-35 1.5000000000000002 0.032795699313282974 0.49175000190734869 0.028986183926463131 0.15476191043853763 0.18898809701204303 1.0000000180025095e-35 0.11651583760976793 0.46428571641445165 0.13392857462167743 1.0000000180025095e-35 0.67049998044967662 0.71889999508857738 0.57295000553131115 0.55535000562667858 0.46428571641445165 0.6033499836921693 0.61250001192092907 0.52015000581741344 1.0000000180025095e-35 49.500000000000007 0.5165500044822694
decision_type=2 2 2 2 2 2 2 2 2 2 2 2 2 2 2 2 2 2 2 2 2 2 2 2 2 2 2 2 2 2
left_child=9 2 3 13 6 15 7 -4 -7 10 11 28 26 14 -2 -6 17 -13 24 -8 -3 -20 -15 -11 -5 -18 29 -28 -1 -12
right_child=1 20 4 18 5 8 19 -9 -10 23 12 16 -14 22 -16 -17 25 -19 21 -21 -22 -23 -24 -25 -26 -27 27 -29 -30 -31
leaf_value=-8.0715209034393516e-05 2.567823890779464e-05 9.8911980458675649e-05 0.00033856640817236906 0 -0.00014654156902679116 2.9512191726720652e-05 -0.00021691979636385972 3.2247445507674783e-05 -3.0437351304538892e-05 -0.00034646542056378704 -5.1842667321432372e-06 -1.9856777188364806e-05 -0.00014916944351968655 0 -4.8265348321945055e-06 0 0 -0.00011530868121475782 0 0 0.00028175396189868113 0.00011633161131449316 0.00014671664095749918 0 4.1456691394284527e-05 0.00017468223329857502 7.4689944117180732e-06 0 0 0
leaf_weight=6229 22269 219 128 199 595 1951 102 931 3463 58 607 3079 200 25 4363 66 37 324 93 61 108 719 276 29 148 29 1265 35 45 155
leaf_count=6229 22269 219 128 199 595 1951 102 931 3463 58 607 3079 200 25 4363 66 37 324 93 61 108 719 276 29 148 29 1265 35 45 155
internal_value=2.55517e-08 1.8758e-05 1.71758e-05 2.4673e-05 -1.10017e-05 -2.1966e-05 3.94117e-05 7.40213e-05 -7.91015e-06 -5.48906e-05 -5.28452e-05 -6.16676e-05 -1.26336e-05 2.19445e-05 2.0493e-05 -0.00012951 -2.6322e-05 -3.04171e-05 8.37561e-05 -0.000154696 0.000174654 0.000105657 0.000133712 -0.000279335 1.80852e-05 0.000108909 0 3.53724e-06 -8.04131e-05 -4.36734e-06
internal_weight=47808 35716 35389 28092 7297 6075 1222 1059 5414 12092 12005 9743 2262 26933 26632 661 3469 3403 1159 163 327 812 301 87 347 66 2062 1300 6274 762
internal_count=47808 35716 35389 28092 7297 6075 1222 1059 5414 12092 12005 9743 2262 26933 26632 661 3469 3403 1159 163 327 812 301 87 347 66 2062 1300 6274 762
is_linear=0
shrinkage=0.05


Tree=144
num_leaves=31
num_cat=0
split_feature=0 9 1 1 2 1 11 7 9 5 9 4 9 11 11 0 9 12 0 5 0 9 11 4 12 14 11 0 9 1
split_gain=0.0177538 0.00308443 0.00299095 0.00576221 0.00672432 0.00476921 0.00271984 0.00697842 0.00307475 0.00265474 0.00265319 0.00331793 0.00114866 0.00309913 0.00185162 0.000986385 0.00237809 0.00206017 0.000763847 0.000632806 0.000519247 0.00039376 0.000338011 0.000322649 0.000239341 0.000224588 0.000161437 0.000146288 0.000337559 0.000135897
threshold=0.53665000200271618 8.2465000152587908 1.0000000180025095e-35 0.30952382087707525 1.5000000000000002 0.53571429848670971 4.1004998683929452 1.0000000180025095e-35 0.93750000000000011 0.55149999260902416 1.5835000276565554 1.5000000000000002 4.5759999752044687 3.344500064849854 0.3275000005960465 1.0000000180025095e-35 3.3795000314712529 0.093339141458272948 0.60574999451637279 0.67049998044967662 0.57705000042915355 7.9514999389648446 7.2179999351501474 1.5000000000000002 0.99078321456909191 0.99999997019767772 5.5665001869201669 0.64074999094009411 9.0355000495910662 0.15476191043853763
decision_type=2 2 2 2 2 2 2 2 2 2 2 2 2 2 2 2 2 2 2 2 2 2 2 2 2 2 2 2 2 2
left_child=15 2 6 12 9 -6 10 -8 -9 -5 18 -12 13 -4 -14 17 22 26 -2 23 -3 25 -17 -19 -25 -18 -1 28 -22 -24
right_child=1 20 3 4 5 -7 7 8 -10 -11 11 -13 14 -15 -16 16 21 19 -20 -21 27 -23 29 24 -26 -27 -28 -29 -30 -31
leaf_value=-7.8988694327471098e-05 1.7909794008547223e-05 0 -0.00038172843054278568 4.4462761639367645e-05 -5.8018748490918211e-05 2.7131533972526665e-05 0.00042703890747337924 3.0277788497127517e-05 0.00043912291437489531 0.00017065183303415605 -0.00028112524143926432 0 -0.00016489368194661067 -7.6669253714557671e-05 -2.5156254380653455e-06 0 -0.00026124722361209156 0 4.0299623008213691e-05 4.3126617731440761e-05 1.6903257843279018e-06 0 0 -5.4788695588434221e-05 -1.2801660493282648e-05 0 -2.4590486407189069e-05 0.00025118774120655283 0.00014440410102378447 -0.00011250353079403149
leaf_weight=6073 15987 106 102 1261 2886 3752 146 1164 51 763 157 327 222 1223 1181 2141 125 532 5861 259 138 34 53 1379 942 37 420 114 275 97
leaf_count=6073 15987 106 102 1261 2886 3752 146 1164 51 763 157 327 222 1223 1181 2141 125 532 5861 259 138 34 53 1379 942 37 420 114 275 97
internal_value=1.56029e-08 1.7849e-05 1.57125e-05 -4.97748e-06 1.45056e-05 -9.1363e-06 2.58698e-05 9.55668e-05 5.15888e-05 9.45094e-05 2.13979e-05 -9.22645e-05 -6.86715e-05 -0.000103953 -3.17825e-05 -5.22449e-05 -2.09464e-05 -5.98281e-05 2.41452e-05 -2.39767e-05 0.000128343 -0.000188829 -4.39374e-06 -3.18222e-05 -3.99033e-05 -0.000221829 -7.62404e-05 0.000149155 0.000108833 -7.69703e-05
internal_weight=47808 35716 35083 11390 8662 6638 23693 1361 1215 2024 22332 484 2728 1325 1403 12092 2487 9605 21848 3112 633 196 2291 2853 2321 162 6493 527 413 150
internal_count=47808 35716 35083 11390 8662 6638 23693 1361 1215 2024 22332 484 2728 1325 1403 12092 2487 9605 21848 3112 633 196 2291 2853 2321 162 6493 527 413 150
is_linear=0
shrinkage=0.05


Tree=145
num_leaves=31
num_cat=0
split_feature=0 0 3 9 0 0 2 9 11 11 1 9 0 9 11 3 1 3 10 1 1 11 11 3 3 9 11 9 11 9
split_gain=0.016081 0.00293111 0.00302849 0.00183296 0.00145996 0.00141118 0.00142426 0.00131957 0.00264416 0.00119157 0.0033164 0.00142229 0.0008725 0.00217075 0.00179168 0.00072332 0.000623167 0.000600173 0.00129922 0.000554798 0.000669601 0.00065579 0.000457395 0.000434171 0.000418258 0.000806084 0.000598267 0.000353868 0.000307072 0.000212618
threshold=0.53665000200271618 0.6569499969482423 9.5000000000000018 9.0355000495910662 0.71889999508857738 0.58134999871253978 1.5000000000000002 4.6909999847412118 3.344500064849854 3.344500064849854 1.0000000180025095e-35 2.5095000267028813 1.0000000180025095e-35 3.3795000314712529 0.19549999386072162 41.500000000000007 0.30952382087707525 24.500000000000004 7.0989999771118173 0.46428571641445165 0.13392857462167743 1.3885000348091128 0.26449999213218695 21.500000000000004 49.500000000000007 4.243000030517579 4.0009999275207528 7.498500108718873 7.2179999351501474 7.2925000190734872
decision_type=2 2 2 2 2 2 2 2 2 2 2 2 2 2 2 2 2 2 2 2 2 2 2 2 2 2 2 2 2 2
left_child=12 2 3 9 17 6 16 8 -7 11 -11 -2 14 28 -1 -9 -4 18 -3 20 23 -22 -20 -16 25 -19 -26 -15 -14 -8
right_child=1 4 5 -5 -6 7 29 15 -10 10 -12 -13 13 27 19 -17 -18 24 22 -21 21 -23 -24 -25 26 -27 -28 -29 -30 -31
leaf_value=-7.3899908034344539e-05 2.1351021460191737e-05 4.5883881386302031e-05 -4.1329852862610894e-05 0.00018385299874777502 0.0002657653452605819 -0.00021009379784732581 -0.00012356729742530478 3.6868271666783701e-05 -1.2426723533011349e-05 0.00020491852627199138 2.385406599789494e-05 -1.3542211442075354e-05 0 -0.00021655896564403362 0 -1.8028666996577793e-05 4.5825518658455725e-05 -0.00013528453528329821 0 9.9913851246005288e-05 0 -0.00013666779133857172 0.00018068855815389168 -3.9290228319088087e-05 -1.6828270713279854e-06 1.7974694329034003e-05 0.0001175266851586604 0 -7.3335127501824489e-05 0
leaf_weight=6057 20972 1257 634 179 108 188 600 2064 2706 332 1467 3210 2141 155 1536 708 268 115 35 67 59 273 343 1613 84 199 174 41 150 73
leaf_count=6057 20972 1257 634 179 108 188 600 2064 2706 332 1467 3210 2141 155 1536 708 268 115 35 67 59 273 343 1613 84 199 174 41 150 73
internal_value=1.01004e-08 1.69876e-05 1.30333e-05 2.10352e-05 7.18784e-05 -1.5185e-05 -5.723e-05 -2.6143e-06 -2.7002e-05 1.97202e-05 6.00577e-05 1.65124e-05 -4.97224e-05 -2.00705e-05 -5.68793e-05 2.10431e-05 -9.88963e-06 6.01135e-05 7.60498e-05 -2.64119e-05 -3.02824e-05 -0.000102094 0.000163101 -2.11206e-05 5.81608e-06 -2.2262e-05 5.93563e-05 -0.000180503 -4.15558e-06 -0.00011324
internal_weight=47808 35716 33401 26160 2315 7241 1575 5666 2894 25981 1799 24182 12092 2487 9605 2772 902 2207 1635 3548 3481 332 378 3149 572 314 258 196 2291 673
internal_count=47808 35716 33401 26160 2315 7241 1575 5666 2894 25981 1799 24182 12092 2487 9605 2772 902 2207 1635 3548 3481 332 378 3149 572 314 258 196 2291 673
is_linear=0
shrinkage=0.05


Tree=146
num_leaves=31
num_cat=0
split_feature=1 9 7 8 5 11 5 5 8 9 9 5 9 11 2 9 4 11 10 1 11 9 11 1 11 9 9 10 1 9
split_gain=0.00445692 0.00252818 0.00233854 0.00266816 0.0020335 0.00238044 0.00195649 0.00182116 0.00175209 0.00161788 0.00153508 0.00381206 0.00145132 0.00131623 0.00207191 0.00107117 0.000987743 0.00097032 0.000810184 0.000753884 0.000601276 0.00037023 0.000366232 0.000264505 0.000229884 0.000220529 0.000212278 0.000241334 0.00018858 0.000140037
threshold=0.91666665673255932 7.5030000209808358 1.0000000180025095e-35 0.093386627733707442 0.98849999904632579 0.10050000250339509 0.70649999380111705 0.99450001120567333 0.089572194963693633 4.7980000972747812 2.0785000324249272 0.62099999189376842 9.5085000991821307 5.3145000934600839 1.5000000000000002 5.8010001182556161 1.5000000000000002 0.45799998939037329 8.102999687194826 0.18333333730697635 0.086500000208616271 5.6675000190734872 4.1004998683929452 0.13392857462167743 7.6305000782012948 4.2049999237060556 7.550499916076661 7.3824999332427987 0.58571431040763866 7.5715000629425058
decision_type=2 2 2 2 2 2 2 2 2 2 2 2 2 2 2 2 2 2 2 2 2 2 2 2 2 2 2 2 2 2
left_child=1 2 10 4 5 -4 12 8 9 22 13 18 23 -1 -15 -6 -9 28 -12 -19 -8 -13 25 -3 -24 -2 27 -18 -5 -22
right_child=7 6 3 17 15 -7 20 16 -10 -11 11 21 -14 14 -16 -17 26 19 -20 -21 29 -23 24 -25 -26 -27 -28 -29 -30 -31
leaf_value=1.440698771511111e-06 -0.00012269338581525537 0 -0.00024926175389655323 -6.9406871070901328e-05 -7.8906287602113274e-05 -3.5687448142917245e-05 0 6.3208049981874225e-05 0.00026160574649790211 0.00014377301147272371 -0.00019341850344945381 -3.4591793842507593e-05 8.2265624034569881e-05 6.4636382095715686e-05 -0.00010699108419158252 7.4503107088637398e-05 0 -2.4207308320492886e-05 0 7.8537403682834417e-05 0 3.2118634840113224e-05 6.1183793365856816e-05 -7.5271603422841322e-05 0 0 0 -0.00018760244226296061 0 0.00019163192381427757
leaf_weight=29986 56 132 141 176 110 9503 43 167 187 523 399 277 452 1657 177 618 53 134 62 982 31 600 350 260 151 60 50 84 57 330
leaf_count=29986 56 132 141 176 110 9503 43 167 187 523 399 277 452 1657 177 618 53 134 62 982 31 600 350 260 151 60 50 84 57 330
internal_value=0 -2.81318e-06 -4.86922e-06 -2.40965e-05 -3.29682e-05 -3.9331e-05 6.71118e-05 8.00677e-05 0.000107394 7.76915e-05 1.77667e-06 -5.0408e-05 1.69937e-05 4.12826e-06 4.53415e-05 4.44483e-05 -8.24842e-06 4.04066e-05 -0.000167295 6.17197e-05 0.000159411 5.34603e-06 1.35609e-05 -4.55188e-05 3.83212e-05 -5.02525e-05 -9.87858e-05 -0.000131105 -4.02096e-05 0.000180557
internal_weight=47808 46127 44879 11721 10372 9644 1248 1681 1327 1140 33158 1338 844 31820 1834 728 354 1349 461 1116 404 877 617 392 501 116 187 137 233 361
internal_count=47808 46127 44879 11721 10372 9644 1248 1681 1327 1140 33158 1338 844 31820 1834 728 354 1349 461 1116 404 877 617 392 501 116 187 137 233 361
is_linear=0
shrinkage=0.05


Tree=147
num_leaves=31
num_cat=0
split_feature=0 0 1 1 8 8 11 7 2 0 8 9 0 8 12 0 0 11 10 10 1 1 11 11 11 8 1 11 4 11
split_gain=0.0145601 0.00281364 0.00280096 0.00426395 0.00390016 0.00309702 0.00278817 0.00648365 0.00269495 0.00150665 0.00097241 0.000953498 0.000926107 0.000896482 0.000829512 0.00145264 0.000461961 0.000397688 0.000989726 0.000369029 0.000356054 0.000443292 0.000388595 0.000288268 0.000249047 0.00023273 0.000206299 0.000168334 0.000145026 0.000135095
threshold=0.5286499857902528 0.64305001497268688 1.0000000180025095e-35 0.21111111342906955 0.029857398010790352 0.064172957092523589 4.1004998683929452 1.0000000180025095e-35 1.5000000000000002 0.71889999508857738 0.094494048506021514 8.4025001525878924 0.57054999470710765 0.032795699313282974 0.35348731279373174 1.0000000180025095e-35 0.57054999470710765 7.6435000896453866 7.1265001296997079 7.8960001468658456 0.13392857462167743 0.21111111342906955 2.1924999952316289 3.4025000333786015 6.3459999561309823 0.097167581319808974 0.18333333730697635 4.1004998683929452 2.5000000000000004 6.3459999561309823
decision_type=2 2 2 2 2 2 2 2 2 2 2 2 2 2 2 2 2 2 2 2 2 2 2 2 2 2 2 2 2 2
left_child=13 2 4 10 6 8 16 -8 -5 11 -4 17 -7 14 15 23 -2 18 -3 25 24 -22 -23 26 27 -6 -1 -16 -26 -25
right_child=1 9 3 5 19 12 7 -9 -10 -11 -12 -13 -14 -15 20 -17 -18 -19 -20 -21 21 22 -24 29 28 -27 -28 -29 -30 -31
leaf_value=-7.125341168928553e-05 7.0705970559487943e-06 2.8947637324787921e-05 -0.00012355640269190793 2.2718989788968219e-05 -0.00022710807720484482 -9.9162463991528017e-06 0.0004611982910033126 5.3709936042877733e-05 -4.1636403227658748e-05 0.00025133053383059374 0 0.00022563532203732952 6.6866642784361497e-05 -0.0002851595502259502 -1.124235705986576e-07 -6.4026884822733638e-06 2.3861849626094604e-05 -2.2950267998205843e-07 9.4848947906295459e-05 0 -0.00017182685281658312 4.4777896646632974e-05 -7.0418357179622443e-05 0 0 -1.3114557379377804e-05 0 4.2597778593435078e-05 -3.5499551391430073e-05 -3.750744763082127e-05
leaf_weight=6115 7142 2558 942 2548 172 363 116 965 4199 108 174 88 1826 49 546 1427 14156 258 923 55 95 83 171 127 506 72 21 255 954 794
leaf_count=6115 7142 2558 942 2548 172 363 116 965 4199 108 174 88 1826 49 546 1427 14156 258 923 55 95 83 171 127 506 72 21 255 954 794
internal_value=0 1.53097e-05 1.03189e-05 -1.13344e-05 2.01372e-05 0 2.27297e-05 0.0001021 -1.65916e-05 5.55498e-05 -0.00010348 4.87119e-05 5.18499e-05 -4.99539e-05 -4.84618e-05 -5.64303e-05 1.84659e-05 4.32047e-05 4.78602e-05 -0.000157128 -2.0643e-05 -7.06625e-05 -1.30954e-05 -6.58376e-05 -1.0708e-05 -0.000184477 -7.05381e-05 7.24666e-06 -2.39828e-05 -2.90891e-05
internal_weight=47808 36665 32730 10052 22678 8936 22379 1081 6747 3935 1116 3827 2189 11143 11094 8484 21298 3739 3481 299 2610 349 254 7057 2261 244 6136 801 1460 921
internal_count=47808 36665 32730 10052 22678 8936 22379 1081 6747 3935 1116 3827 2189 11143 11094 8484 21298 3739 3481 299 2610 349 254 7057 2261 244 6136 801 1460 921
is_linear=0
shrinkage=0.05


Tree=148
num_leaves=31
num_cat=0
split_feature=0 3 9 0 2 1 1 0 3 0 9 12 5 9 1 1 5 10 3 3 3 9 0 3 11 9 10 10 1 11
split_gain=0.0132135 0.00253697 0.00257061 0.00209351 0.00243418 0.00288184 0.00262909 0.00116941 0.000661714 0.000658641 0.00190798 0.00152207 0.000567648 0.000428391 0.000541504 0.000398034 0.000506769 0.000477113 0.000377582 0.002592 0.000526619 0.000296954 0.000279864 0.000271367 0.000259436 0.000254741 0.000188021 0.000152377 0.000116873 0.000100997
threshold=0.53665000200271618 50.500000000000007 8.2465000152587908 0.62804999947547924 1.5000000000000002 0.46428571641445165 0.30952382087707525 0.70544999837875377 24.500000000000004 1.0000000180025095e-35 3.3795000314712529 0.093339141458272948 0.67049998044967662 5.5989999771118173 1.0000000180025095e-35 0.58571431040763866 0.70649999380111705 7.5199999809265146 49.500000000000007 31.500000000000004 50.500000000000007 7.9514999389648446 0.59995001554489147 46.500000000000007 7.2179999351501474 6.058500051498414 7.430500030517579 6.1519999504089364 0.15476191043853763 5.5665001869201669
decision_type=2 2 2 2 2 2 2 2 2 2 2 2 2 2 2 2 2 2 2 2 2 2 2 2 2 2 2 2 2 2
left_child=9 2 3 4 6 -6 -2 8 -5 11 24 29 18 14 -3 16 17 -4 19 -13 -20 26 25 27 -11 -15 -12 -14 -26 -1
right_child=1 13 15 7 5 -7 -8 -9 -10 10 21 12 23 22 -16 -17 -18 -19 20 -21 -22 -23 -24 -25 28 -27 -28 -29 -30 -31
leaf_value=-6.7862314255445554e-05 1.1771664666857692e-05 0 0 4.4802238176874466e-05 -0.00010554940366916155 -2.7492439366742958e-06 8.5131157000963359e-05 0.00017065169237986104 0 0 -0.00023365408151717533 -1.3915610896095225e-05 0 0 -0.00013518165874679044 0.00020388812990636957 0.00021788517037327847 0.00010265940243705553 1.8743096725403908e-05 -0.00018772837682635957 -6.8999621581305193e-05 0 0 0 0 -0.00010663859792834797 0 8.9391126329959323e-05 -0.00010009765778521956 -1.9887051774910949e-05
leaf_weight=6073 22125 38 216 4970 870 3674 1326 193 1088 2141 125 1642 20 51 339 180 68 153 724 264 223 34 286 45 53 139 37 194 97 420
leaf_count=6073 22125 38 216 4970 870 3674 1326 193 1088 2141 125 1642 20 51 339 180 68 153 724 264 223 34 286 45 53 139 37 194 97 420
internal_value=0 1.53815e-05 1.75804e-05 1.55897e-05 9.51603e-06 -2.35337e-05 1.61332e-05 4.19903e-05 3.70632e-05 -4.50892e-05 -1.88046e-05 -5.13742e-05 -2.02324e-05 -6.86227e-05 -0.000113326 0.000119948 7.38952e-05 3.37621e-05 -2.77774e-05 -4.06222e-05 0 -0.000169249 -2.26988e-05 4.35605e-05 -3.74466e-06 -7.05044e-05 -0.000198073 7.39259e-05 -6.7343e-05 -6.55294e-05
internal_weight=47808 35716 34863 34246 27995 4544 23451 6251 6058 12092 2487 9605 3112 853 377 617 437 369 2853 1906 947 196 476 259 2291 190 162 214 150 6493
internal_count=47808 35716 34863 34246 27995 4544 23451 6251 6058 12092 2487 9605 3112 853 377 617 437 369 2853 1906 947 196 476 259 2291 190 162 214 150 6493
is_linear=0
shrinkage=0.05


Tree=149
num_leaves=31
num_cat=0
split_feature=0 0 3 10 9 9 7 1 11 9 11 0 0 3 0 9 11 1 1 11 10 11 0 11 9 11 9 3 3 3
split_gain=0.0119841 0.00231312 0.00252835 0.0014774 0.00344387 0.00600433 0.0013863 0.0023359 0.00131578 0.00126748 0.00281262 0.000954553 0.000954114 0.000805008 0.000585771 0.00178639 0.00123596 0.000493741 0.000542502 0.000582451 0.00045881 0.000450626 0.000418402 0.000384916 0.00133001 0.0023586 0.000720346 0.000643825 0.000371203 0.000356437
threshold=0.53665000200271618 0.66255000233650219 10.500000000000002 7.2754998207092294 1.0000000180025095e-35 6.7114999294281015 1.0000000180025095e-35 1.0000000180025095e-35 4.1004998683929452 4.7980000972747812 4.1004998683929452 0.60245001316070568 0.71889999508857738 41.500000000000007 0.49175000190734869 3.3795000314712529 0.19549999386072162 0.46428571641445165 0.13392857462167743 1.3885000348091128 7.4010000228881845 1.469500005245209 0.57824999094009411 0.26449999213218695 4.6909999847412118 5.9010000228881845 5.8010001182556161 44.500000000000007 5.5000000000000009 21.500000000000004
decision_type=2 2 2 2 2 2 2 2 2 2 2 2 2 2 2 2 2 2 2 2 2 2 2 2 2 2 2 2 2 2
left_child=14 2 3 4 22 -6 7 8 -4 10 -8 28 23 -11 16 -16 -1 18 29 -20 -9 -13 -2 26 25 -25 -3 -26 -5 -18
right_child=1 12 6 11 5 -7 9 20 -10 13 -12 21 -14 -15 15 -17 17 -19 19 -21 -22 -23 -24 24 27 -27 -28 -29 -30 -31
leaf_value=-6.261154403344869e-05 9.6302508712862058e-06 4.3752657660891814e-05 0 4.0203096593870538e-05 -0.00013334498831174847 6.2565794109489342e-05 -0.00016607282219257159 -3.7935694279076513e-05 0.00033516647674545455 1.6460157098717764e-05 -2.5410992468488762e-05 2.239736101937349e-05 0.00023064119499416897 -4.5423376619448168e-05 -1.3407610637246016e-06 -0.00016180167620174005 0 9.6629654991075455e-05 0 -0.00012450438427762141 3.2449505070405109e-05 0.00010202404621110914 2.502948521355224e-05 -0.00013695529364717102 0.00016698749418108207 9.2207576906358155e-05 -9.6612758032949984e-05 0 0 -3.4558971751995694e-05
leaf_weight=6210 8664 642 74 1279 996 604 438 382 93 2005 2773 432 108 712 2138 196 1536 67 59 273 567 1028 13086 157 399 356 91 81 749 1613
leaf_count=6210 8664 642 74 1279 996 604 438 382 93 2005 2773 432 108 712 2138 196 1536 67 59 273 567 1028 13086 157 399 356 91 81 749 1613
internal_value=0 1.46345e-05 1.14969e-05 1.85776e-05 1.3745e-05 -5.62646e-05 -1.47708e-05 3.45116e-05 0.00020713 -2.48925e-05 -4.61598e-05 4.94939e-05 6.98692e-05 0 -4.29544e-05 -1.69641e-05 -4.86584e-05 -2.28262e-05 -2.65644e-05 -9.14484e-05 0 8.18908e-05 1.91252e-05 5.68999e-05 7.94711e-05 1.23162e-05 1.94955e-05 0.000140811 2.37023e-05 -1.81332e-05
internal_weight=47808 35716 33882 26838 23350 1600 7044 1116 167 5928 3211 3488 1834 2717 12092 2334 9758 3548 3481 332 949 1460 21750 1726 993 513 733 480 2028 3149
internal_count=47808 35716 33882 26838 23350 1600 7044 1116 167 5928 3211 3488 1834 2717 12092 2334 9758 3548 3481 332 949 1460 21750 1726 993 513 733 480 2028 3149
is_linear=0
shrinkage=0.05


Tree=150
num_leaves=31
num_cat=0
split_feature=1 8 1 8 1 5 9 11 5 11 9 9 8 9 11 11 4 5 8 10 5 11 11 9 1 10 9 9 1 8
split_gain=0.00378272 0.00214577 0.00219823 0.00567913 0.00560965 0.00366056 0.00326117 0.00249933 0.00174232 0.00094983 0.0048078 0.000930533 0.000806474 0.000770558 0.00072255 0.000684021 0.000612687 0.000521994 0.00046335 0.000399117 0.000336215 0.000305977 0.000303065 0.000252833 0.000205636 0.00019885 0.000118761 6.12892e-05 2.53675e-05 2.17124e-05
threshold=0.91666665673255932 0.15504807978868487 1.0000000180025095e-35 0.030776515603065494 0.21111111342906955 0.62099999189376842 6.7300000190734872 0.79150000214576732 0.99950000643730175 4.1004998683929452 1.0000000180025095e-35 4.3424999713897714 0.059714796021580703 7.550499916076661 4.1004998683929452 0.62350001931190502 1.5000000000000002 0.99450001120567333 0.097167581319808974 7.8960001468658456 0.99450001120567333 0.34549999237060552 6.7994999885559091 7.7005000114440927 0.18333333730697635 7.5404999256134042 7.7650001049041757 9.3874998092651385 0.6904762089252473 0.31860901415348059
decision_type=2 2 2 2 2 2 2 2 2 2 2 2 2 2 2 2 2 2 2 2 2 2 2 2 2 2 2 2 2 2
left_child=1 2 3 9 12 7 -7 -6 11 13 -11 14 20 -1 25 -3 29 27 22 26 -4 -14 -16 -18 -17 -2 -5 -13 -26 -10
right_child=8 15 4 19 5 6 -8 -9 16 10 -12 17 21 -15 18 24 23 -19 -20 -21 -22 -23 -24 -25 28 -27 -28 -29 -30 -31
leaf_value=3.2959150814992099e-08 -0.00013588834366782632 0 -0.00014689079753940068 -0.00024067656634366912 -0.00019155125483507823 -2.8218173278450057e-06 9.0605073331875258e-05 -3.0802385591440031e-05 0 1.6216384639420153e-05 0.0003466237809002267 0.00013481028357856896 -0.00015041429791090046 8.5832257834783581e-05 0.00010142110634776372 0 -0.00018429521724089398 0 0.00022696571461545048 0 0 0 0 0 0.00014992755506724103 0 0 0.00039016848208803782 0 3.989761458967844e-05
leaf_weight=30759 53 173 1015 260 275 3335 1249 4113 84 3699 116 660 48 265 139 48 75 131 53 41 51 299 370 30 323 26 23 26 35 34
leaf_count=30759 53 173 1015 260 275 3335 1249 4113 84 3699 116 660 48 265 139 48 75 131 53 41 51 299 370 30 323 26 23 26 35 34
internal_value=0 -2.60588e-06 -3.92723e-06 1.91076e-06 -2.41756e-05 -8.98622e-06 2.15449e-05 -4.20202e-05 7.37498e-05 3.98968e-06 2.75823e-05 9.48304e-05 -0.000117077 9.27277e-07 3.80291e-05 9.26888e-05 -4.16466e-05 0.000133266 6.32701e-05 -0.000206136 -0.000140557 -3.0519e-05 3.63626e-05 -0.000135113 0.000128304 -7.81746e-05 -0.000228408 0.000151832 0.000141789 0
internal_weight=47808 46127 45548 35163 10385 8972 4584 4388 1681 34839 3815 1458 1413 31024 641 579 223 817 562 324 1066 347 509 105 406 79 283 686 358 118
internal_count=47808 46127 45548 35163 10385 8972 4584 4388 1681 34839 3815 1458 1413 31024 641 579 223 817 562 324 1066 347 509 105 406 79 283 686 358 118
is_linear=0
shrinkage=0.05


Tree=151
num_leaves=31
num_cat=0
split_feature=0 8 1 1 2 8 1 10 9 9 10 8 8 0 12 0 9 3 1 3 3 3 9 12 1 8 3 12 9 10
split_gain=0.0109744 0.00242372 0.002293 0.00496029 0.00562586 0.00457897 0.00398479 0.00335589 0.00205516 0.00101651 0.000947431 0.000733372 0.000729905 0.000646456 0.000580349 0.00105916 0.000370194 0.000361011 0.000357807 0.000350016 0.000416272 0.00135066 0.0002893 0.000215847 0.00021424 0.000209646 0.000147826 0.00010782 8.71791e-05 0.000128564
threshold=0.5286499857902528 0.21583850681781772 1.0000000180025095e-35 0.30952382087707525 1.5000000000000002 0.037749288603663451 0.53571429848670971 6.7400000095367441 4.6909999847412118 6.6519999504089364 6.6345000267028817 0.48076923191547399 0.032795699313282974 0.61194998025894176 0.35348731279373174 0.49175000190734869 7.6864998340606698 37.500000000000007 0.18333333730697635 50.500000000000007 49.500000000000007 34.500000000000007 6.3910000324249276 0.84052205085754406 0.30952382087707525 0.079473681747913374 49.500000000000007 0.60409677028656017 6.798499822616578 7.7249999046325692
decision_type=2 2 2 2 2 2 2 2 2 2 2 2 2 2 2 2 2 2 2 2 2 2 2 2 2 2 2 2 2 2
left_child=12 2 5 9 8 7 -6 13 -5 10 -4 22 14 -2 15 24 25 -9 -11 20 21 -16 -3 -22 26 -7 -1 -21 -24 -30
right_child=1 11 3 4 6 16 -8 17 -10 18 -12 -13 -14 -15 19 -17 -18 -19 -20 27 23 -23 28 -25 -26 -27 -28 -29 29 -31
leaf_value=-5.8805571624874771e-05 1.3954142638841096e-05 0.00018780988452280856 -0.00013534068663856785 3.4986166891375252e-05 -5.3706927626302727e-05 -0.00023937538147692698 2.3312064727937203e-05 0.00013817692602890162 0.00014158617629790105 -9.8062440057979094e-05 -5.2911070322441496e-05 0.00051672748325911548 -0.0002568015652308932 3.5368840484004142e-05 -3.9732254746572978e-06 -2.4107870644919097e-06 0 5.5051084436510123e-05 8.4027270059646643e-06 0 -1.541734804821279e-05 -0.00014036495888686065 0 3.9836368528786253e-05 0 -6.3286124227620856e-05 -3.3759752390875921e-06 -0.00010106394347409475 7.8269450763117918e-05 0
leaf_weight=6845 18050 121 658 1228 2965 169 3783 667 914 89 1573 20 49 5028 1553 1274 25 491 534 50 115 221 48 499 46 127 319 172 146 29
leaf_count=6845 18050 121 658 1228 2965 169 3783 667 914 89 1573 20 49 5028 1553 1274 25 491 534 50 115 221 48 499 46 127 319 172 146 29
internal_value=0 1.33027e-05 1.18648e-05 -5.9788e-06 1.19612e-05 2.06019e-05 -9.78861e-06 2.3268e-05 8.28115e-05 -6.36108e-05 -7.94685e-05 0.000142922 -4.33576e-05 1.88365e-05 -4.19619e-05 -4.87089e-05 -0.000165066 0.000107256 0 -1.81137e-05 -1.00907e-05 -2.37898e-05 0.000106514 2.13447e-05 -5.61961e-05 -0.000180757 -5.70354e-05 -8.18589e-05 3.99275e-05 5.72357e-05
internal_weight=47808 36665 36301 11744 8890 24557 6748 24236 2142 2854 2231 364 11143 23078 11094 8484 321 1158 623 2610 2388 1774 344 614 7210 296 7164 222 223 175
internal_count=47808 36665 36301 11744 8890 24557 6748 24236 2142 2854 2231 364 11143 23078 11094 8484 321 1158 623 2610 2388 1774 344 614 7210 296 7164 222 223 175
is_linear=0
shrinkage=0.05


Tree=152
num_leaves=31
num_cat=0
split_feature=0 0 3 10 10 0 3 3 3 11 11 11 11 3 10 5 2 5 1 3 11 5 0 1 12 5 11 3 3 3
split_gain=0.0100088 0.0021541 0.0021928 0.00129436 0.00126481 0.00108493 0.00104491 0.00303593 0.00247686 0.000950404 0.00134944 0.000788638 0.00120251 0.00071741 0.00120512 0.000797292 0.000567392 0.00242874 0.00124856 0.000480834 0.000851557 0.000684609 0.000442469 0.0014403 0.00108006 0.000523792 0.000392315 0.000340304 0.00217519 0.000415786
threshold=0.53665000200271618 0.64305001497268688 10.500000000000002 7.7760000228881845 8.2065000534057635 0.71889999508857738 49.500000000000007 41.500000000000007 50.500000000000007 1.8345000147819521 7.7760000228881845 8.2065000534057635 3.344500064849854 24.500000000000004 6.5475001335144052 0.99950000643730175 1.5000000000000002 0.86599999666214 0.46428571641445165 49.500000000000007 3.8990000486373906 1.0000000180025095e-35 1.0000000180025095e-35 0.15476191043853763 0.093339141458272948 0.67049998044967662 1.6574999690055849 49.500000000000007 34.500000000000007 50.500000000000007
decision_type=2 2 2 2 2 2 2 2 2 2 2 2 2 2 2 2 2 2 2 2 2 2 2 2 2 2 2 2 2 2
left_child=22 2 3 16 6 13 7 -4 -8 -5 -11 12 -6 14 26 -16 18 -18 -2 20 -15 -21 24 -24 -1 27 -3 28 -26 -29
right_child=1 5 4 9 11 -7 8 -9 -10 10 -12 -13 -14 19 15 -17 17 -19 -20 21 -22 -23 23 -25 25 -27 -28 29 -30 -31
leaf_value=-5.6484699582382364e-05 1.4027044943360231e-05 4.0247789137721026e-05 -2.6724599352197559e-05 0 2.3560423087998407e-05 0.00021676697649499881 4.5802083569777895e-05 -0.00020410123948061128 -7.6486430466356367e-05 0.00016488215725198296 0 -1.6840183641283551e-05 0.00023105875009862562 0 0.00012462849429164321 0 -6.9001720240112165e-05 3.3506856709708878e-05 0.00012756989887478646 8.2532720080878593e-05 -0.00014175106459939259 -3.7238934026112101e-05 -1.8035597317944601e-06 -0.00012996421495224303 -1.4788871590428721e-05 4.3597253065280682e-05 -1.2796467328997214e-05 1.7723036029746887e-05 -0.0001873669741778404 -6.033010245182119e-05
leaf_weight=6493 21875 1855 3476 342 392 108 1239 274 616 404 245 242 112 310 750 65 1011 1296 257 329 131 120 2232 255 1686 259 267 724 220 223
leaf_count=6493 21875 1855 3476 342 392 108 1239 274 616 404 245 242 112 310 750 65 1011 1296 257 329 131 120 2232 255 1686 259 267 724 220 223
internal_value=0 1.33932e-05 8.87926e-06 1.55462e-05 -1.70283e-05 4.85783e-05 -2.57286e-05 -4.10233e-05 2.49586e-06 7.26866e-05 0.000108294 4.16335e-05 7.96265e-05 4.252e-05 5.4465e-05 0.00010885 1.30243e-05 -9.24945e-06 1.5572e-05 0 -3.38475e-05 3.93879e-05 -3.9236e-05 -1.69593e-05 -4.44833e-05 -1.78353e-05 3.12171e-05 -2.51661e-05 -3.73406e-05 0
internal_weight=47808 35716 31781 25430 6351 3935 5605 3750 1855 991 649 746 504 3827 2937 815 24439 2307 22132 890 441 449 12092 2487 9605 3112 2122 2853 1906 947
internal_count=47808 35716 31781 25430 6351 3935 5605 3750 1855 991 649 746 504 3827 2937 815 24439 2307 22132 890 441 449 12092 2487 9605 3112 2122 2853 1906 947
is_linear=0
shrinkage=0.05


Tree=153
num_leaves=31
num_cat=0
split_feature=1 9 3 3 9 3 3 7 10 9 5 5 5 11 9 9 3 3 1 3 9 11 3 8 5 3 1 9 1 9
split_gain=0.00320502 0.00205285 0.00222899 0.00393098 0.00518263 0.00292098 0.00264023 0.00209649 0.00195043 0.00235619 0.00749533 0.00160765 0.0015992 0.00130198 0.00295183 0.00125322 0.000890177 0.000861226 0.000722979 0.000584569 0.000564567 0.000540305 0.000597258 0.000373854 0.000679173 0.000282826 0.000239867 0.000230938 0.000206682 0.000150269
threshold=0.91666665673255932 7.5030000209808358 27.500000000000004 49.500000000000007 4.7980000972747812 40.500000000000007 50.500000000000007 1.0000000180025095e-35 7.7760000228881845 1.5835000276565554 0.70649999380111705 0.73399999737739574 0.99950000643730175 7.7950000762939462 5.0025000572204599 9.5085000991821307 50.500000000000007 43.500000000000007 1.0000000180025095e-35 4.5000000000000009 7.1165001392364511 0.086500000208616271 47.500000000000007 0.031754031777381904 0.99450001120567333 49.500000000000007 0.13392857462167743 7.7005000114440927 1.0000000180025095e-35 4.9215002059936532
decision_type=2 2 2 2 2 2 2 2 2 2 2 2 2 2 2 2 2 2 2 2 2 2 2 2 2 2 2 2 2 2
left_child=1 2 8 4 5 -4 7 -5 9 18 -11 15 16 14 -10 26 20 -6 -1 -14 23 -13 -23 25 -25 -2 -3 -21 -8 -18
right_child=12 11 3 6 17 -7 28 -9 13 10 -12 21 19 -15 -16 -17 29 -19 -20 27 -22 22 -24 24 -26 -27 -28 -29 -30 -31
leaf_value=3.308049451730764e-06 2.1533797450206271e-05 0 -0.00010484228746338949 0.00012187015607146301 1.8849464389062102e-05 -0.00031871643211526656 -1.4747701600552569e-05 0 0.00017874808132893323 -0.00014525364325658651 1.2273945563383052e-06 0 2.7598564874672224e-06 -1.4640577375237624e-06 1.8346160380615801e-05 7.6344335157883054e-05 -0.00012308621357127008 -9.5642116875141174e-05 -2.963362301760562e-05 -0.00017137746768523763 0.00021176722858830016 0.00018891415673300352 0 0.00014800550085846854 0 0.00012942491280713804 -6.940459021715331e-05 0 -8.6500248876335869e-05 0
leaf_weight=31512 612 133 617 464 670 292 335 1828 465 1179 3116 43 106 752 974 454 30 210 1743 83 156 315 36 412 80 115 267 34 722 53
leaf_count=31512 612 133 617 464 670 292 335 1828 465 1179 3116 43 106 752 974 454 30 210 1743 83 156 315 36 412 80 115 267 34 722 53
internal_value=0 -2.39448e-06 -4.25769e-06 -3.52528e-05 -9.51644e-05 -0.000179073 -1.75383e-06 2.68444e-05 -1.24533e-07 -2.92555e-06 -3.78207e-05 6.0597e-05 6.78892e-05 4.55961e-05 7.36618e-05 1.53253e-05 8.82018e-05 -2.79898e-06 1.43104e-06 -4.24859e-05 9.90408e-05 0.000146008 0.000166663 8.04972e-05 0.000122041 4.54926e-05 -4.14361e-05 -0.000126144 -6.84928e-05 -3.10947e-05
internal_weight=47808 46127 44879 5138 1789 909 3349 2292 39741 37550 4295 1248 1681 2191 1439 854 1458 880 33255 223 1375 394 351 1219 492 727 400 117 1057 83
internal_count=47808 46127 44879 5138 1789 909 3349 2292 39741 37550 4295 1248 1681 2191 1439 854 1458 880 33255 223 1375 394 351 1219 492 727 400 117 1057 83
is_linear=0
shrinkage=0.05


Tree=154
num_leaves=31
num_cat=0
split_feature=0 9 8 3 3 9 10 3 9 0 1 0 11 1 0 9 9 3 3 9 9 3 8 5 9 1 1 12 5 5
split_gain=0.00904245 0.00236303 0.00222273 0.00210985 0.00223857 0.00325791 0.00183214 0.00182708 0.00170972 0.00149775 0.00129742 0.00235919 0.00110927 0.000842617 0.000791508 0.000597936 0.000483141 0.000452331 0.00117582 0.000355051 0.000416541 0.000342629 0.000297396 0.000290601 0.00025117 0.000241693 0.000216413 0.000193492 0.000166608 0.00014024
threshold=0.55474999547004711 9.0355000495910662 0.31860901415348059 27.500000000000004 49.500000000000007 4.5759999752044687 8.0099999904632586 50.500000000000007 6.1024999618530282 0.63015002012252819 1.0000000180025095e-35 0.49795000255107885 1.278500020503998 0.21111111342906955 0.52015000581741344 4.3005001544952401 3.9584999084472661 18.500000000000004 49.500000000000007 7.053499937057496 1.1000000238418581 15.500000000000002 0.089572194963693633 0.62099999189376842 5.8894999027252206 0.61250001192092907 0.46428571641445165 0.043636940419673927 0.96849998831748974 1.0000000180025095e-35
decision_type=2 2 2 2 2 2 2 2 2 2 2 2 2 2 2 2 2 2 2 2 2 2 2 2 2 2 2 2 2 2
left_child=10 2 3 6 5 -5 9 -6 -8 -2 11 12 23 22 15 26 27 24 -19 20 -16 -17 -12 -1 -14 -3 -15 -13 -4 -18
right_child=1 25 28 4 7 -7 8 -9 -10 -11 13 16 17 14 19 21 29 18 -20 -21 -22 -23 -24 -25 -26 -27 -28 -29 -30 -31
leaf_value=-5.4374370389426688e-05 8.7787618208731712e-06 8.8009558607808166e-05 0.00051164185932850664 -0.00016321485401655459 4.0591509351645793e-05 -6.1230962802336108e-06 0.00013051910567960109 -5.1297063850041011e-05 0 4.0276051928253708e-05 -0.0002033293829439079 1.0705274029563257e-06 0 -8.0483346225688888e-05 -2.4214870707179407e-05 0.00020528379821439883 0 -8.5562558555470043e-05 0 0 -0.00014858924378219229 0 0 0 7.5328772198467422e-05 0.00025647950643209954 0 6.4321215735594207e-05 0.00011944217417017855 -0.00015361928620276228
leaf_weight=6463 22064 300 21 577 1555 939 684 807 451 4767 198 4599 1173 127 233 49 21 621 1023 117 301 59 22 104 118 88 44 133 87 63
leaf_count=6463 22064 300 21 577 1555 939 684 807 451 4767 198 4599 1173 127 233 49 21 621 1023 117 301 59 22 104 118 88 44 133 87 63
internal_value=0 1.51269e-05 1.34638e-05 1.25298e-05 -2.14588e-05 -6.92181e-05 1.74218e-05 7.07929e-06 8.063e-05 1.45613e-05 -3.13537e-05 -2.67333e-05 -4.11982e-05 -8.45248e-05 -5.56152e-05 0 7.68168e-07 -1.32961e-05 -3.12687e-05 -8.63571e-05 -0.000103697 0.000105911 -0.000183936 -5.29067e-05 5.71875e-06 0.000139159 -4.06168e-05 3.90622e-06 0.000242359 -0.00011635
internal_weight=47808 32340 31952 31844 3878 1516 27966 2362 1135 26831 15468 14318 9502 1150 930 279 4816 2935 1644 651 534 108 220 6567 1291 388 171 4732 108 84
internal_count=47808 32340 31952 31844 3878 1516 27966 2362 1135 26831 15468 14318 9502 1150 930 279 4816 2935 1644 651 534 108 220 6567 1291 388 171 4732 108 84
is_linear=0
shrinkage=0.05


Tree=155
num_leaves=31
num_cat=0
split_feature=0 9 8 1 5 11 8 9 11 1 0 5 11 1 0 9 9 9 8 3 3 9 9 3 8 9 1 1 9 11
split_gain=0.00818857 0.00210391 0.00198461 0.00189342 0.00423073 0.00408819 0.00361193 0.00332904 0.00293373 0.0012127 0.00226767 0.00115358 0.000997821 0.000786865 0.000676118 0.000570447 0.000540262 0.000482416 0.000449857 0.000412716 0.00150056 0.000324804 0.000305018 0.00030377 0.000302689 0.000235851 0.000208538 0.000200324 0.000182438 0.000169937
threshold=0.55645000934600841 9.0355000495910662 0.19460027664899829 1.0000000180025095e-35 0.62099999189376842 3.344500064849854 0.030776515603065494 4.5759999752044687 4.1004998683929452 1.0000000180025095e-35 0.49795000255107885 0.99450001120567333 1.3125000000000002 0.21111111342906955 0.52015000581741344 3.9584999084472661 4.3005001544952401 7.1695001125335702 0.35599078238010412 23.500000000000004 49.500000000000007 1.1000000238418581 7.2764999866485605 15.500000000000002 0.089572194963693633 6.798499822616578 0.58571431040763866 0.46428571641445165 5.5989999771118173 4.1004998683929452
decision_type=2 2 2 2 2 2 2 2 2 2 2 2 2 2 2 2 2 2 2 2 2 2 2 2 2 2 2 2 2 2
left_child=9 2 3 6 5 -5 8 -6 -2 10 12 22 25 24 16 29 27 21 -13 28 -21 -16 -4 -18 -11 -1 -3 -15 -14 -12
right_child=1 26 11 4 7 -7 -8 -9 -10 13 15 18 19 14 17 -17 23 -19 -20 20 -22 -23 -24 -25 -26 -27 -28 -29 -30 -31
leaf_value=-5.1705728834542625e-05 1.807915322528767e-05 7.9639437356216185e-05 0.00021616897017288553 -0.00012411711383115138 -7.237011331581375e-05 -1.3325496525349343e-05 -0.00015625267546267687 3.8832810345634402e-05 0.00010146143054775249 -0.00019008884799101176 1.508872635212338e-06 -6.9676401155786073e-06 0 -7.646234632334339e-05 -2.4539342693786044e-05 -0.00012350286451237998 0.00019504051420981324 0 0.00013982348657053256 -0.00010813805132783367 0 -0.00013027909356415972 0 0 0 0 0.00023548094944439348 0 6.0576020441137014e-05 5.7598986741640429e-05
leaf_weight=6423 18986 289 213 1125 753 3738 278 4960 1154 212 4972 158 1324 127 262 88 49 116 58 446 1020 371 20 59 25 160 98 44 129 151
leaf_count=6423 18986 289 213 1125 753 3738 278 4960 1154 212 4972 158 1324 127 262 88 49 116 58 446 1020 371 20 59 25 160 98 44 129 151
internal_value=2.74944e-10 1.47658e-05 1.31626e-05 1.14716e-05 -5.32744e-06 -3.99861e-05 2.04179e-05 2.32996e-05 2.31056e-05 -2.91013e-05 -2.45605e-05 0.000118725 -3.91162e-05 -7.79557e-05 -5.17003e-05 1.02183e-06 0 -7.69732e-05 9.35752e-06 -1.24307e-05 -3.16134e-05 -9.44216e-05 0.000198616 0.000101258 -0.000170682 -5.0189e-05 0.00013207 -3.76298e-05 3.48343e-06 4.13919e-06
internal_weight=47808 31830 31443 30994 10576 4863 20418 5713 20140 15978 14713 449 9502 1265 1028 5211 279 749 216 2919 1466 633 233 108 237 6583 387 171 1453 5123
internal_count=47808 31830 31443 30994 10576 4863 20418 5713 20140 15978 14713 449 9502 1265 1028 5211 279 749 216 2919 1466 633 233 108 237 6583 387 171 1453 5123
is_linear=0
shrinkage=0.05


Tree=156
num_leaves=31
num_cat=0
split_feature=0 9 8 3 3 9 10 3 9 0 9 0 9 12 10 1 5 3 3 3 5 2 10 1 10 8 3 3 8 9
split_gain=0.00740584 0.00190762 0.00185417 0.00181778 0.00247562 0.00273432 0.00165065 0.00159736 0.00154356 0.00128251 0.0033023 0.00120872 0.000922959 0.000840596 0.000533474 0.000802744 0.000455376 0.000265688 0.000408948 0.000245512 0.000216205 0.000153096 0.000146254 0.000143669 0.000110546 9.26108e-05 7.94532e-05 8.74117e-05 7.57179e-05 6.29767e-05
threshold=0.5627499818801881 9.0355000495910662 0.31860901415348059 31.500000000000004 49.500000000000007 3.804999947547913 8.0099999904632586 50.500000000000007 6.1695001125335702 1.0000000180025095e-35 2.0785000324249272 0.63015002012252819 6.8025000095367441 0.093339141458272948 7.3824999332427987 0.91666665673255932 0.67049998044967662 3.5000000000000004 49.500000000000007 46.500000000000007 0.62099999189376842 1.5000000000000002 6.1519999504089364 0.61250001192092907 7.4024999141693124 0.061553031206130988 5.5000000000000009 26.500000000000004 0.18350168317556384 1.0000000180025095e-35
decision_type=2 2 2 2 2 2 2 2 2 2 2 2 2 2 2 2 2 2 2 2 2 2 2 2 2 2 2 2 2 2
left_child=9 2 3 6 5 -5 11 -6 -8 13 21 -2 14 -1 15 -12 17 -15 -19 22 24 29 -18 26 -14 -23 -3 -28 -16 -11
right_child=1 23 -4 4 7 -7 8 -9 -10 10 12 -13 20 16 28 -17 19 18 -20 -21 -22 25 -24 -25 -26 -27 27 -29 -30 -31
leaf_value=-4.8684557808352057e-05 8.5804251321674755e-06 0.00015147094356183824 0.00022818958246464358 -0.00019659771376452696 3.9546743850803738e-05 -2.0939127048268282e-05 0.00012094178145091221 -4.7574983382735569e-05 0 1.6045445880821885e-06 -0.00021766875700054362 3.7046619866428989e-05 -0.00010966716963471343 1.1286419341360613e-05 -6.5380076616156535e-05 0 0 -4.3216463686911459e-05 0 0 0 -6.1882428711219019e-05 8.6773358038839249e-05 0.00023363118624834865 0 0 0 7.7009330404848887e-05 0 9.6309033094497563e-05
leaf_weight=6493 20143 82 103 364 1485 771 731 789 455 7001 290 4843 74 331 256 30 20 1575 947 45 217 149 194 87 48 39 144 62 20 20
leaf_count=6493 20143 82 103 364 1485 771 731 789 455 7001 290 4843 74 331 256 30 20 1575 947 45 217 149 194 87 48 39 144 62 20 20
internal_value=0 1.52241e-05 1.36195e-05 1.27026e-05 -2.09844e-05 -8.16909e-05 1.72816e-05 7.11906e-06 7.59108e-05 -2.5507e-05 -1.00624e-05 1.42982e-05 -9.85221e-05 -3.80815e-05 -0.000137742 -0.000191493 -1.43515e-05 -2.1324e-05 -2.75867e-05 4.31348e-05 -1.48038e-05 7.18374e-07 7.15435e-05 0.000128874 -7.09608e-05 -4.24804e-05 7.98031e-05 2.69554e-05 -5.72653e-05 2.58783e-06
internal_weight=47808 30059 29684 29581 3409 1135 26172 2274 1186 17749 8144 24986 935 9605 596 320 3112 2853 2522 259 339 7209 214 375 122 188 288 206 276 7021
internal_count=47808 30059 29684 29581 3409 1135 26172 2274 1186 17749 8144 24986 935 9605 596 320 3112 2853 2522 259 339 7209 214 375 122 188 288 206 276 7021
is_linear=0
shrinkage=0.05


Tree=157
num_leaves=31
num_cat=0
split_feature=0 0 9 2 1 1 1 5 5 5 1 1 0 11 1 3 3 0 1 1 9 10 10 0 9 9 1 10 3 3
split_gain=0.0067353 0.00184528 0.00155687 0.00195282 0.00346119 0.0043856 0.00326457 0.00201144 0.00190537 0.00137911 0.000619127 0.000417007 0.000906681 0.000843374 0.000749649 0.000380601 0.00131605 0.000280358 0.000236833 0.000213402 0.000199463 0.000190771 0.000198571 0.000169218 0.000162033 0.000149289 9.93694e-05 8.07034e-05 6.85694e-05 1.81238e-05
threshold=0.5400499999523164 0.68854999542236339 9.0355000495910662 1.5000000000000002 0.30952382087707525 1.0000000180025095e-35 0.46428571641445165 0.55149999260902416 0.90999999642372142 0.62099999189376842 0.46428571641445165 0.13392857462167743 0.49795000255107885 1.3125000000000002 0.91666665673255932 23.500000000000004 49.500000000000007 0.56755000352859508 0.21111111342906955 0.21111111342906955 6.798499822616578 7.1684999465942392 7.4969999790191659 0.52364999055862438 5.5989999771118173 3.4229999780654912 0.58571431040763866 7.2504999637603769 5.5000000000000009 34.500000000000007
decision_type=2 2 2 2 2 2 2 2 2 2 2 2 2 2 2 2 2 2 2 2 2 2 2 2 2 2 2 2 2 2
left_child=11 2 3 4 5 -2 9 -6 -8 -5 19 12 13 20 18 24 -17 -4 -13 -3 -1 -20 -23 -16 -15 -14 28 -21 -19 -29
right_child=1 10 17 6 7 -7 8 -9 -10 -11 -12 14 25 15 23 16 -18 26 21 27 -22 22 -24 -25 -26 -27 -28 29 -30 -31
leaf_value=-4.6853075490020512e-05 1.6393257509949667e-05 6.7064318903137831e-05 0 -0.00016117960075552132 3.4338396067607085e-05 -5.1642039797232382e-05 -2.5722800222788551e-05 0.00014741807410193104 3.3838989102940655e-05 -3.8494863930793035e-05 0.00017293141405398506 -0.0001674536245839646 1.2697358557067118e-06 0 0.000175559068004837 -0.00010084358528382561 0 0.00013978362018973563 0 -7.691990993039606e-05 0 -9.4670600715401454e-05 0 0 5.8201425918824299e-05 -8.3418317105947871e-05 0.00021327038659678605 2.9211037312901753e-05 1.8501493286368141e-05 0
leaf_weight=6423 23103 207 36 466 1218 2614 2985 724 2435 749 234 159 2307 1324 20 446 1020 75 81 34 160 289 127 30 129 53 95 53 191 21
leaf_count=6423 23103 207 36 466 1218 2614 2985 724 2435 749 234 159 2307 1324 20 446 1020 75 81 34 160 289 127 30 129 53 95 53 191 21
internal_value=1.08996e-08 1.13229e-05 9.72407e-06 8.42607e-06 1.43646e-05 9.28322e-06 -1.55757e-05 7.90758e-05 1.13686e-07 -8.96735e-05 0.000103226 -3.13093e-05 -2.83792e-05 -3.52697e-05 -7.34491e-05 -1.05872e-05 -2.91581e-05 0.000109227 -9.1449e-05 3.55379e-05 -4.54545e-05 -5.70464e-05 -7.09505e-05 6.26204e-05 4.70966e-06 0 0.000122723 0 7.15272e-05 0
internal_weight=47808 35240 34691 34294 27659 25717 6635 1942 5420 1215 549 12568 11862 9502 706 2919 1466 397 656 315 6583 497 416 50 1453 2360 361 108 266 74
internal_count=47808 35240 34691 34294 27659 25717 6635 1942 5420 1215 549 12568 11862 9502 706 2919 1466 397 656 315 6583 497 416 50 1453 2360 361 108 266 74
is_linear=0
shrinkage=0.05


Tree=158
num_leaves=31
num_cat=0
split_feature=9 3 10 7 3 3 5 11 9 9 9 5 9 11 3 2 11 11 3 2 9 9 9 12 10 3 3 10 11 5
split_gain=0.00234345 0.0017314 0.00114296 0.00112955 0.0022402 0.00174383 0.00148429 0.00354027 0.00245831 0.00111275 0.00314655 0.00100096 0.00116069 0.00045291 0.000404574 0.000370782 0.000350256 0.000262373 0.000197662 0.000166223 0.000637574 0.000196301 0.000187385 0.000177479 0.00015277 0.000135932 0.000126763 0.000121491 0.000102825 7.5683e-05
threshold=7.5030000209808358 50.500000000000007 8.2065000534057635 1.0000000180025095e-35 49.500000000000007 43.500000000000007 0.62099999189376842 4.1004998683929452 4.5025000572204599 1.0000000180025095e-35 5.0025000572204599 0.70649999380111705 9.5085000991821307 0.086500000208616271 47.500000000000007 1.5000000000000002 2.1265000104904179 3.4685000181198125 31.500000000000004 1.0000000180025095e-35 5.5989999771118173 2.4654999971389775 6.0385000705719003 0.99705880880355846 8.5649995803833026 49.500000000000007 9.5000000000000018 8.231999874114992 0.75650000572204601 0.73399999737739574
decision_type=2 2 2 2 2 2 2 2 2 2 2 2 2 2 2 2 2 2 2 2 2 2 2 2 2 2 2 2 2 2
left_child=1 2 3 4 5 -1 7 -5 -8 24 18 12 28 -13 -15 -6 -12 -14 -11 21 27 23 -22 -3 25 -4 -19 -21 -2 -24
right_child=11 19 9 6 15 -7 8 -9 -10 10 16 13 17 14 -16 -17 -18 26 -20 20 22 -23 29 -25 -26 -27 -28 -29 -30 -31
leaf_value=2.0998383223845852e-06 -5.8353807663598025e-05 4.3583381087397701e-05 -7.4229644822510237e-06 -0.00012110548445457231 0.00013524543572789621 -0.00019514475177363809 -8.1665254178460667e-05 -1.4724730904220763e-05 2.0517329538647174e-05 0.00030754325379668605 -4.9810509935847103e-06 0 0.00010100788202863456 0.00015046194117183877 0 0 6.4545871955695079e-05 6.24371137426272e-05 0 -0.00013927176983793082 3.9483982038846782e-06 -6.963906534782813e-05 -0.00012093504973766957 -4.6531483335816058e-05 -8.0363834562047402e-05 4.2103938228788633e-05 -4.4700566184531105e-05 0 0 -7.6570290431847101e-06
leaf_weight=32249 168 157 313 950 369 112 681 5464 4071 145 309 54 369 434 39 46 246 55 41 340 124 111 54 67 59 182 51 50 263 235
leaf_count=32249 168 157 313 950 369 112 681 5464 4071 145 309 54 369 434 39 46 246 55 41 340 124 111 54 67 59 182 51 50 263 235
internal_value=2.01479e-08 -1.82115e-06 -1.77813e-07 -1.65221e-06 2.89883e-06 1.26208e-06 -1.54587e-05 -3.12623e-05 4.82016e-06 4.5987e-05 8.631e-05 6.30934e-05 2.40355e-05 0.000120737 0.000136509 0.000118454 1.6835e-05 8.09053e-05 0.000266627 -6.27468e-05 -7.76989e-05 -1.19732e-05 -1.90093e-05 0 0 6.92783e-07 0 -0.000127012 -2.70461e-05 -4.61527e-05
internal_weight=47808 46375 45237 43942 32776 32361 11166 6414 4752 1295 741 1433 906 527 473 415 555 475 186 1138 803 335 413 224 554 495 106 390 431 289
internal_count=47808 46375 45237 43942 32776 32361 11166 6414 4752 1295 741 1433 906 527 473 415 555 475 186 1138 803 335 413 224 554 495 106 390 431 289
is_linear=0
shrinkage=0.05


Tree=159
num_leaves=31
num_cat=0
split_feature=0 8 11 10 11 9 9 10 5 1 0 1 11 3 3 0 9 8 11 11 1 3 3 3 0 8 11 9 3 1
split_gain=0.0062204 0.00169848 0.00137721 0.00202327 0.00191736 0.00181102 0.00613802 0.0017749 0.00123237 0.00113852 0.00204049 0.00103454 0.000745458 0.000666204 0.00192586 0.000656595 0.000656224 0.000645501 0.000512275 0.000468724 0.000433497 0.000428544 0.000364317 0.00148771 0.000362993 0.000350433 0.000348071 0.000310702 0.000259487 0.000257281
threshold=0.56334999203681957 0.16172623634338382 7.8635001182556161 7.7760000228881845 3.344500064849854 1.5835000276565554 4.5025000572204599 8.1755003929138201 0.98350000381469738 1.0000000180025095e-35 0.49795000255107885 0.21111111342906955 1.278500020503998 49.500000000000007 36.500000000000007 0.6545500159263612 6.8434998989105233 0.023532669059932235 4.1004998683929452 0.26449999213218695 0.81666666269302379 38.500000000000007 27.500000000000004 49.500000000000007 0.57005000114440929 0.35599078238010412 1.3395000100135805 7.9030001163482675 50.500000000000007 0.18333333730697635
decision_type=2 2 2 2 2 2 2 2 2 2 2 2 2 2 2 2 2 2 2 2 2 2 2 2 2 2 2 2 2 2
left_child=9 2 3 5 21 15 -7 -6 19 10 12 -11 -1 14 -4 -2 20 18 -12 -3 -13 -5 -14 -24 -21 26 27 -10 -15 -26
right_child=1 8 13 4 7 6 -8 -9 25 11 17 16 22 28 -16 -17 -18 -19 -20 24 -22 -23 23 -25 29 -27 -28 -29 -30 -31
leaf_value=-4.3246950220270645e-05 1.400267825723765e-05 0 -1.832611458718831e-05 4.0911526242243265e-05 6.7484059692358634e-05 -0.00014686075859096192 5.3762313420782496e-06 0.0002773844334064039 -7.8278815413760139e-05 -0.00015863223209598633 9.5157076933632669e-07 -7.07855800349721e-05 3.3450190845137568e-06 2.0271960195289967e-05 -0.00024839456774878454 5.1017837144133463e-05 1.3012369041900624e-05 -0.00015819930754823962 9.034075240581794e-05 0 0 -1.3012255634749002e-05 -0.0001199974824576771 0 0 0.00012627987069244423 9.3340523066433236e-05 1.4972580382197859e-05 -9.5133847184653551e-05 0.00021214899065543928
leaf_weight=6567 19057 27 478 1417 460 765 4561 182 192 278 6467 1018 1570 365 134 1418 289 61 169 24 118 330 342 1023 40 56 53 32 55 260
leaf_count=6567 19057 27 478 1417 460 765 4561 182 192 278 6467 1018 1570 365 134 1418 289 61 169 24 118 330 342 1023 40 56 53 32 55 260
internal_value=0 1.40551e-05 1.2035e-05 1.42461e-05 5.87006e-05 9.9359e-06 -1.55539e-05 0.000134809 9.30369e-05 -2.32091e-05 -1.86787e-05 -6.33631e-05 -3.36076e-05 -4.35152e-05 -7.69015e-05 1.68106e-05 -4.12589e-05 1.75666e-06 3.98284e-06 0.000159962 -5.94665e-05 2.78635e-05 -1.03354e-05 -2.97322e-05 0.000177017 7.45705e-06 0 -4.2645e-05 0 0.000192002
internal_weight=47808 29906 29222 28190 2389 25801 5326 642 684 17902 16199 1703 9502 1032 612 20475 1425 6697 6636 351 1136 1747 2935 1365 324 333 277 224 420 300
internal_count=47808 29906 29222 28190 2389 25801 5326 642 684 17902 16199 1703 9502 1032 612 20475 1425 6697 6636 351 1136 1747 2935 1365 324 333 277 224 420 300
is_linear=0
shrinkage=0.05


Tree=160
num_leaves=31
num_cat=0
split_feature=0 8 9 2 1 1 1 9 0 1 0 1 2 12 9 8 8 1 9 9 9 8 9 1 9 4 9 10 1 9
split_gain=0.0056208 0.00158111 0.0014532 0.00135203 0.00349754 0.00275004 0.00378678 0.00147494 0.00139646 0.00101721 0.00184501 0.000929727 0.000725348 0.000659962 0.0006054 0.000596959 0.000588214 0.000462615 0.000454746 0.00040572 0.000283258 0.000245436 0.000194539 0.000176026 0.000113792 0.00011215 0.000241816 0.000108212 0.00010813 0.000148317
threshold=0.56334999203681957 0.17316342145204547 9.0355000495910662 1.5000000000000002 0.46428571641445165 0.30952382087707525 1.0000000180025095e-35 1.0000000180025095e-35 0.61924999952316295 1.0000000180025095e-35 0.50575000047683727 0.21111111342906955 1.5000000000000002 0.33829057216644293 5.616999864578248 0.44949495792388922 0.023532669059932235 0.30952382087707525 7.1384999752044687 6.3910000324249276 4.7014999389648446 0.089572194963693633 4.7980000972747812 0.81666666269302379 7.1695001125335702 1.0000000180025095e-35 3.4229999780654912 7.9149999618530282 0.91666665673255932 6.5640001296997079
decision_type=2 2 2 2 2 2 2 2 2 2 2 2 2 2 2 2 2 2 2 2 2 2 2 2 2 2 2 2 2 2
left_child=9 2 3 5 14 6 -2 -7 -6 10 13 21 17 -1 -5 19 25 24 23 -3 -19 -11 27 -14 -13 -12 -27 -15 29 -21
right_child=1 15 -4 4 8 7 -8 -9 -10 11 16 12 18 22 -16 -17 -18 20 -20 28 -22 -23 -24 -25 -26 26 -28 -29 -30 -31
leaf_value=-3.9009486859488927e-05 1.8028041622228295e-05 0.00013121222586766977 0.0001110366103871299 -0.00013519818748213114 -1.392630820575756e-05 1.7812506567336711e-05 -4.8903023696684849e-05 0.00011732066524288465 4.0617362874778566e-05 -0.00016780328084993571 2.136448519248574e-06 -6.8447023345565976e-05 -0.00010527599515824437 -2.1152820804839417e-05 -4.1141485547710387e-05 0.00039987217334096214 -0.00015030228878905289 0 0 0 7.725864154982349e-05 0 1.8659796880884246e-05 0 0 7.7291877459637829e-05 0 0 0 6.7722124368877365e-05
leaf_weight=7401 18931 228 373 535 2897 812 2349 995 1905 246 6249 233 500 1456 555 24 61 268 116 29 177 32 484 95 36 163 71 314 116 157
leaf_count=7401 18931 228 373 535 2897 812 2349 995 1905 246 6249 233 500 1456 555 24 61 268 116 29 177 32 484 95 36 163 71 314 116 157
internal_value=1.8757e-08 1.33875e-05 1.16143e-05 1.01617e-05 -1.07174e-05 1.57068e-05 1.04047e-05 7.53756e-05 6.67088e-06 -2.20349e-05 -1.7728e-05 -6.00632e-05 -3.88626e-05 -3.16567e-05 -9.19018e-05 9.82921e-05 2.05865e-06 0 -7.46783e-05 7.51306e-05 2.79995e-05 -0.000150703 -5.29517e-06 -9.25975e-05 -5.47822e-05 4.26578e-06 3.97464e-05 -1.4671e-05 1.62106e-05 4.33493e-05
internal_weight=47808 29906 29352 28979 5892 23087 21280 1807 4802 17902 16199 1703 1425 9655 1090 554 6544 714 711 530 445 278 2254 595 269 6483 234 1770 302 186
internal_count=47808 29906 29352 28979 5892 23087 21280 1807 4802 17902 16199 1703 1425 9655 1090 554 6544 714 711 530 445 278 2254 595 269 6483 234 1770 302 186
is_linear=0
shrinkage=0.05


Tree=161
num_leaves=31
num_cat=0
split_feature=0 0 3 3 9 3 10 5 11 11 0 2 3 10 3 2 0 11 9 10 11 3 9 9 2 9 3 3 11 5
split_gain=0.00508446 0.00160328 0.0013429 0.00231649 0.00203218 0.00165763 0.00129911 0.00119015 0.00117088 0.00252719 0.000905321 0.00145639 0.000847392 0.000843716 0.000810316 0.000793802 0.00126754 0.000660417 0.00042656 0.000411459 0.000342055 0.000314888 0.000304491 0.000290344 0.000176673 0.000175726 0.000151063 0.000148372 0.000131287 0.000124659
threshold=0.55474999547004711 0.69835001230239879 29.500000000000004 49.500000000000007 4.3005001544952401 50.500000000000007 7.7760000228881845 1.0000000180025095e-35 7.7950000762939462 2.7434999942779545 0.63015002012252819 1.5000000000000002 39.500000000000007 7.0034999847412118 44.500000000000007 1.0000000180025095e-35 0.49175000190734869 1.3125000000000002 5.5814998149871835 7.3824999332427987 6.3459999561309823 18.500000000000004 6.8025000095367441 3.9584999084472661 1.0000000180025095e-35 6.798499822616578 51.500000000000007 6.5000000000000009 4.1004998683929452 1.0000000180025095e-35
decision_type=2 2 2 2 2 2 2 2 2 2 2 2 2 2 2 2 2 2 2 2 2 2 2 2 2 2 2 2 2 2
left_child=15 2 6 4 12 7 10 -5 9 -8 11 -2 -4 -12 -6 16 17 25 -7 22 26 -22 -17 28 -10 -1 -19 -21 -18 -25
right_child=1 -3 3 5 14 18 8 -9 24 -11 13 -13 -14 -15 -16 19 23 20 -20 27 21 -23 -24 29 -26 -27 -28 -29 -30 -31
leaf_value=-4.115219567976152e-05 1.1337672508018266e-05 0.00012292412194312403 -6.6218998570262728e-05 5.0671078943972985e-05 0 -8.7713096233603258e-05 2.4169984949414992e-05 -0.00020780467433924012 2.9132961611123176e-05 0.00016139556308925916 1.9197324749512152e-05 -2.6454507887650055e-05 -0.00024550498754740091 7.9646187990301605e-05 -0.00011570747716509628 -0.00012074648080384894 0 2.8943447533635968e-05 -1.001362631615619e-06 0 0 -3.5618600193484902e-05 0 0 -2.9949046453652744e-05 0 -2.236497968319195e-05 -3.9826329252346336e-05 5.0763046621489616e-05 -0.00012666867541013841
leaf_weight=6272 18810 327 251 1552 686 357 1148 39 126 552 3565 2891 207 813 175 440 4746 673 447 152 885 1289 142 21 394 160 72 416 137 63
leaf_count=6272 18810 327 251 1552 686 357 1148 39 126 552 3565 2891 207 813 175 440 4746 673 447 152 885 1289 142 21 394 160 72 416 137 63
internal_value=1.75477e-08 1.13987e-05 1.0103e-05 -1.75765e-05 -7.12851e-05 9.91665e-06 1.39124e-05 4.118e-05 5.1226e-05 7.16758e-05 1.05441e-05 6.07251e-06 -0.000158201 3.15664e-05 -1.92318e-05 -2.34545e-05 -1.97377e-05 -3.0584e-05 -4.57282e-05 -6.53771e-05 -8.58977e-06 -1.97524e-05 -9.85665e-05 0 -6.01664e-06 -3.97879e-05 1.72719e-05 -2.2557e-05 2.26596e-06 -9.12841e-05
internal_weight=47808 32340 32013 3714 1319 2395 28299 1591 2220 1700 26079 21701 458 4378 861 15468 14318 9351 804 1150 2919 2174 582 4967 520 6432 745 568 4883 84
internal_count=47808 32340 32013 3714 1319 2395 28299 1591 2220 1700 26079 21701 458 4378 861 15468 14318 9351 804 1150 2919 2174 582 4967 520 6432 745 568 4883 84
is_linear=0
shrinkage=0.05


Tree=162
num_leaves=31
num_cat=0
split_feature=0 8 9 3 3 9 3 5 0 3 1 0 2 1 2 11 8 11 0 3 1 11 0 11 3 8 11 9 9 1
split_gain=0.00463037 0.00144416 0.00123047 0.0013456 0.00220577 0.00192497 0.00123794 0.00107502 0.00100058 0.000891331 0.000864247 0.0015027 0.00086338 0.000828348 0.000647955 0.000572161 0.00051679 0.00042163 0.000411957 0.000526471 0.000404844 0.000401723 0.000323202 0.000304199 0.00028828 0.000278085 0.000301197 0.000295085 0.000252917 0.000228725
threshold=0.56334999203681957 0.16172623634338382 9.0355000495910662 33.500000000000007 49.500000000000007 4.5759999752044687 50.500000000000007 0.98350000381469738 0.65035000443458568 4.5000000000000009 1.0000000180025095e-35 0.49795000255107885 1.5000000000000002 0.21111111342906955 1.5000000000000002 1.3125000000000002 0.026671408675611023 0.26449999213218695 0.52015000581741344 3.5000000000000004 0.30952382087707525 4.1004998683929452 0.57005000114440929 6.3459999561309823 23.500000000000004 0.35599078238010412 1.3395000100135805 7.9030001163482675 4.7014999389648446 0.13392857462167743
decision_type=2 2 2 2 2 2 2 2 2 2 2 2 2 2 2 2 2 2 2 2 2 2 2 2 2 2 2 2 2 2
left_child=10 2 3 8 5 -5 -6 17 12 -10 11 15 -2 -12 20 -1 21 -3 -16 -20 -15 -13 -19 -17 -25 26 27 -9 -22 -24
right_child=1 7 -4 4 6 -7 -8 25 9 -11 13 16 -14 14 18 23 -18 22 19 -21 28 -23 29 24 -26 -27 -28 -29 -30 -31
leaf_value=-3.7238957576025897e-05 1.3872238664326629e-05 0 0.0001021772144104678 -0.00017511467316543578 3.3215401171230167e-05 -1.7879107294075611e-05 -4.4595983905630041e-05 -7.630148056710102e-05 1.8131967615548955e-05 8.9786904546395682e-05 -0.00014076683873852198 7.2136662543427289e-07 -1.1370179113742036e-05 -4.9634263986398774e-05 6.2556037954281593e-06 1.6072858737705454e-05 -0.00014275231926191362 0 0 -0.0001079585117511428 0 7.9990531817366347e-05 0 0 -3.5803100849782995e-05 0.00011179425260372954 8.3255090504604531e-05 1.1516594615579224e-05 7.4443510080442394e-05 0.0001911907529744502
leaf_weight=6583 19490 27 370 376 1451 579 769 192 1515 790 278 6468 3882 269 43 745 60 24 179 489 268 169 25 1019 1155 56 53 32 177 275
leaf_count=6583 19490 27 370 376 1451 579 769 192 1515 790 278 6468 3882 269 43 745 60 24 179 489 268 169 25 1019 1155 56 53 32 177 275
internal_value=3.8559e-09 1.21474e-05 1.02712e-05 8.91891e-06 -2.12007e-05 -8.50324e-05 4.00887e-06 8.49815e-05 1.2838e-05 4.48624e-05 -2.0003e-05 -1.60013e-05 9.46561e-06 -5.51285e-05 -3.49043e-05 -2.88168e-05 1.43538e-06 0.00014734 -6.86992e-05 -8.10083e-05 0 3.49434e-06 0.000163615 -8.10943e-06 -1.86965e-05 4.21697e-06 0 -4.1445e-05 2.80084e-05 0.000177773
internal_weight=47808 29906 29222 28852 3175 955 2220 684 25677 2305 17902 16199 23372 1703 1425 9502 6697 351 711 668 714 6637 324 2919 2174 333 277 224 445 300
internal_count=47808 29906 29222 28852 3175 955 2220 684 25677 2305 17902 16199 23372 1703 1425 9502 6697 351 711 668 714 6637 324 2919 2174 333 277 224 445 300
is_linear=0
shrinkage=0.05


Tree=163
num_leaves=31
num_cat=0
split_feature=0 0 8 2 1 5 1 1 5 5 1 0 1 2 12 8 0 1 4 8 5 4 10 4 0 5 10 12 8 8
split_gain=0.00418649 0.00138407 0.00127931 0.000850044 0.0030379 0.00298877 0.00272706 0.0031436 0.00142241 0.0011319 0.0007798 0.0013645 0.00073943 0.00057913 0.000561609 0.000460306 0.000385451 0.000364627 0.000332663 0.000216725 0.000196701 0.000124659 0.000123447 8.93371e-05 0.0001106 8.54843e-05 8.14051e-05 5.93011e-05 5.5097e-05 4.55303e-05
threshold=0.56334999203681957 0.69835001230239879 0.31860901415348059 1.5000000000000002 0.53571429848670971 0.62099999189376842 0.30952382087707525 1.0000000180025095e-35 0.44249999523162847 0.99950000643730175 1.0000000180025095e-35 1.0000000180025095e-35 0.21111111342906955 1.5000000000000002 0.59706860780715953 0.023532669059932235 0.52015000581741344 0.30952382087707525 1.5000000000000002 0.089572194963693633 0.75549998879432689 2.5000000000000004 8.2065000534057635 1.0000000180025095e-35 0.5286499857902528 0.9924999773502351 6.4454998970031747 0.99078321456909191 0.35599078238010412 0.094494048506021514
decision_type=2 2 2 2 2 2 2 2 2 2 2 2 2 2 2 2 2 2 2 2 2 2 2 2 2 2 2 2 2 2
left_child=10 2 3 6 5 -5 7 -2 -8 -6 11 14 19 17 22 23 -15 29 -18 -12 27 -19 -1 -13 -25 -4 -22 -16 -27 -14
right_child=1 -3 25 4 9 -7 8 -9 -10 -11 12 15 13 16 20 -17 18 21 -20 -21 26 -23 -24 24 -26 28 -28 -29 -30 -31
leaf_value=-3.5064986054789966e-05 1.5784579861486013e-05 0.00011536651135442356 0.00040588720163145053 -0.00011200611099205075 3.2756472003393398e-05 -2.2688364733916437e-06 3.0402873947608643e-05 -4.3818693382093583e-05 0.00012860107554525579 -7.3934848637849542e-05 -0.000149703065811099 8.400450892079795e-07 -5.4236321327627308e-05 5.9435489801409015e-06 -1.7842629628159905e-05 -0.00013449392040210979 -8.1668973836328853e-06 5.0909829662448555e-05 -0.00010771784550597904 0 0 0 0 0 5.2438369754622579e-05 0 8.5616149248004202e-05 0 9.9156831027542717e-05 0
leaf_weight=7201 18887 327 21 1062 3243 1728 1098 2474 742 244 246 6706 242 43 737 61 256 241 412 32 23 204 147 36 198 25 83 1007 55 27
leaf_count=7201 18887 327 21 1062 3243 1728 1098 2474 742 244 246 6706 242 43 737 61 256 241 412 32 23 204 147 36 198 25 83 1007 55 27
internal_value=1.18266e-08 1.15637e-05 1.02467e-05 9.45909e-06 -6.32417e-06 -4.58344e-05 1.39447e-05 8.64717e-06 7.27244e-05 2.38551e-05 -1.90067e-05 -1.51837e-05 -5.24325e-05 -3.30554e-05 -2.78647e-05 7.62748e-07 -6.50062e-05 0 -7.70574e-05 -0.000133731 -3.87062e-07 2.65282e-05 -3.41021e-05 2.67397e-06 3.38497e-05 0.000190434 6.18304e-05 -7.03877e-06 7.10194e-05 -4.71535e-05
internal_weight=47808 29906 29579 29478 6277 2790 23201 21361 1840 3487 17902 16199 1703 1425 9198 7001 711 714 668 278 1850 445 7348 6940 234 101 106 1744 80 269
internal_count=47808 29906 29579 29478 6277 2790 23201 21361 1840 3487 17902 16199 1703 1425 9198 7001 711 714 668 278 1850 445 7348 6940 234 101 106 1744 80 269
is_linear=0
shrinkage=0.05


Tree=164
num_leaves=31
num_cat=0
split_feature=1 8 1 8 1 2 1 1 11 11 3 3 2 3 8 1 10 3 8 11 8 11 10 1 11 8 10 11 8 11
split_gain=0.00232473 0.00133495 0.00156095 0.00422272 0.0035816 0.00194515 0.00200508 0.00199773 0.000918283 0.000911709 0.00218542 0.000676052 0.000459454 0.000545735 0.000449023 0.000340926 0.000292156 0.000265499 0.000258204 0.000221912 0.000537828 0.000196327 0.000177656 0.000141443 0.000109858 0.000109376 0.000105075 0.000137849 8.91672e-05 6.76233e-05
threshold=0.91666665673255932 0.14039409160614016 1.0000000180025095e-35 0.030776515603065494 0.21111111342906955 1.5000000000000002 0.30952382087707525 0.41428571939468389 0.639499992132187 4.1004998683929452 9.5000000000000018 5.5000000000000009 2.5000000000000004 50.500000000000007 0.059714796021580703 0.18333333730697635 6.3849999904632577 15.500000000000002 0.089572194963693633 1.6574999690055849 0.11882352828979494 0.34549999237060552 8.0885000228881854 0.6904762089252473 7.6305000782012948 0.037749288603663451 7.2684998512268075 7.7514998912811288 0.21583850681781772 0.086500000208616271
decision_type=2 2 2 2 2 2 2 2 2 2 2 2 2 2 2 2 2 2 2 2 2 2 2 2 2 2 2 2 2 2
left_child=1 2 3 9 14 6 -6 -7 28 17 -11 16 13 24 -4 -10 -2 -1 22 20 -14 -16 -5 -17 25 -13 -21 -28 29 -3
right_child=11 8 4 18 5 7 -8 -9 15 10 -12 12 19 -15 21 23 -18 -19 -20 26 -22 -23 -24 -25 -26 -27 27 -29 -30 -31
leaf_value=-1.4979753226598843e-08 0 -0.00010920165202406648 -0.00011310129755763947 -0.00022743586826177902 -2.1320685984193504e-05 -8.5609907871487054e-05 5.3173480996082516e-05 -9.8058290076325761e-06 0 8.9856759182409566e-05 1.9965516796146061e-06 3.7827106326564783e-05 0 -4.7826526562313255e-05 -0.00011951850290709047 0.00011967205495805155 0.00011778756879128615 3.6832145428386302e-05 -4.5540222329802713e-06 0 -0.0001347803595788333 0 0 0 0 0.00013462031638151174 7.9931366704874519e-05 0 8.969746956715912e-07 0
leaf_weight=30531 44 33 1066 219 1520 1183 2015 4072 68 1007 2808 293 140 52 44 457 511 493 71 100 96 271 21 49 83 192 119 51 79 120
leaf_count=30531 44 33 1066 219 1520 1183 2015 4072 68 1007 2808 293 140 52 44 457 511 493 71 100 96 271 21 49 83 192 119 51 79 120
internal_value=1.08771e-08 -1.98929e-06 -3.22861e-06 1.63157e-06 -2.05163e-05 -8.13132e-06 1.9728e-05 -2.78235e-05 6.1486e-05 3.41013e-06 2.65003e-05 5.78669e-05 2.91803e-05 5.82979e-05 -9.57198e-05 9.64479e-05 0.000107044 4.09507e-07 -0.000181472 0 -4.12201e-05 -2.10135e-05 -0.000212963 0.000110617 7.68215e-05 8.64722e-05 2.38487e-05 4.94717e-05 -3.47626e-06 -3.83918e-05
internal_weight=47808 46127 45321 35150 10171 8790 3535 5255 806 34839 3815 1681 1126 620 1381 574 555 31024 311 506 236 315 240 506 568 485 270 170 232 153
internal_count=47808 46127 45321 35150 10171 8790 3535 5255 806 34839 3815 1681 1126 620 1381 574 555 31024 311 506 236 315 240 506 568 485 270 170 232 153
is_linear=0
shrinkage=0.05


Tree=165
num_leaves=31
num_cat=0
split_feature=0 9 8 3 3 9 10 9 3 2 8 0 9 9 1 3 3 3 1 0 10 9 3 11 3 3 1 3 8 11
split_gain=0.00386017 0.00145824 0.00128595 0.00120955 0.00152663 0.00203488 0.00121804 0.00136341 0.00110105 0.000979457 0.000646346 0.000571573 0.00111462 0.000609788 0.000532642 0.000463321 0.00245576 0.000394474 0.000379065 0.00030485 0.000298193 0.000319614 0.000186177 0.000242997 0.000144844 0.000121627 0.000119116 0.000116965 7.06986e-05 6.05623e-05
threshold=0.55474999547004711 8.1949996948242205 0.31860901415348059 27.500000000000004 49.500000000000007 4.6004998683929452 8.0099999904632586 6.1024999618530282 50.500000000000007 1.5000000000000002 0.032795699313282974 1.0000000180025095e-35 2.0785000324249272 4.5759999752044687 0.18333333730697635 49.500000000000007 40.500000000000007 4.5000000000000009 0.26785714924335485 0.63625001907348644 7.430500030517579 7.7650001049041757 2.5000000000000004 3.8990000486373906 17.500000000000004 50.500000000000007 0.61250001192092907 50.500000000000007 0.19460027664899829 2.4735000133514409
decision_type=2 2 2 2 2 2 2 2 2 2 2 2 2 2 2 2 2 2 2 2 2 2 2 2 2 2 2 2 2 2
left_child=10 2 3 6 5 -5 9 -8 -6 -2 11 13 -13 15 -12 16 -1 -3 25 26 21 -14 -16 28 -20 -15 29 -17 -24 -19
right_child=1 17 -4 4 8 -7 7 -9 -10 -11 14 12 20 18 22 27 -18 19 24 -21 -22 -23 23 -25 -26 -27 -28 -29 -30 -31
leaf_value=-3.0136026554671315e-05 1.3091390310619906e-05 0.00017438410228678576 0.00018494359945536428 -0.00013095717770288972 3.1453034272951581e-05 -5.1681766135389896e-06 0.00010718462411251243 0 -3.9875807904414558e-05 -1.318450915023882e-05 -0.00024827098717235165 1.9104463571513864e-07 -0.0001432088323374301 9.1732231512504095e-06 0 1.0707909165048575e-05 -0.0002812664060205701 1.1276410284440428e-05 0.00022562798311489757 0.00013250791432879361 0 0 -0.00011066773996327462 0 0 -5.7234285565428517e-05 5.8801283524906218e-05 -2.8831500287327565e-05 0 -3.4510770627038067e-05
leaf_weight=7695 22656 151 105 589 1548 907 684 416 804 4022 62 5210 217 612 46 795 104 150 28 101 88 47 132 55 37 77 96 242 21 111
leaf_count=7695 22656 151 105 589 1548 907 684 416 804 4022 62 5210 217 612 46 795 104 150 28 101 88 47 132 55 37 77 96 242 21 111
internal_value=0 9.92669e-06 8.28131e-06 7.5361e-06 -1.82445e-05 -5.80409e-05 1.12875e-05 6.36066e-05 4.9438e-06 8.94256e-06 -2.04419e-05 -1.85523e-05 -4.675e-06 -2.60794e-05 -9.51918e-05 -2.99505e-05 -3.41295e-05 8.74327e-05 1.26535e-05 4.78188e-05 -9.08781e-05 -0.000117616 -3.80658e-05 -6.32925e-05 0.000128108 0 9.82707e-06 0 -9.70205e-05 0
internal_weight=47808 32340 31731 31626 3848 1496 27778 1100 2352 26678 15468 15152 5562 9590 316 8836 7799 609 754 458 352 264 254 208 65 689 357 1037 153 261
internal_count=47808 32340 31731 31626 3848 1496 27778 1100 2352 26678 15468 15152 5562 9590 316 8836 7799 609 754 458 352 264 254 208 65 689 357 1037 153 261
is_linear=0
shrinkage=0.05


Tree=166
num_leaves=31
num_cat=0
split_feature=0 9 8 11 10 9 0 1 0 1 9 11 10 7 1 10 8 11 12 8 9 9 1 0 2 9 8 11 11 10
split_gain=0.00354983 0.00126966 0.00104759 0.0010034 0.00146218 0.00231636 0.0009639 0.000746441 0.00130591 0.000790035 0.000573262 0.000531063 0.000518007 0.000502604 0.000477107 0.000438374 0.000376654 0.000428696 0.000280992 0.000191881 0.000174214 0.000756664 0.000169791 0.000190191 0.000153969 0.000135746 9.50874e-05 7.65856e-05 7.01985e-05 7.00355e-05
threshold=0.56905001401901256 8.1949996948242205 0.43614129722118383 7.8635001182556161 8.3324999809265154 5.0394999980926523 0.70544999837875377 1.0000000180025095e-35 0.50575000047683727 0.81666666269302379 6.6914999485015878 5.3145000934600839 7.7760000228881845 1.0000000180025095e-35 0.15476191043853763 6.7014999389648446 0.023532669059932235 4.1004998683929452 0.90306919813156139 0.034785239025950439 1.0000000180025095e-35 2.9930000305175786 0.58571431040763866 0.63625001907348644 1.5000000000000002 7.7650001049041757 0.070598009973764433 7.4105000495910653 5.8960001468658456 8.2065000534057635
decision_type=2 2 2 2 2 2 2 2 2 2 2 2 2 2 2 2 2 2 2 2 2 2 2 2 2 2 2 2 2 2
left_child=7 2 3 4 6 -6 -2 8 15 10 11 12 -9 14 -5 25 17 -10 -15 -13 29 -22 23 -3 -11 28 -18 -19 -1 -17
right_child=1 22 -4 13 5 -7 -8 9 16 24 -12 19 -14 18 -16 20 26 27 -20 -21 21 -23 -24 -25 -26 -27 -28 -29 -30 -31
leaf_value=-3.3814108848829884e-05 8.4187169920046318e-06 8.317911091334313e-06 0.00035228864160679821 0.00022585229986968141 0.00027657438150071933 1.581987645524741e-05 0.0001215482580537881 -0.00012378448240117127 1.0315476611848245e-06 0.0001272222367966482 0 -4.5214163941874268e-05 0 -7.2353159414094653e-05 0 -1.698185366775886e-05 -0.00015662209002292448 9.4496197611118452e-05 0 0 0.00024243196134260937 0 0.00014886498950686606 0.00011999075398739011 0 0 0 0 -4.5322146567986727e-06 0
leaf_weight=6600 25859 304 23 26 136 360 197 604 7658 41 446 615 78 633 103 1640 45 152 261 126 35 495 172 92 137 47 29 56 628 210
leaf_count=6600 25859 304 23 26 136 360 197 604 7658 41 446 615 78 633 103 1640 45 152 261 126 35 495 172 92 137 47 29 56 628 210
internal_value=0 1.14762e-05 9.74849e-06 9.28018e-06 1.12984e-05 9.7437e-05 9.46641e-06 -1.62159e-05 -1.24963e-05 -4.57437e-05 -5.65553e-05 -7.21663e-05 -0.000108036 -3.82116e-05 3.27626e-05 -2.48917e-05 1.94693e-06 3.6208e-06 -5.40475e-05 -3.23955e-05 -3.75922e-06 1.79753e-05 8.6605e-05 4.69089e-05 3.96717e-05 -3.11177e-05 -0.000108269 7.48767e-05 -3.19618e-05 -1.26891e-05
internal_weight=47808 28166 27598 27575 26552 496 26056 19642 17595 2047 1869 1423 682 1023 129 9655 7940 7866 894 741 2380 530 568 396 178 7275 74 208 7228 1850
internal_count=47808 28166 27598 27575 26552 496 26056 19642 17595 2047 1869 1423 682 1023 129 9655 7940 7866 894 741 2380 530 568 396 178 7275 74 208 7228 1850
is_linear=0
shrinkage=0.05


Tree=167
num_leaves=31
num_cat=0
split_feature=0 8 1 5 11 8 11 3 1 10 11 1 11 2 0 3 3 5 8 3 5 0 1 5 5 1 11 11 8 3
split_gain=0.00322636 0.00120888 0.00135065 0.00255687 0.00237711 0.00172376 0.00221888 0.00204289 0.00143756 0.00128698 0.00137102 0.00107337 0.000978774 0.000930574 0.00141011 0.00110217 0.000815351 0.000539933 0.000987924 0.000441897 0.000427058 0.00041642 0.000370999 0.000322281 0.00031328 0.00105751 0.000463961 0.000308039 0.000293658 0.000261979
threshold=0.57824999094009411 0.073622401803731932 1.0000000180025095e-35 0.62099999189376842 0.38500000536441809 0.030776515603065494 2.6460000276565556 11.500000000000002 0.61250001192092907 7.0989999771118173 1.7645000219345095 0.18333333730697635 0.45799998939037329 1.5000000000000002 1.0000000180025095e-35 5.5000000000000009 40.500000000000007 0.9975000023841859 0.13574938476085666 4.5000000000000009 0.96950000524520885 0.52015000581741344 0.58571431040763866 0.90700000524520885 1.0000000180025095e-35 0.30952382087707525 4.1004998683929452 1.4934999942779543 0.21240601688623431 8.5000000000000018
decision_type=2 2 2 2 2 2 2 2 2 2 2 2 2 2 2 2 2 2 2 2 2 2 2 2 2 2 2 2 2 2
left_child=13 2 5 4 -4 6 29 -8 -6 10 -5 -3 -13 14 20 22 -11 18 -14 -19 -1 -17 -15 -24 -16 26 -26 -27 -23 -2
right_child=1 11 3 9 8 -7 7 -9 -10 16 -12 12 17 15 24 21 -18 19 -20 -21 -22 28 23 -25 25 27 -28 -29 -30 -31
leaf_value=-2.5891884966716688e-05 1.2650772572501716e-05 -5.3672946960394184e-05 -0.00027199139206262907 4.1534560000370414e-06 -4.8325677318533449e-05 -0.00016206136334489542 0.00020189644977218615 3.7482484969909627e-05 1.6619364762391137e-05 5.5985492513802277e-05 -0.00012380320660303697 0 5.3151626152051967e-05 -3.6641783197049617e-05 2.6876418847114266e-06 0 -1.1616753767637856e-05 8.2078742977224661e-05 0.00015796827978708345 -4.0220027461560449e-05 0.00015835352554466648 -0.00010568256409440394 0 0.00010506746922759046 -9.2921906609064609e-05 0.00010407217374853364 1.2691231481007176e-05 0 0 9.4146866870124866e-05
leaf_weight=9538 13392 190 109 915 2716 126 311 766 1101 2059 250 425 1013 254 11571 39 423 124 433 166 24 763 110 126 462 118 34 90 40 120
leaf_count=9538 13392 190 109 915 2716 126 311 766 1101 2059 250 425 1013 254 11571 39 423 124 433 166 24 763 110 126 462 118 34 90 40 120
internal_value=3.10943e-08 1.27306e-05 8.85617e-06 -7.84748e-06 -3.63292e-05 1.77924e-05 1.96895e-05 8.96159e-05 -2.82827e-05 2.14423e-05 -1.90218e-05 4.73324e-05 5.85287e-05 -1.32583e-05 -1.04986e-05 -5.47448e-05 4.24498e-05 7.53237e-05 8.8005e-05 0 -2.49049e-05 -8.95152e-05 0 4.9834e-05 3.16485e-07 -3.15496e-05 -7.56026e-05 4.94587e-05 -9.84804e-05 1.37453e-05
internal_weight=47808 24639 22288 7573 3926 14715 14589 1077 3817 3647 1165 2351 2161 23169 21837 1332 2482 1736 1446 290 9562 842 490 236 12275 704 496 208 803 13512
internal_count=47808 24639 22288 7573 3926 14715 14589 1077 3817 3647 1165 2351 2161 23169 21837 1332 2482 1736 1446 290 9562 842 490 236 12275 704 496 208 803 13512
is_linear=0
shrinkage=0.05


Tree=168
num_leaves=31
num_cat=0
split_feature=0 9 3 3 9 10 9 9 9 11 3 1 1 0 1 9 11 10 9 0 10 11 8 11 3 3 3 0 8 13
split_gain=0.002919 0.00123379 0.000913346 0.00199087 0.00172664 0.00115195 0.00314907 0.00794528 0.00123032 0.00179109 0.00104448 0.000978003 0.000625177 0.00106485 0.000720113 0.000512081 0.000459105 0.000464229 0.000425055 0.000409881 0.00040568 0.000394922 0.000333297 0.000389085 0.000385658 0.000298103 0.000263574 0.000246283 0.000206362 0.000160664
threshold=0.56905001401901256 7.7005000114440927 33.500000000000007 49.500000000000007 3.804999947547913 7.0469999313354501 1.0000000180025095e-35 4.5025000572204599 6.9990000724792489 7.4814999103546151 50.500000000000007 0.61250001192092907 1.0000000180025095e-35 0.50575000047683727 0.81666666269302379 6.6914999485015878 5.3145000934600839 7.7760000228881845 5.5814998149871835 0.53415000438690197 6.7014999389648446 0.086500000208616271 0.026671408675611023 4.1004998683929452 7.5000000000000009 44.500000000000007 41.500000000000007 0.61285001039505016 0.057983193546533592 1.0000000180025095e-35
decision_type=2 2 2 2 2 2 2 2 2 2 2 2 2 2 2 2 2 2 2 2 2 2 2 2 2 2 2 2 2 2
left_child=12 2 5 4 26 6 27 -8 9 -7 11 -5 13 20 15 16 17 -14 -12 -18 -1 -3 23 -15 -25 -6 -4 -2 -23 -10
right_child=1 21 3 10 25 8 7 -9 29 -11 18 -13 14 22 -16 -17 19 -19 -20 -21 -22 28 -24 24 -26 -27 -28 -29 -30 -31
leaf_value=-2.8362032287335773e-05 7.7471333703000221e-06 -6.4455510112752027e-06 -8.7217138888353348e-05 9.5478249153121741e-06 0 5.8117774549479214e-05 -0.00026740099155014087 -1.2752740101199353e-06 -4.2847971815419388e-05 -9.513180274159177e-06 -7.6853262784904586e-05 0.00012127893134107864 -0.00011536291455529036 8.8394112136440258e-07 3.9660976400789034e-05 0 -7.641041366872053e-05 0 0 0 -2.1120580406869881e-06 4.6151772662968653e-05 -0.00010252383835257795 0.0001748483350964805 0 -7.9708395600290946e-05 -0.00026240597163387601 2.2136472714936384e-05 0.00012851745396015286 0
leaf_weight=7275 11595 40 183 1142 461 3737 359 1461 487 1165 352 276 604 7659 178 446 284 78 409 457 2380 591 73 66 142 157 131 5156 273 191
leaf_count=7275 11595 40 183 1142 461 3737 359 1461 487 1165 352 276 604 7659 178 446 284 78 409 457 2380 591 73 66 142 157 131 5156 273 191
internal_value=4.26268e-08 1.04639e-05 8.3488e-06 -1.64909e-05 -7.81812e-05 1.17556e-05 5.44285e-06 -5.65282e-05 3.18688e-05 4.10249e-05 7.60311e-06 3.48281e-05 -1.46465e-05 -1.1211e-05 -4.17316e-05 -5.21601e-05 -6.68799e-05 -0.000100425 -3.65547e-05 -2.92493e-05 -2.24092e-05 6.87092e-05 1.77635e-06 3.38103e-06 7.12577e-05 -2.02262e-05 -0.000176284 1.24748e-05 7.79753e-05 -2.69534e-05
internal_weight=47808 28166 27262 3111 932 24151 18571 1820 5580 4902 2179 1418 19642 17595 2047 1869 1423 682 761 741 9655 904 7940 7867 208 618 314 16751 864 678
internal_count=47808 28166 27262 3111 932 24151 18571 1820 5580 4902 2179 1418 19642 17595 2047 1869 1423 682 761 741 9655 904 7940 7867 208 618 314 16751 864 678
is_linear=0
shrinkage=0.05


Tree=169
num_leaves=31
num_cat=0
split_feature=0 0 2 10 9 9 11 9 11 11 1 1 9 11 1 3 9 11 0 1 9 1 3 0 1 11 7 1 10 10
split_gain=0.00266396 0.00118092 0.00146706 0.00101806 0.00165786 0.00767126 0.00196981 0.00158407 0.00139579 0.000991243 0.000983352 0.00194685 0.000847881 0.00192816 0.000767027 0.000866522 0.00063651 0.000614472 0.000613096 0.000607297 0.000598286 0.000575235 0.000567748 0.000565877 0.00055568 0.000419013 0.00040192 0.000427144 0.000392942 0.000349254
threshold=0.60245001316070568 0.5286499857902528 1.5000000000000002 7.1265001296997079 0.93750000000000011 4.7555000782012948 0.10050000250339509 6.5965001583099374 7.6435000896453866 2.6460000276565556 0.30952382087707525 1.0000000180025095e-35 1.0000000180025095e-35 5.8960001468658456 0.61250001192092907 4.5000000000000009 4.6004998683929452 4.1004998683929452 0.58644998073577892 0.18333333730697635 7.3125000000000009 0.46428571641445165 42.500000000000007 0.63554999232292186 0.6904762089252473 0.26449999213218695 1.0000000180025095e-35 0.18333333730697635 6.8964998722076425 7.3824999332427987
decision_type=2 2 2 2 2 2 2 2 2 2 2 2 2 2 2 2 2 2 2 2 2 2 2 2 2 2 2 2 2 2
left_child=1 -1 10 4 -2 28 24 -8 9 23 11 17 -11 -14 20 -16 21 -3 -17 -13 29 -12 -18 -5 -7 -25 27 -10 -6 -4
right_child=3 2 14 8 5 6 7 -9 26 12 16 19 13 -15 15 18 22 -19 -20 -21 -22 -23 -24 25 -26 -27 -28 -29 -30 -31
leaf_value=-2.0815678964934815e-05 1.9098532935367328e-05 3.9516036349039898e-06 -0.00010304654782147875 4.9137264653031241e-06 -0.00025139275126568028 -0.00022696129863996177 -5.7503765422982037e-06 9.8576190819993012e-05 0.0002287140448777592 3.4188946000871509e-05 -2.1223152290828694e-05 -0.0001450277862765556 9.5470633264341091e-05 0.00046060477071703109 5.6413094433348582e-05 -6.6078855633412456e-05 0.00012196055960767775 5.5914896208597819e-05 8.8997407173378466e-07 -3.596407012892793e-05 0 7.4836735429032708e-05 0 0 0 7.6970228026297595e-05 -2.4024937816069602e-05 0 0 -3.7420026400218821e-05
leaf_weight=11143 7450 16415 601 1421 346 95 751 585 31 687 371 204 752 48 403 555 387 613 537 1148 251 233 80 72 33 688 935 72 29 872
leaf_count=11143 7450 16415 601 1421 346 95 751 585 31 687 371 204 752 48 403 555 387 613 537 1148 251 233 80 72 33 688 935 72 29 872
internal_value=1.8507e-08 -7.46977e-06 -6.89229e-07 1.8468e-05 8.17293e-06 -3.33678e-05 1.5132e-05 3.61933e-05 3.77259e-05 5.24565e-05 4.259e-06 1.26533e-06 8.57036e-05 0.000123683 -3.21416e-05 -2.31573e-06 5.0962e-05 6.11621e-06 -2.8571e-05 -5.61279e-05 -5.5104e-05 7.56254e-06 9.63751e-05 2.74935e-05 -0.00016552 6.31275e-05 -9.51179e-06 7.36327e-05 -0.000235994 -6.75957e-05
internal_weight=47808 33813 22670 13995 9289 1839 1464 1336 4706 3668 19451 18380 1487 800 3219 1495 1071 17028 1092 1352 1724 604 467 2181 128 760 1038 103 375 1473
internal_count=47808 33813 22670 13995 9289 1839 1464 1336 4706 3668 19451 18380 1487 800 3219 1495 1071 17028 1092 1352 1724 604 467 2181 128 760 1038 103 375 1473
is_linear=0
shrinkage=0.05


Tree=170
num_leaves=31
num_cat=0
split_feature=0 8 1 5 11 8 11 3 1 1 11 5 11 3 8 7 0 11 3 3 3 5 3 8 5 11 1 11 10 1
split_gain=0.00243728 0.00109236 0.00116018 0.00232199 0.00210998 0.00156515 0.00197708 0.00179798 0.00127261 0.000977533 0.000977307 0.000869028 0.000961868 0.000860691 0.00073927 0.000733829 0.000916886 0.000965253 0.000706197 0.000583901 0.000590784 0.00050798 0.000445034 0.000386019 0.00037591 0.000342363 0.000710145 0.000352566 0.000336732 0.000316746
threshold=0.57824999094009411 0.073622401803731932 1.0000000180025095e-35 0.62099999189376842 0.38500000536441809 0.030776515603065494 2.6460000276565556 11.500000000000002 0.46428571641445165 0.18333333730697635 0.086500000208616271 0.9975000023841859 0.10050000250339509 41.500000000000007 0.13397436589002612 1.0000000180025095e-35 1.0000000180025095e-35 4.6504998207092294 3.5000000000000004 50.500000000000007 49.500000000000007 0.98950001597404491 4.5000000000000009 0.10960961133241655 0.67049998044967662 5.9059998989105233 0.38750000298023229 1.1395000219345095 7.9070000648498544 0.58571431040763866
decision_type=2 2 2 2 2 2 2 2 2 2 2 2 2 2 2 2 2 2 2 2 2 2 2 2 2 2 2 2 2 2
left_child=15 2 5 4 -4 6 -2 -8 -6 -3 21 12 -11 -12 -14 16 17 24 29 20 -19 -5 -13 -24 -1 27 -27 -18 -20 -17
right_child=1 9 3 10 8 -7 7 -9 -10 11 13 22 14 -15 -16 18 25 19 28 -21 -22 -23 23 -25 -26 26 -28 -29 -30 -31
leaf_value=-3.0512781967965672e-05 1.1881970164186182e-05 -5.2134031687238295e-05 -0.00025776925520038766 -0.00019554852127184275 -5.5503958596522073e-05 -0.00015577974549250869 0.00018899605154886205 3.4116717330978027e-05 0 -7.9011865679861704e-05 3.6458877368923175e-05 4.9329506074516157e-05 5.1076247229827116e-05 -2.9224310696700548e-05 0.00013881603899398926 -1.5759848358318545e-06 2.0498647240929775e-06 2.2496027506138906e-06 -4.6648495322150149e-05 -8.7801813870672254e-05 8.9553889418479568e-05 0 0 -9.2062332055427927e-05 3.9520276713655009e-05 0.00017317275530211819 0 -7.8268439434906747e-05 0 7.2806130111834712e-05
leaf_weight=6303 13512 190 109 74 1974 126 311 766 1843 68 3024 209 1121 512 495 691 10763 830 3037 97 321 37 83 185 136 89 41 137 569 155
leaf_count=6303 13512 190 109 74 1974 126 311 766 1843 68 3024 209 1121 512 495 691 10763 830 3037 97 321 37 83 185 136 89 41 137 569 155
internal_value=2.46734e-08 1.1076e-05 7.38572e-06 -8.08471e-06 -3.52349e-05 1.56873e-05 1.7512e-05 8.3496e-05 -2.75636e-05 4.39327e-05 1.97717e-05 5.46947e-05 7.16161e-05 2.55336e-05 8.10528e-05 -1.15121e-05 -6.82349e-06 -2.0144e-05 -3.01e-05 1.7705e-05 3.0947e-05 -0.000118632 0 -4.74553e-05 -2.82565e-05 2.00659e-06 8.30176e-05 5.80939e-07 -3.99909e-05 6.14947e-06
internal_weight=47808 24639 22288 7573 3926 14715 14589 1077 3817 2351 3647 2161 1684 3536 1616 23169 18717 7687 4452 1248 1151 111 477 268 6439 11030 130 10900 3606 846
internal_count=47808 24639 22288 7573 3926 14715 14589 1077 3817 2351 3647 2161 1684 3536 1616 23169 18717 7687 4452 1248 1151 111 477 268 6439 11030 130 10900 3606 846
is_linear=0
shrinkage=0.05


Tree=171
num_leaves=31
num_cat=0
split_feature=0 7 0 10 9 9 11 0 4 11 11 2 8 11 11 9 1 10 11 9 11 11 0 11 8 9 11 10 7 1
split_gain=0.00227123 0.0010677 0.00129962 0.00095763 0.001439 0.00678666 0.00171903 0.0013518 0.00129212 0.00121504 0.000878516 0.00207934 0.000863761 0.000825157 0.000823641 0.000783128 0.000714367 0.000726964 0.00129038 0.000617412 0.0017728 0.000588503 0.000456151 0.000378274 0.000358391 0.000348845 0.000532581 0.000331257 0.000312747 0.000330339
threshold=0.60374999046325695 1.0000000180025095e-35 0.51274999976158153 7.1265001296997079 0.93750000000000011 4.7555000782012948 0.31149999797344213 0.62744998931884777 1.5000000000000002 7.6435000896453866 5.3145000934600839 1.5000000000000002 0.038838613778352744 2.6460000276565556 4.6504998207092294 7.6024999618530282 0.81666666269302379 7.3824999332427987 7.4105000495910653 1.0000000180025095e-35 5.8960001468658456 4.1004998683929452 0.63554999232292186 0.26449999213218695 0.064172957092523589 6.798499822616578 2.8305000066757207 6.8964998722076425 1.0000000180025095e-35 0.18333333730697635
decision_type=2 2 2 2 2 2 2 2 2 2 2 2 2 2 2 2 2 2 2 2 2 2 2 2 2 2 2 2 2 2
left_child=1 2 14 4 -2 27 8 -8 -7 13 -4 12 -12 22 25 16 17 21 -19 -15 -21 -3 24 -24 -5 26 -1 -6 29 -11
right_child=3 15 10 9 5 6 7 -9 -10 28 11 -13 -14 19 -16 -17 -18 18 -20 20 -22 -23 23 -25 -26 -27 -28 -29 -30 -31
leaf_value=-2.5364730253407314e-05 1.7735779376098722e-05 -8.1027757101426753e-05 3.5722637474396338e-06 -7.501451636020015e-06 -0.0002379398979715682 -0.00020698095534782488 -4.7837841825905059e-06 9.8624098049675892e-05 0 0.00020790325960882896 0.00019517000970691533 -6.3737101852597215e-05 0 3.4345728495544024e-05 1.6819752186020524e-05 2.9353265796911318e-05 2.3344084078862967e-05 6.1646190551859623e-06 -5.0680250743648693e-05 8.7134222701921787e-05 0.0004380195118920595 -2.7445416722671262e-05 0 7.2145871314405698e-05 4.5613947047477731e-05 3.2674482792020615e-05 -0.00020308812294772633 0 -2.1165055770105763e-05 0
leaf_weight=6822 7177 1241 17789 938 341 124 485 604 217 29 246 125 34 661 1248 567 517 2231 1639 727 48 1572 72 688 424 175 51 29 917 70
leaf_count=6822 7177 1241 17789 938 341 124 485 604 217 29 246 125 34 661 1248 567 517 2231 1639 727 48 1572 72 688 424 175 51 29 917 70
internal_value=2.11322e-08 -6.72811e-06 -1.74316e-06 1.74521e-05 7.25901e-06 -3.17353e-05 1.43919e-05 4.79829e-05 -7.82069e-05 3.63637e-05 5.52531e-06 7.89453e-05 0.000160494 5.03636e-05 -1.82862e-05 -2.30857e-05 -2.79101e-05 -3.26236e-05 -1.66187e-05 8.15612e-05 0.000115371 -5.28636e-05 2.68926e-05 5.88882e-05 5.36507e-06 -2.52121e-05 -2.74139e-05 -0.000223476 -7.74305e-06 6.60218e-05
internal_weight=47808 34257 26490 13551 8977 1800 1430 1089 341 4574 18194 405 280 3558 8296 7767 7200 6683 3870 1436 775 2813 2122 760 1362 7048 6873 370 1016 99
internal_count=47808 34257 26490 13551 8977 1800 1430 1089 341 4574 18194 405 280 3558 8296 7767 7200 6683 3870 1436 775 2813 2122 760 1362 7048 6873 370 1016 99
is_linear=0
shrinkage=0.05


Tree=172
num_leaves=31
num_cat=0
split_feature=0 3 1 5 5 11 3 0 2 1 1 5 11 5 5 3 3 7 11 1 5 11 11 11 12 3 3 0 5 3
split_gain=0.00205009 0.00106233 0.000941354 0.000895044 0.000916078 0.00118432 0.000838119 0.000815545 0.00106281 0.00121351 0.0012475 0.000781329 0.00149596 0.000832784 0.00069263 0.000554479 0.0016659 0.00104596 0.000975571 0.000549424 0.00172909 0.000915956 0.000825062 0.000593597 0.000799416 0.000798925 0.000581203 0.000540922 0.000499051 0.000457121
threshold=0.60374999046325695 50.500000000000007 0.53571429848670971 0.99950000643730175 0.90849998593330394 3.4025000333786015 50.500000000000007 0.52974998950958263 1.5000000000000002 0.30952382087707525 1.0000000180025095e-35 0.77300000190734874 1.278500020503998 0.96250000596046459 0.62099999189376842 49.500000000000007 42.500000000000007 1.0000000180025095e-35 5.8960001468658456 1.0000000180025095e-35 0.62099999189376842 0.086500000208616271 0.38500000536441809 1.5015000104904177 0.051376320421695716 6.5000000000000009 37.500000000000007 0.66255000233650219 0.67049998044967662 11.500000000000002
decision_type=2 2 2 2 2 2 2 2 2 2 2 2 2 2 2 2 2 2 2 2 2 2 2 2 2 2 2 2 2 2
left_child=1 7 19 4 5 -4 -7 15 9 10 -9 12 -10 -13 -11 16 28 -17 -18 23 22 -22 -21 24 -2 -26 -23 -24 -1 -25
right_child=2 -3 3 -5 -6 6 -8 8 11 14 -12 13 -14 -15 -16 17 18 -19 -20 20 21 26 27 29 25 -27 -28 -29 -30 -31
leaf_value=-1.8913542062994504e-05 1.5187653930242816e-05 -6.7425172434786839e-05 -1.7585658090917994e-05 -3.7441874609558533e-05 0.00010390350816814976 8.9978370276811164e-05 -8.6331280853539709e-05 5.49752045938086e-06 -0.00019493608211089446 2.1223364002949259e-05 -4.5103883332091261e-05 3.7434038526083454e-05 -2.9661230496534795e-05 -3.2032081234418553e-05 0.0001240110144635261 9.1084203531596644e-05 0 -1.7721797272958301e-05 -0.00031244890271614202 -0.00023441689757245331 -0.00012993690728905265 5.1990217362903069e-05 -4.1216459213595067e-05 0.00012048657590298849 -0.00026589078881328283 0 -7.6042324704667425e-06 2.316049360613299e-05 4.6201359310547055e-05 2.4435672921014371e-05
leaf_weight=9713 6258 711 615 217 758 681 46 17143 180 691 1303 706 1189 1069 316 337 59 500 79 59 74 1491 1666 260 49 74 376 299 261 628
leaf_count=9713 6258 711 615 217 758 681 46 17143 180 691 1303 706 1189 1069 316 337 59 500 79 59 74 1491 1666 260 49 74 376 299 261 628
internal_value=2.53402e-08 -6.38162e-06 1.65911e-05 4.62337e-05 5.72624e-05 2.71868e-05 7.19356e-05 -4.93857e-06 2.71961e-07 4.84946e-06 1.65182e-06 -2.64596e-05 -5.50567e-05 -1.58488e-06 5.84523e-05 -1.61488e-05 -1.96455e-05 2.01192e-05 -0.000195591 1.00319e-05 -3.92503e-06 2.83521e-05 -3.73487e-05 1.83327e-05 1.20004e-05 -0.000109424 3.73106e-05 -2.88756e-05 -1.67079e-05 5.81991e-05
internal_weight=47808 34257 13551 2317 2100 1342 727 33546 22597 19453 18446 3144 1369 1775 1007 10949 10112 837 138 11234 3965 1941 2024 7269 6381 123 1867 1965 9974 888
internal_count=47808 34257 13551 2317 2100 1342 727 33546 22597 19453 18446 3144 1369 1775 1007 10949 10112 837 138 11234 3965 1941 2024 7269 6381 123 1867 1965 9974 888
is_linear=0
shrinkage=0.05


Tree=173
num_leaves=31
num_cat=0
split_feature=0 9 8 0 11 2 3 0 11 9 9 11 3 0 0 5 8 5 3 3 3 5 11 11 11 3 9 0 0 9
split_gain=0.00185101 0.00111721 0.000959105 0.000769672 0.000705746 0.000689691 0.000873412 0.00077359 0.000583508 0.000502668 0.000935737 0.000799457 0.000447017 0.000402268 0.000355947 0.000354677 0.000255965 0.000228574 0.000195163 0.00133366 0.000284202 0.000150004 0.000411206 0.000154192 0.000120526 0.000339326 9.86244e-05 7.91148e-05 9.46822e-05 5.27326e-05
threshold=0.57824999094009411 8.1949996948242205 0.43614129722118383 0.71889999508857738 7.8635001182556161 1.5000000000000002 5.5000000000000009 1.0000000180025095e-35 3.344500064849854 2.0785000324249272 4.8984999656677255 4.1004998683929452 49.500000000000007 0.55645000934600841 0.52015000581741344 0.96950000524520885 0.21240601688623431 0.70649999380111705 49.500000000000007 42.500000000000007 50.500000000000007 0.90700000524520885 2.5329999923706059 0.23050000518560412 5.05299997329712 6.5000000000000009 6.4489998817443857 0.63484999537467968 0.61605000495910656 5.7255001068115243
decision_type=2 2 2 2 2 2 2 2 2 2 2 2 2 2 2 2 2 2 2 2 2 2 2 2 2 2 2 2 2 2
left_child=5 2 3 4 8 7 21 15 -2 24 11 -11 -6 -12 -8 18 26 27 19 -1 -20 22 -7 -23 -9 -26 -16 28 -3 -25
right_child=1 17 -4 -5 12 6 14 9 -10 10 13 -13 -14 -15 16 -17 -18 -19 20 -21 -22 23 -24 29 25 -27 -28 -29 -30 -31
leaf_value=-1.8742820246132278e-05 4.5985254394911493e-06 3.7487261335467896e-05 0.00035840213727101738 0.00014736680454426217 -6.325610429275498e-05 -0.00012290987922409713 0 1.5321041319145228e-06 2.6585570675896025e-05 -0.00021398584773814062 -5.2492641151938641e-05 0 0 2.2074429248017436e-05 -0.00011117710376711031 0.00015150547339442679 0 0.00017774777445367991 1.6001020780195728e-05 -0.00018714673466317482 -3.9706429680387464e-05 0 0 0 7.1347196758915333e-05 0 -2.7153564735594008e-05 0.00010074131986336206 0 6.8821255140437895e-05
leaf_weight=8282 19205 212 20 101 564 74 39 10675 3826 119 301 37 396 379 532 24 40 100 810 127 319 36 165 46 247 517 231 113 102 169
leaf_count=8282 19205 212 20 101 564 74 39 10675 3826 119 301 37 396 379 532 24 40 100 810 127 319 36 165 46 247 517 231 113 102 169
internal_value=2.38509e-10 9.64465e-06 7.84084e-06 7.3408e-06 6.54228e-06 -1.00403e-05 -4.57442e-05 -7.63326e-06 8.4683e-06 2.75732e-07 -3.66706e-05 -0.000148771 -3.44524e-05 -3.58347e-06 -7.68316e-05 -1.8309e-05 -8.54271e-05 8.2672e-05 -1.92621e-05 -2.1883e-05 0 0 -1.95518e-05 3.36075e-05 3.41329e-06 2.31509e-05 -9.22979e-05 4.86628e-05 1.39765e-05 5.57727e-05
internal_weight=47808 24639 24112 24092 23991 23169 1332 21837 23031 12275 836 156 960 680 842 9562 803 527 9538 8409 1129 490 239 251 11439 764 763 427 314 215
internal_count=47808 24639 24112 24092 23991 23169 1332 21837 23031 12275 836 156 960 680 842 9562 803 527 9538 8409 1129 490 239 251 11439 764 763 427 314 215
is_linear=0
shrinkage=0.05


Tree=174
num_leaves=31
num_cat=0
split_feature=0 3 9 10 9 9 3 11 9 10 11 9 7 3 0 1 10 11 10 2 11 8 10 7 2 3 1 2 8 12
split_gain=0.00172095 0.000929197 0.000876102 0.00107348 0.00424861 0.00336547 0.00181523 0.00121456 0.000777374 0.000761312 0.000739649 0.000731567 0.00110731 0.00145594 0.00130589 0.000769724 0.00062675 0.000559747 0.000471802 0.000374884 0.000334606 0.000295301 0.000292237 0.000292172 0.000314182 0.00026309 0.000261683 0.000222238 0.000222171 0.000188403
threshold=0.60374999046325695 50.500000000000007 6.6010000705719003 7.2684998512268075 0.93750000000000011 4.5025000572204599 5.5000000000000009 7.6435000896453866 5.0694999694824228 8.231999874114992 0.086500000208616271 7.5030000209808358 1.0000000180025095e-35 49.500000000000007 1.0000000180025095e-35 0.81666666269302379 6.8964998722076425 6.3459999561309823 7.6150000095367441 2.5000000000000004 5.05299997329712 0.067424245178699507 7.9149999618530282 1.0000000180025095e-35 1.5000000000000002 49.500000000000007 0.58571431040763866 1.5000000000000002 0.086335405707359328 0.5033785104751588
decision_type=2 2 2 2 2 2 2 2 2 2 2 2 2 2 2 2 2 2 2 2 2 2 2 2 2 2 2 2 2 2
left_child=1 11 3 4 -2 16 -7 8 9 -5 26 12 13 14 -1 17 -6 -14 -12 -17 22 -10 28 24 -9 -25 -4 -15 -3 -13
right_child=2 20 10 7 5 6 -8 23 21 -11 18 29 15 27 -16 19 -18 -19 -20 -21 -22 -23 -24 25 -26 -27 -28 -29 -30 -31
leaf_value=-2.0898529630731581e-05 1.5531591827617967e-05 -0.00012440759232476383 -0.00012415944198056436 6.4913479544308973e-05 -0.00024484871631642635 -0.00012843850336345563 1.1294373520075977e-05 0.00012643945447641977 0 0.00023959841680411124 8.6023560537666982e-05 0 -1.2899352433229147e-05 0.00010233816035179378 4.173560798865874e-06 8.0158330945175778e-05 0 -4.5981237461022043e-05 1.6220283042377188e-05 0 -2.1754029240264981e-06 6.272673807513696e-05 0 -4.5047278182543533e-05 0 0 0 0 0 6.2699588892961566e-05
leaf_weight=7129 7262 319 61 1155 300 322 655 74 814 96 908 271 3307 386 18562 223 31 2886 609 263 292 267 65 515 25 402 55 37 35 482
leaf_count=7129 7262 319 61 1155 300 322 655 74 814 96 908 271 3307 386 18562 223 31 2886 609 263 292 267 65 515 25 402 55 37 35 482
internal_value=2.46656e-08 -5.83665e-06 1.5211e-05 9.97704e-06 9.01968e-09 -8.23444e-05 -2.96501e-05 3.39984e-05 5.41971e-05 8.23331e-05 5.0345e-05 -4.47697e-06 -5.73094e-06 -8.84637e-07 -2.58913e-06 -2.39304e-05 -0.000222723 -2.91237e-05 6.12997e-05 3.19524e-05 -6.29473e-05 1.70068e-05 -9.33582e-05 -7.44316e-06 6.34667e-05 -2.05567e-05 -4.97784e-05 9.07969e-05 -0.00011126 4.34876e-05
internal_weight=47808 34257 13551 11918 8570 1308 977 3348 2332 1251 1633 33546 32793 26114 25691 6679 331 6193 1517 486 711 1081 419 1016 99 917 116 423 354 753
internal_count=47808 34257 13551 11918 8570 1308 977 3348 2332 1251 1633 33546 32793 26114 25691 6679 331 6193 1517 486 711 1081 419 1016 99 917 116 423 354 753
is_linear=0
shrinkage=0.05


Tree=175
num_leaves=31
num_cat=0
split_feature=0 0 3 5 9 5 8 1 8 1 9 7 3 0 1 3 8 1 5 5 12 5 1 9 0 14 8 1 1 3
split_gain=0.00156669 0.00080457 0.000795827 0.000682374 0.00132041 0.00131254 0.000767869 0.00103962 0.00163433 0.000886998 0.000662406 0.000987595 0.0013114 0.00115815 0.000680815 0.000538836 0.000514666 0.000489491 0.00041454 0.000404839 0.000383492 0.000377487 0.000329508 0.000311851 0.000280373 0.00016818 0.000143035 9.64951e-05 7.69142e-05 4.26236e-05
threshold=0.60245001316070568 0.71889999508857738 50.500000000000007 0.90700000524520885 6.6010000705719003 0.99950000643730175 0.10960961133241655 1.0000000180025095e-35 0.037749288603663451 0.21111111342906955 7.5030000209808358 1.0000000180025095e-35 49.500000000000007 1.0000000180025095e-35 0.81666666269302379 40.500000000000007 0.0745370388031006 0.58571431040763866 0.62099999189376842 0.9454999864101411 0.88581016659736644 0.99450001120567333 0.6904762089252473 2.4654999971389775 0.59095001220703136 0.99999997019767772 0.086335405707359328 0.18333333730697635 0.15476191043853763 12.500000000000002
decision_type=2 2 2 2 2 2 2 2 2 2 2 2 2 2 2 2 2 2 2 2 2 2 2 2 2 2 2 2 2 2
left_child=2 3 10 6 17 15 7 8 -2 -9 11 12 13 -1 16 -6 -13 19 29 -5 -19 -16 -7 28 26 -8 -25 -27 -4 -12
right_child=1 -3 23 4 5 22 25 9 -10 -11 18 14 -14 -15 21 -17 -18 20 -20 -21 -22 -23 -24 24 -26 27 -28 -29 -30 -31
leaf_value=-1.9853617782863546e-05 1.9324866437616169e-05 0.0001543929498637514 0 2.1956337759043578e-05 0.00014404193625064618 5.1775995528164785e-05 0 -8.3526298526187764e-05 -0.00018721846441606264 -5.4841836002720007e-06 2.0257830803141539e-05 -3.4095723633013359e-05 8.6274394588874604e-05 3.7922190882770896e-06 5.9603510485993583e-05 0 2.1133970597408997e-06 7.246938964944563e-05 9.5962474109166586e-05 -4.8118740237300088e-05 0 -2.5700268585028944e-05 -5.7110656598033377e-05 -0.00012491391421166079 0 0 0 0.00010793830103027671 -5.1287858578066003e-05 0
leaf_weight=7129 7332 108 214 229 542 127 64 437 93 3487 272 5177 420 18286 366 103 898 360 251 517 169 104 148 274 117 24 21 255 73 211
leaf_count=7129 7332 108 214 229 542 127 64 437 93 3487 272 5177 420 18286 366 103 898 360 251 517 169 104 148 274 117 24 21 255 73 211
internal_value=3.81845e-08 1.42102e-05 -5.67968e-06 1.27588e-05 3.89047e-05 8.48168e-05 7.4224e-06 4.72536e-06 1.6062e-05 -1.54515e-05 -4.40164e-06 -5.60292e-06 -1.00443e-06 -2.64384e-06 -2.29902e-05 0.000123884 -2.79204e-05 1.85056e-06 4.17745e-05 -1.99062e-05 4.19801e-05 3.00903e-05 0 -5.9063e-05 -8.83727e-05 8.20603e-05 -0.000115245 9.89166e-05 0 3.25081e-06
internal_weight=47808 13995 33813 13887 2195 920 11692 11349 7425 3924 33114 32380 25835 25415 6545 645 6075 1275 734 746 529 470 275 699 412 343 295 279 287 483
internal_count=47808 13995 33813 13887 2195 920 11692 11349 7425 3924 33114 32380 25835 25415 6545 645 6075 1275 734 746 529 470 275 699 412 343 295 279 287 483
is_linear=0
shrinkage=0.05


Tree=176
num_leaves=31
num_cat=0
split_feature=0 1 1 8 5 9 5 3 3 3 0 12 5 3 9 1 5 3 3 3 12 1 9 3 3 9 3 12 5 8
split_gain=0.001472 0.000986703 0.000937984 0.0026041 0.00246067 0.00222201 0.00162248 0.00136269 0.0018462 0.00137479 0.00133749 0.00113228 0.000792482 0.000617704 0.00060218 0.000494579 0.000869076 0.000577336 0.000375974 0.000346766 0.000313706 0.000303296 0.000333402 0.0002626 0.000261103 0.000406348 0.000366711 0.000260153 0.000319798 0.000233898
threshold=0.65035000443458568 0.91666665673255932 1.0000000180025095e-35 0.030776515603065494 0.62099999189376842 6.7300000190734872 0.94449999928474437 49.500000000000007 38.500000000000007 50.500000000000007 0.5165500044822694 0.14068286865949634 0.99450001120567333 36.500000000000007 4.7980000972747812 0.46428571641445165 0.99950000643730175 31.500000000000004 5.5000000000000009 26.500000000000004 0.028986183926463131 1.0000000180025095e-35 6.7685000896453866 1.0000000180025095e-35 5.5000000000000009 0.93750000000000011 24.500000000000004 1.0000000180025095e-35 1.0000000180025095e-35 0.089572194963693633
decision_type=2 2 2 2 2 2 2 2 2 2 2 2 2 2 2 2 2 2 2 2 2 2 2 2 2 2 2 2 2 2
left_child=1 2 3 10 7 6 -6 8 -4 -9 20 -12 14 -7 29 21 17 23 -14 -16 -1 27 24 -17 25 -23 -26 -2 -29 -3
right_child=15 12 4 -5 5 13 -8 9 -10 -11 11 -13 18 -15 19 16 -18 -19 -20 -21 -22 22 -24 -25 26 -27 -28 28 -30 -31
leaf_value=-1.9401342233861946e-05 1.728825798549097e-05 0 -4.7455351225567726e-05 -0.00014066231616144311 1.2141703006043954e-05 7.2037206946786681e-05 -5.6277856343812433e-05 3.9134353331037085e-05 -0.00020840694318038585 -8.8360166982249481e-05 5.6341463807374033e-06 5.7562484988749128e-05 7.1227425905107652e-06 -2.6895553476230164e-06 0.00012494670180511125 0 -4.9320627732598048e-05 1.3304839914709072e-05 -8.7005470065085473e-05 0 0 0 5.9813777079249301e-05 0.00012592472655305299 3.956178864697918e-05 -0.00014941885631583249 -5.1615339656471622e-05 0.00012707693664756872 0 0.00010909151136595838
leaf_weight=6870 1220 502 3378 324 2048 1271 1408 802 213 283 22389 1135 128 194 398 20 93 331 145 130 3079 50 122 511 211 93 220 150 33 57
leaf_count=6870 1220 502 3378 324 2048 1271 1408 802 213 283 22389 1135 128 194 398 20 93 331 145 130 3079 50 122 511 211 93 220 150 33 57
internal_value=4.29092e-08 -2.14412e-06 -3.56433e-06 2.07347e-07 -1.73676e-05 6.43495e-06 -1.4287e-05 -4.34861e-05 -5.84001e-05 1.26707e-06 1.72068e-06 8.3524e-06 3.94917e-05 5.87294e-05 6.01828e-05 3.37283e-05 6.56554e-05 8.3864e-05 -2.45773e-05 0.000100633 -1.34571e-05 1.68177e-05 -4.3635e-06 0.000118422 -2.67213e-05 -8.6175e-05 0 3.08884e-05 9.41895e-05 1.30215e-05
internal_weight=47808 44754 43394 33797 9597 4921 3456 4676 3591 1085 33473 23524 1360 1465 1087 3054 955 862 273 528 9949 2099 696 531 574 143 431 1403 183 559
internal_count=47808 44754 43394 33797 9597 4921 3456 4676 3591 1085 33473 23524 1360 1465 1087 3054 955 862 273 528 9949 2099 696 531 574 143 431 1403 183 559
is_linear=0
shrinkage=0.05


Tree=177
num_leaves=31
num_cat=0
split_feature=0 1 1 2 1 1 8 5 11 5 0 0 8 3 5 3 9 9 8 3 5 1 8 11 1 9 1 8 11 1
split_gain=0.00135589 0.000891963 0.00104409 0.00082373 0.00177378 0.00147694 0.00169149 0.00113559 0.00174098 0.000964885 0.000936412 0.000718897 0.000696552 0.00066229 0.000656954 0.00135011 0.00115508 0.000673203 0.000638132 0.000603847 0.000598538 0.000592057 0.000476156 0.000448452 0.000432613 0.000364465 0.000342307 0.000890961 0.00105389 0.000884576
threshold=0.61044999957084667 0.46428571641445165 0.35416667163372045 1.5000000000000002 0.30952382087707525 1.0000000180025095e-35 0.030776515603065494 0.8100000023841859 1.5015000104904177 0.55149999260902416 0.51274999976158153 0.68854999542236339 0.089572194963693633 21.500000000000004 0.96250000596046459 3.5000000000000004 6.8370001316070566 5.6675000190734872 0.059714796021580703 50.500000000000007 0.99950000643730175 0.46428571641445165 0.053101504221558578 0.50350001454353344 0.21111111342906955 4.5759999752044687 1.0000000180025095e-35 0.037749288603663451 1.4144999980926516 0.30952382087707525
decision_type=2 2 2 2 2 2 2 2 2 2 2 2 2 2 2 2 2 2 2 2 2 2 2 2 2 2 2 2 2 2
left_child=3 2 26 4 5 6 10 8 -5 21 -1 19 -10 -11 17 23 -17 -9 24 20 22 -6 -3 -16 -7 -21 27 28 -2 -28
right_child=1 11 -4 7 9 18 -8 14 12 13 -12 -13 -14 -15 15 16 -18 -19 -20 25 -22 -23 -24 -25 -26 -27 29 -29 -30 -31
leaf_value=-1.2946127700937984e-05 1.1664560516856771e-05 2.5369605853584207e-05 -7.0413400357684672e-05 -0.00016445453078517113 -4.7601195962022061e-06 -9.6163672785154201e-05 -0.0001347828691662813 -7.5093374008146868e-06 -4.3212677280756644e-05 0.00015760155929666722 6.0229086661666896e-06 0.00013015995305625425 5.236452378705781e-05 0 0 -0.00010961113589686661 0 7.166937640639193e-05 0 -0.00014426791045031901 -3.0525281305391433e-05 7.1983170035737503e-05 8.2375961556401705e-05 9.7299108903036889e-05 -2.6924871734169132e-05 0 -3.381647991057906e-05 -0.0001103880764034915 8.0665323049059252e-05 3.425111948531284e-05
leaf_weight=9798 5074 1594 406 321 621 689 236 372 1318 311 19295 234 179 168 117 502 430 497 451 62 210 336 735 222 734 134 1219 122 675 746
leaf_count=9798 5074 1594 406 321 621 689 236 372 1318 311 19295 234 179 168 117 502 430 497 451 62 210 336 735 222 734 134 1219 122 675 746
internal_value=5.34532e-08 1.53692e-05 6.17563e-06 -4.50173e-06 -1.72489e-06 -4.37359e-06 -1.44761e-06 -2.61367e-05 -5.52151e-05 5.23436e-05 -1.93683e-07 3.92057e-05 -2.84417e-05 0.000112573 0 -2.43078e-05 -5.80854e-05 3.20246e-05 -4.74961e-05 2.95914e-05 3.72506e-05 1.69648e-05 4.55095e-05 5.38004e-05 -6.39673e-05 -4.40977e-05 1.07828e-05 1.70608e-05 2.0637e-05 -5.43021e-06
internal_weight=47808 11211 8242 36597 32639 31203 29329 3958 1818 1436 29093 2969 1497 479 2140 1271 932 869 1874 2735 2539 957 2329 339 1423 196 7836 5871 5749 1965
internal_count=47808 11211 8242 36597 32639 31203 29329 3958 1818 1436 29093 2969 1497 479 2140 1271 932 869 1874 2735 2539 957 2329 339 1423 196 7836 5871 5749 1965
is_linear=0
shrinkage=0.05


Tree=178
num_leaves=31
num_cat=0
split_feature=9 8 5 0 9 9 10 9 10 2 1 1 1 9 5 5 9 0 0 5 1 3 1 10 1 8 1 3 1 0
split_gain=0.00134791 0.00108279 0.0010597 0.000972656 0.00101345 0.00131787 0.00113043 0.000923162 0.00119621 0.000791774 0.0024059 0.00195211 0.00167037 0.000990913 0.000760679 0.000747063 0.00077471 0.000576912 0.000563153 0.000382183 0.000373646 0.000233336 0.000234839 0.000214441 0.000189458 0.000144283 0.000126024 0.00012333 0.000103108 8.23553e-05
threshold=7.5030000209808358 0.21583850681781772 0.99149999022483837 0.57005000114440929 2.0785000324249272 1.0000000180025095e-35 7.2179999351501474 4.7555000782012948 7.3824999332427987 1.5000000000000002 0.46428571641445165 0.30952382087707525 1.0000000180025095e-35 1.0000000180025095e-35 0.90999999642372142 0.70649999380111705 9.7059998512268084 0.52015000581741344 1.0000000180025095e-35 0.62099999189376842 0.61250001192092907 47.500000000000007 0.77500000596046459 7.9235000610351571 1.0000000180025095e-35 0.22401433438062671 0.13392857462167743 19.500000000000004 0.91666665673255932 0.63155001401901256
decision_type=2 2 2 2 2 2 2 2 2 2 2 2 2 2 2 2 2 2 2 2 2 2 2 2 2 2 2 2 2 2
left_child=1 3 25 4 5 18 -7 8 -6 11 19 12 -5 -13 -12 16 26 -9 -1 -11 24 22 23 -17 27 -3 -2 -18 29 -28
right_child=15 2 -4 9 7 6 -8 17 -10 10 14 13 -14 -15 -16 21 20 -19 -20 -21 -22 -23 -24 -25 -26 -27 28 -29 -30 -31
leaf_value=-1.700442738884072e-05 0 0 0 9.2765641093068186e-06 -0.00024300609635524614 0 0.00033443074806622911 5.2850286945506971e-06 -1.2721100666794119e-06 -0.00013209489406552347 -1.4037153589463442e-05 1.1476842082906975e-05 -3.6959857744417102e-05 9.6655093882878375e-05 2.7666737310218097e-05 0.00015085399944562343 0.00011425314136263863 -5.3612989309803032e-05 2.6818204569213626e-07 -4.501504792664799e-05 0.00017202315571742129 0 8.9707351693644142e-07 0 0 0.00021344334894965163 -7.3519559628453169e-05 0 0 0
leaf_weight=8695 132 31 128 17204 139 21 52 554 152 377 2626 786 2180 913 1831 294 78 840 9115 608 84 44 128 61 259 123 202 50 39 62
leaf_count=8695 132 31 128 17204 139 21 52 554 152 377 2626 786 2180 913 1831 294 78 840 9115 608 84 44 128 61 259 123 202 50 39 62
internal_value=4.00563e-08 -1.33102e-06 9.59708e-05 -2.035e-06 -1.05635e-05 -6.74377e-06 0.000202616 -4.81321e-05 -0.00013396 4.06812e-06 -1.25667e-05 8.59914e-06 3.81853e-06 6.01952e-05 1.97384e-06 4.7897e-05 1.36563e-05 -2.66206e-05 -7.88377e-06 -8.34297e-05 6.16772e-05 9.72626e-05 0.000107374 0.000131674 2.47713e-05 0.000184533 -2.68493e-05 7.45099e-05 -4.55444e-05 -5.79365e-05
internal_weight=47808 46375 282 46093 19568 17883 73 1685 291 26525 5442 21083 19384 1699 4457 1433 906 1394 17810 985 471 527 483 355 387 154 435 128 303 264
internal_count=47808 46375 282 46093 19568 17883 73 1685 291 26525 5442 21083 19384 1699 4457 1433 906 1394 17810 985 471 527 483 355 387 154 435 128 303 264
is_linear=0
shrinkage=0.05


Tree=179
num_leaves=31
num_cat=0
split_feature=9 8 0 9 9 10 9 11 7 11 11 1 1 1 0 0 9 11 4 11 0 12 0 11 1 1 8 11 1 11
split_gain=0.00124499 0.000980575 0.000877894 0.000920908 0.00117001 0.0010404 0.000849143 0.00153822 0.000599869 0.00184776 0.00164578 0.00345452 0.00127608 0.000640944 0.000588459 0.000509743 0.000454623 0.000405412 0.00031282 0.000430843 0.000310759 0.00027159 0.000242 0.000187714 9.74056e-05 4.80322e-05 1.39354e-05 1.07525e-05 6.87779e-06 3.36317e-06
threshold=7.5030000209808358 0.21583850681781772 0.57005000114440929 2.0785000324249272 1.0000000180025095e-35 7.2179999351501474 4.5025000572204599 4.1004998683929452 1.0000000180025095e-35 0.086500000208616271 3.4025000333786015 1.0000000180025095e-35 0.46428571641445165 0.77500000596046459 0.52015000581741344 1.0000000180025095e-35 6.3910000324249276 0.086500000208616271 1.5000000000000002 0.43649999797344213 0.67175000905990612 0.12885928899049762 0.63625001907348644 2.5329999923706059 0.38750000298023229 0.58571431040763866 0.23904761672019961 0.57999998331069957 0.61250001192092907 0.5965000092983247
decision_type=2 2 2 2 2 2 2 2 2 2 2 2 2 2 2 2 2 2 2 2 2 2 2 2 2 2 2 2 2 2
left_child=1 2 3 4 15 -6 7 -5 10 13 20 -12 -11 -10 -8 -1 26 -2 19 28 -4 -21 23 24 -20 -25 -3 -18 -19 -24
right_child=17 16 8 6 5 -7 14 -9 9 12 11 -13 -14 -15 -16 -17 27 18 22 21 -22 -23 29 25 -26 -27 -28 -29 -30 -31
leaf_value=-1.615421645476324e-05 -3.6377090290089391e-05 0 4.4574565135870821e-06 -0.00021226771046229265 0 0.0003177413077270407 5.7812982290804481e-06 6.7532144884528247e-06 -0.00021950563484489556 -2.0377309114081281e-05 0.0003200357399683387 2.2139304631819864e-05 1.716110709475062e-05 0 -5.3237938704011886e-05 2.5477302355210407e-07 1.7985534602700519e-05 -2.213303140527767e-05 4.7217320804552775e-05 0 4.7256865815078442e-05 0.00013898083445423455 0 -3.8482943158507872e-05 0 0 0.00020230376755664891 0 0 0.00010380294099475157
leaf_weight=8695 69 40 16160 189 21 52 566 68 135 4878 131 568 4155 29 862 9115 83 35 319 65 469 295 28 140 299 25 86 73 35 123
leaf_count=8695 69 40 16160 189 21 52 566 68 135 4878 131 568 4155 29 862 9115 83 35 319 65 469 295 28 140 299 25 86 73 35 123
internal_value=5.25551e-08 -1.26102e-06 -1.93609e-06 -1.0042e-05 -6.38583e-06 0.000190721 -4.58748e-05 -0.000134889 3.85528e-06 -6.14036e-06 9.44911e-06 8.51581e-05 -2.55687e-06 -0.000172926 -2.63452e-05 -7.47555e-06 9.13176e-05 4.60486e-05 5.38861e-05 9.57596e-05 5.96551e-06 0.000118083 2.92472e-05 1.04811e-05 2.75139e-05 -2.3008e-05 0.000166338 0 0 9.33954e-05
internal_weight=47808 46375 46093 19568 17883 73 1685 257 26525 9197 17328 699 9033 164 1428 17810 282 1433 1364 430 16629 360 934 783 618 165 126 156 70 151
internal_count=47808 46375 46093 19568 17883 73 1685 257 26525 9197 17328 699 9033 164 1428 17810 282 1433 1364 430 16629 360 934 783 618 165 126 156 70 151
is_linear=0
shrinkage=0.05


Tree=180
num_leaves=31
num_cat=0
split_feature=0 1 2 5 11 1 1 8 5 1 1 3 5 11 3 8 3 12 3 5 11 5 3 5 3 11 0 3 1 11
split_gain=0.00118443 0.000842549 0.00107445 0.00176526 0.00285037 0.00169816 0.00167796 0.00217711 0.00119755 0.000860729 0.000810619 0.000749337 0.0007096 0.000672392 0.000772275 0.000486184 0.000461558 0.000435517 0.00043379 0.000876114 0.000794012 0.000374639 0.000400019 0.000340408 0.000333597 0.000279553 0.000261014 0.000244413 0.000234862 0.000233152
threshold=0.65035000443458568 0.91666665673255932 1.5000000000000002 0.7995000183582307 2.2044999599456792 0.30952382087707525 1.0000000180025095e-35 0.030776515603065494 0.44249999523162847 0.21111111342906955 0.61250001192092907 42.500000000000007 0.99450001120567333 0.27950000762939459 24.500000000000004 0.089572194963693633 49.500000000000007 0.038567787036299712 4.5000000000000009 0.94449999928474437 0.27950000762939459 0.7995000183582307 39.500000000000007 1.0000000180025095e-35 5.5000000000000009 0.68050000071525585 0.69369998574256908 4.5000000000000009 0.46428571641445165 3.8990000486373906
decision_type=2 2 2 2 2 2 2 2 2 2 2 2 2 2 2 2 2 2 2 2 2 2 2 2 2 2 2 2 2 2
left_child=1 2 5 4 25 6 7 -1 -7 -8 -6 -10 15 17 27 21 29 -2 20 -20 -5 -3 -23 -18 -14 -4 -19 28 -15 -16
right_child=13 12 3 18 10 8 9 -9 11 -11 -12 -13 24 14 16 -17 23 26 19 -21 -22 22 -24 -25 -26 -27 -28 -29 -30 -31
leaf_value=1.5778223754662092e-06 1.451770432930935e-05 4.5083946390930216e-06 -0.00024068107416886256 -7.4471311737011041e-05 -4.938891298092393e-05 9.2860317271855274e-06 -7.0712891062205572e-05 -0.00012860715475662967 0.0001222974171058736 -9.0920793914527324e-06 1.7663889413415774e-05 0 4.0809007411605274e-06 0 0 0.00015836916897093658 8.4163854551173138e-05 -0.00010724156731394274 2.8994933718902256e-05 -3.7885870315691701e-05 5.8353199036035343e-05 0.00010514468174947893 0 0 -8.2295714021040329e-05 -0.00010665041284188613 0 0.00010202102602751552 7.1329937859520304e-05 -8.4051445576515448e-05
leaf_weight=33473 1221 620 165 106 1029 1133 1299 324 585 1390 661 135 128 166 251 135 249 129 745 1231 669 289 43 83 145 449 35 662 140 118
leaf_count=33473 1221 620 165 106 1029 1133 1299 324 585 1390 661 135 128 166 251 135 249 129 745 1231 669 289 43 83 145 449 35 662 140 118
internal_value=8.79884e-08 -1.86282e-06 -3.18356e-06 -2.48613e-05 -5.71944e-05 -1.94881e-07 -2.69607e-06 1.81466e-07 4.63534e-05 -4.07207e-05 -2.0205e-05 9.77301e-05 3.65994e-05 3.03118e-05 5.18447e-05 5.6294e-05 3.97043e-06 7.51872e-07 4.01857e-07 -1.01398e-05 3.37282e-05 3.65523e-05 8.13184e-05 5.24467e-05 -2.35018e-05 -0.000150844 -7.12136e-05 8.13452e-05 2.0262e-05 -2.6101e-05
internal_weight=47808 44754 43394 5055 2304 38339 36486 33797 1853 2689 1690 720 1360 3054 1669 1087 701 1385 2751 1976 775 952 332 332 273 614 164 968 306 369
internal_count=47808 44754 43394 5055 2304 38339 36486 33797 1853 2689 1690 720 1360 3054 1669 1087 701 1385 2751 1976 775 952 332 332 273 614 164 968 306 369
is_linear=0
shrinkage=0.05


Tree=181
num_leaves=31
num_cat=0
split_feature=9 8 5 0 9 9 11 9 10 5 9 2 5 9 9 10 9 11 0 5 11 11 9 8 0 0 0 12 0 8
split_gain=0.00118118 0.0009167 0.000926257 0.000791796 0.00103713 0.00123681 0.00131961 0.00115581 0.00146153 0.000663056 0.000696503 0.000573001 0.00108529 0.0035472 0.000923279 0.000614657 0.00204501 0.00128342 0.000544773 0.000452612 0.000300431 0.000292338 0.000124366 9.46765e-05 7.68119e-05 7.62564e-05 0.000134721 0.000115532 3.0114e-05 1.5766e-05
threshold=7.5030000209808358 0.21583850681781772 0.99149999022483837 0.57824999094009411 2.0785000324249272 4.7555000782012948 4.1004998683929452 1.0000000180025095e-35 7.0989999771118173 0.70649999380111705 9.5085000991821307 1.5000000000000002 0.7995000183582307 6.0989999771118173 5.5390000343322763 7.2754998207092294 1.0000000180025095e-35 7.4814999103546151 1.0000000180025095e-35 0.55149999260902416 0.086500000208616271 2.5329999923706059 7.8580000400543222 0.23303167521953586 0.59995001554489147 0.56704998016357433 0.63015002012252819 0.95252183079719555 0.53415000438690197 0.37980769574642187
decision_type=2 2 2 2 2 2 2 2 2 2 2 2 2 2 2 2 2 2 2 2 2 2 2 2 2 2 2 2 2 2
left_child=1 3 23 4 7 6 -6 18 -9 10 25 15 13 -13 -14 16 -5 -17 -1 -7 -11 -12 -22 -3 28 -2 27 -27 -23 -4
right_child=9 2 29 11 5 19 -8 8 -10 20 21 12 14 -15 -16 17 -18 -19 -20 -21 22 24 -24 -25 -26 26 -28 -29 -30 -31
leaf_value=-1.5395403947804237e-05 0 0 -1.9119497490192143e-05 8.853490397725254e-06 -0.00018336799337772351 -6.6807834950423565e-05 0 0 0.00032176736958702931 0 0.00010158823960203217 -1.0654610739070235e-05 -3.455227525428422e-05 -0.00020658218661795313 2.8917613376027373e-05 5.3874815158087108e-05 -7.1626461312151424e-05 -8.1348754127118304e-06 7.5067575379730925e-07 -2.6591118050229487e-06 4.3429188670560769e-05 0 0.00014847387251971928 0.00021264689243976535 3.8483437995128018e-05 -7.9468935383859607e-05 0 0 -3.3935302361788208e-05 1.1554040983103489e-05
leaf_weight=8695 152 49 96 14286 279 427 91 23 61 54 224 2087 748 271 2021 2000 828 1219 11733 1324 246 56 227 105 129 176 77 26 66 32
leaf_count=8695 152 49 96 14286 279 427 91 23 61 54 224 2087 748 271 2021 2000 828 1219 11733 1324 246 56 227 105 129 176 77 26 66 32
internal_value=8.4132e-08 -1.19253e-06 8.83131e-05 -1.8488e-06 -8.59705e-06 -4.22007e-05 -0.000128229 -4.87839e-06 0.00017825 4.4886e-05 1.22737e-05 4.44844e-06 -9.87787e-06 -3.53003e-05 9.96599e-06 8.7277e-06 4.11324e-06 2.88397e-05 -5.87704e-06 -2.11607e-05 9.1453e-05 5.77029e-05 0.000104431 0.000171185 0 -2.61968e-05 -4.17502e-05 -6.38256e-05 -2.61658e-06 0
internal_weight=47808 46375 282 46093 22633 2121 370 20512 84 1433 906 23460 5127 2358 2769 18333 15114 3219 20428 1751 527 475 473 154 251 431 279 202 122 128
internal_count=47808 46375 282 46093 22633 2121 370 20512 84 1433 906 23460 5127 2358 2769 18333 15114 3219 20428 1751 527 475 473 154 251 431 279 202 122 128
is_linear=0
shrinkage=0.05


Tree=182
num_leaves=27
num_cat=0
split_feature=8 9 0 2 1 5 1 8 5 8 5 9 5 5 5 11 1 11 10 1 8 1 1 3 1 2
split_gain=0.00109671 0.00104722 0.000788958 0.000973246 0.000955391 0.00107809 0.0009706 0.000920164 0.000850128 0.000859929 0.000725304 0.000566285 0.000506626 0.000468402 0.00046836 0.000366165 0.000318874 0.000246039 0.000188113 0.000164544 0.00015818 8.28669e-05 7.10953e-05 5.34867e-05 8.90322e-05 5.50913e-06
threshold=0.48076923191547399 7.7005000114440927 0.61285001039505016 1.5000000000000002 0.30952382087707525 0.55149999260902416 1.0000000180025095e-35 0.021980676800012592 0.99950000643730175 0.10960961133241655 0.70649999380111705 9.7059998512268084 0.99149999022483837 0.98450002074241649 0.75549998879432689 1.2354999780654909 0.61250001192092907 0.086500000208616271 7.2860000133514413 1.0000000180025095e-35 0.26201373338699346 0.13392857462167743 0.91666665673255932 42.500000000000007 0.77500000596046459 2.5000000000000004
decision_type=2 2 2 2 2 2 2 2 2 2 2 2 2 2 2 2 2 2 2 2 2 2 2 2 2 2
left_child=1 2 3 4 6 -6 -1 14 9 13 11 21 -11 -4 -5 -9 19 -12 25 -13 -20 -3 -23 24 -19 -10
right_child=-2 10 8 7 5 -7 -8 15 18 12 17 16 -14 -15 -16 -17 -18 23 20 -21 -22 22 -24 -25 -26 -27
leaf_value=-1.4382474176673019e-06 0.00036935144823985124 0 6.2303521531782912e-06 -7.4247075717025432e-05 2.1338691024964194e-07 9.8281918458844532e-05 -3.9407379421742943e-05 -2.8903032080552534e-05 0 9.8309731296298335e-05 0 6.6731976962291727e-05 0 6.472611478267626e-05 -1.6452310485956469e-05 1.688899539811299e-05 0.00015733357674146213 0.00015177929183830593 -0.00019830977392342426 0 0 -4.5922763180123507e-05 0 0 0 -1.6105137254583264e-05
leaf_weight=29479 20 130 8933 1160 904 491 1814 745 35 454 32 128 87 384 884 1027 84 223 62 259 23 257 39 20 81 53
leaf_count=29479 20 130 8933 1160 904 491 1814 745 35 454 32 128 87 384 884 1027 84 223 62 259 23 257 39 20 81 53
internal_value=7.62952e-08 0 -1.29355e-06 -4.8021e-06 -1.84862e-06 3.83192e-05 -3.79915e-06 -2.87908e-05 1.0976e-05 1.33515e-05 4.50235e-05 1.43714e-05 7.59614e-05 9.17857e-06 -5.16998e-05 0 5.53583e-05 0.00010819 -9.54317e-05 2.02726e-05 -0.000155084 -1.92132e-05 -3.50837e-05 0.000121485 0.000127157 0
internal_weight=47808 47788 46535 36504 32688 1395 31293 3816 10031 9858 1253 897 541 9317 2044 1772 471 356 173 387 85 426 296 324 304 88
internal_count=47808 47788 46535 36504 32688 1395 31293 3816 10031 9858 1253 897 541 9317 2044 1772 471 356 173 387 85 426 296 324 304 88
is_linear=0
shrinkage=0.05


Tree=183
num_leaves=31
num_cat=0
split_feature=9 3 3 9 3 3 10 7 9 11 5 10 2 9 5 9 3 5 9 3 9 10 2 3 11 3 2 9 3 3
split_gain=0.0010032 0.000740911 0.00356459 0.00235093 0.0014594 0.00144436 0.00126093 0.00122232 0.000851368 0.00183054 0.00129856 0.000975112 0.000737217 0.000713396 0.00477316 0.00212826 0.00110122 0.000549792 0.000577604 0.000395375 0.000365741 0.00269658 0.000345275 0.000343373 0.000279678 0.000269123 0.000248902 0.000469586 0.000195642 0.00018259
threshold=7.5030000209808358 33.500000000000007 49.500000000000007 3.804999947547913 50.500000000000007 42.500000000000007 7.7044999599456796 1.0000000180025095e-35 6.0385000705719003 7.7249999046325692 0.78750002384185802 8.3324999809265154 1.5000000000000002 1.5835000276565554 0.55149999260902416 4.7980000972747812 6.5000000000000009 0.70649999380111705 9.5085000991821307 43.500000000000007 1.0000000180025095e-35 7.1684999465942392 1.5000000000000002 8.5000000000000018 0.69900000095367443 10.500000000000002 1.0000000180025095e-35 5.5814998149871835 49.500000000000007 25.500000000000004
decision_type=2 2 2 2 2 2 2 2 2 2 2 2 2 2 2 2 2 2 2 2 2 2 2 2 2 2 2 2 2 2
left_child=1 6 3 5 7 -3 13 22 9 11 29 -8 -9 20 16 -16 -15 18 -2 -5 23 -22 -4 -1 -19 -20 -6 -28 -27 -10
right_child=17 2 4 19 26 -7 8 12 10 -11 -12 -13 -14 14 15 -17 -18 24 25 -21 21 -23 -24 -25 -26 28 27 -29 -30 -31
leaf_value=1.8761979845395501e-06 -2.3255362513302031e-05 -9.0026097397290857e-05 0.00011603305182179006 0 0 -0.00029158325781512248 6.0976829375601258e-05 -5.6798527416072193e-06 -0.00014712027922181146 0 1.8036658584582775e-05 0.00019733394993695793 6.588306473376031e-05 -0.00019250829439453526 -7.8561002904585544e-05 2.0497811104342007e-05 -5.7596945093496066e-05 3.0656732019564843e-05 9.2707968653931241e-05 -7.338933031294354e-05 -0.00012153010306114975 0.00044194501435579966 0 -2.1876924357902513e-05 0.00013906400749680404 -1.3228722938337005e-05 -9.6232693849239385e-05 -4.3609925296451898e-06 7.9269734204577346e-05 0
leaf_weight=31696 431 378 426 496 335 196 1056 1524 161 1122 747 213 441 402 645 3264 478 314 232 264 29 37 56 1585 213 170 388 415 73 21
leaf_count=31696 431 378 426 496 335 196 1056 1524 161 1122 747 213 441 402 645 3264 478 314 232 264 29 37 56 1585 213 170 388 415 73 21
internal_value=8.37293e-08 -1.08458e-06 -1.94828e-05 -8.94844e-05 5.17235e-06 -0.000167599 9.77909e-07 2.81464e-05 3.06036e-05 4.66828e-05 -5.39891e-06 8.78177e-05 7.83897e-06 -1.47018e-06 -1.95689e-05 2.87207e-06 -0.000124923 4.13791e-05 1.10766e-05 -2.38952e-05 9.79116e-07 0.000118905 0.000100545 5.94663e-07 8.39761e-05 5.27509e-05 -3.98328e-05 -5.49846e-05 0 -0.000129002
internal_weight=47808 46375 4919 1334 3585 574 41456 2447 3320 2391 929 1269 1965 38136 4789 3909 880 1433 906 760 33347 66 482 33281 527 475 1138 803 243 182
internal_count=47808 46375 4919 1334 3585 574 41456 2447 3320 2391 929 1269 1965 38136 4789 3909 880 1433 906 760 33347 66 482 33281 527 475 1138 803 243 182
is_linear=0
shrinkage=0.05


Tree=184
num_leaves=31
num_cat=0
split_feature=0 11 9 11 8 2 5 11 9 11 0 10 10 3 3 8 9 9 11 10 10 9 11 3 5 12 11 5 0 0
split_gain=0.00101423 0.000677349 0.000712278 0.00176721 0.000672683 0.0010828 0.00130386 0.00183739 0.00128736 0.000880734 0.000706326 0.000610842 0.000584735 0.000574247 0.000571905 0.000496942 0.000460247 0.000425609 0.000404866 0.00040353 0.000365054 0.00170883 0.000666815 0.000298876 0.000333996 0.000280044 0.000275921 0.000521286 0.000262663 0.00025563
threshold=0.65125000476837169 0.27950000762939459 4.6909999847412118 5.5665001869201669 0.0745370388031006 1.5000000000000002 0.7995000183582307 1.5314999818801882 5.6900000572204599 1.2354999780654909 0.54205000400543224 7.7760000228881845 7.2684998512268075 49.500000000000007 29.500000000000004 0.031754031777381904 5.8010001182556161 7.9030001163482675 7.6949999332427987 6.1519999504089364 7.0989999771118173 1.0000000180025095e-35 7.4814999103546151 1.0000000180025095e-35 0.9975000023841859 0.97785946726799022 7.4969999790191659 0.95250001549720775 0.60694998502731334 0.69369998574256908
decision_type=2 2 2 2 2 2 2 2 2 2 2 2 2 2 2 2 2 2 2 2 2 2 2 2 2 2 2 2 2 2
left_child=4 16 3 19 5 10 7 25 11 28 15 -8 -11 -9 23 -1 -2 -10 -5 -3 21 -12 -22 -4 -25 -7 27 -14 -6 -18
right_child=1 2 14 18 9 6 8 13 17 12 20 -13 26 -15 -16 -17 29 -19 -20 -21 22 -23 -24 24 -26 -27 -28 -29 -30 -31
leaf_value=-8.9660656366342404e-06 1.2694388303059011e-05 -0.0001893564662651638 0 8.9642917229156932e-05 -3.0003188863913011e-05 -0.00016243958572183533 -8.3965221544013671e-05 -4.4176953040164275e-05 1.7199407297326805e-05 0 4.6669810985918391e-06 2.2653102483483665e-06 0.0001169807812240154 1.0935144437929281e-05 8.470473497129088e-07 -0.00016970393501960398 -0.00011644229901018875 0.0001592032070940589 0 -7.6629823483540294e-06 3.6446100520221592e-05 -7.1636222549011571e-05 -6.3471738861479939e-06 0.00014988743856954737 0 0 0 8.0881894113159379e-06 1.6714642465460792e-05 0
leaf_weight=12665 1169 88 29 423 623 382 516 1537 1501 345 20823 166 509 497 241 52 118 68 194 154 2225 757 1247 390 91 42 185 276 461 34
leaf_count=12665 1169 88 29 423 623 382 516 1537 1501 345 20823 166 509 497 241 52 118 68 194 154 2225 757 1247 390 91 42 185 276 461 34
internal_value=6.32936e-08 2.86573e-05 5.04653e-05 1.22491e-05 -1.69288e-06 -3.25151e-06 -2.58746e-05 -5.10752e-05 0 2.382e-05 -2.9844e-07 -5.5649e-05 5.18092e-05 -2.82526e-05 8.7513e-05 -1.00178e-05 0 2.65501e-05 6.22045e-05 -9.44369e-05 4.43579e-06 1.75834e-06 1.96367e-05 0.000118657 0.000128379 -0.000148737 7.17334e-05 8.50695e-05 -5.52335e-06 -7.95376e-05
internal_weight=47808 2931 1610 859 44877 42478 4709 2458 2251 2399 37769 682 1315 2034 751 12717 1321 1569 617 242 25052 21580 3472 510 481 424 970 785 1084 152
internal_count=47808 2931 1610 859 44877 42478 4709 2458 2251 2399 37769 682 1315 2034 751 12717 1321 1569 617 242 25052 21580 3472 510 481 424 970 785 1084 152
is_linear=0
shrinkage=0.05


Tree=185
num_leaves=31
num_cat=0
split_feature=1 5 0 1 8 8 1 9 11 5 9 10 0 11 3 11 3 3 11 5 11 9 3 10 9 3 9 5 11 11
split_gain=0.00105796 0.00132646 0.000822406 0.000795118 0.00163863 0.00136941 0.0010432 0.000738523 0.00106741 0.000803514 0.000729315 0.00071127 0.000652793 0.00111483 0.000646992 0.000391817 0.000500841 0.000385963 0.000333517 0.000321687 0.000315601 0.00029498 0.00029377 0.000503446 0.000472643 0.000449901 0.000287534 0.000231306 0.000211295 0.000185716
threshold=0.91666665673255932 0.99450001120567333 0.62804999947547924 1.0000000180025095e-35 0.030776515603065494 0.063164893537759795 0.21111111342906955 6.5965001583099374 0.34549999237060552 0.75549998879432689 4.3424999713897714 7.678499937057496 0.5165500044822694 4.1004998683929452 5.5000000000000009 1.3885000348091128 10.500000000000002 40.500000000000007 4.1004998683929452 0.84700000286102306 1.278500020503998 6.4489998817443857 24.500000000000004 6.493999958038331 0.93750000000000011 49.500000000000007 4.6004998683929452 0.67049998044967662 5.8960001468658456 5.5665001869201669
decision_type=2 2 2 2 2 2 2 2 2 2 2 2 2 2 2 2 2 2 2 2 2 2 2 2 2 2 2 2 2 2
left_child=2 10 3 4 12 6 28 22 19 -10 18 -8 20 -14 -3 21 -17 -12 -2 -9 -1 -7 23 24 -4 26 -24 -6 -5 -27
right_child=1 14 7 5 27 15 11 8 9 -11 17 -13 13 -15 -16 16 -18 -19 -20 -21 -22 -23 25 -25 -26 29 -28 -29 -30 -31
leaf_value=-1.5576694260222599e-05 -6.0988852661919829e-05 8.0737058812077136e-06 1.1988313657113636e-05 -0.00011008396782127177 -0.00016572814647082957 -5.2926839584544331e-05 -3.4150220685602879e-05 -0.00015512436626508364 1.0023505469423232e-05 0.00016607736691214169 0.00011764746939019991 1.0581131830996246e-06 3.0338785794181821e-06 5.867878444747594e-05 -0.00010669702845866065 7.9259884444636054e-05 0 0 3.5104693222777407e-05 0 2.6921357612667854e-06 9.930975875181853e-06 -9.8417963521108863e-05 4.7331167228714801e-05 -4.6062804161575858e-05 -2.614306089722869e-05 0 -1.1460587994878919e-05 -2.9324731082934665e-05 3.0490414171008952e-05
leaf_weight=7022 79 167 3124 501 169 240 3420 38 227 271 578 2015 20617 961 187 449 554 108 562 103 2927 670 204 966 376 137 227 121 344 444
leaf_count=7022 79 167 3124 501 169 240 3420 38 227 271 578 2015 20617 961 187 449 554 108 562 103 2927 670 204 966 376 137 227 121 344 444
internal_value=7.00403e-08 3.9127e-05 -1.24499e-06 -3.95562e-06 -2.18986e-07 -1.78561e-05 -2.94452e-05 1.5667e-05 6.77732e-05 0.000104999 6.359e-05 -2.01772e-05 7.11927e-07 5.74406e-06 -3.84465e-05 1.75744e-05 3.95519e-05 0.000101271 1.54549e-05 -2.82498e-05 -9.69947e-06 -1.157e-06 8.67508e-06 1.47456e-05 4.3223e-06 -1.31728e-05 -5.40217e-05 -0.000118623 -8.31307e-05 8.52965e-06
internal_weight=47808 1681 46127 40010 31817 8193 6280 6117 639 498 1327 5435 31527 21578 354 1913 1003 686 641 141 9949 910 5478 4466 3500 1012 431 290 845 581
internal_count=47808 1681 46127 40010 31817 8193 6280 6117 639 498 1327 5435 31527 21578 354 1913 1003 686 641 141 9949 910 5478 4466 3500 1012 431 290 845 581
is_linear=0
shrinkage=0.05


Tree=186
num_leaves=27
num_cat=0
split_feature=8 9 3 3 9 3 3 7 10 9 9 2 1 1 5 9 5 3 1 1 11 1 1 1 3 1
split_gain=0.000986999 0.00090125 0.000686877 0.00313126 0.002121 0.00121077 0.00119438 0.00115573 0.00106731 0.000977093 0.00178813 0.000585925 0.00229336 0.00140221 0.000561556 0.000462592 0.000418575 0.000361689 0.000280311 0.000218961 0.000211122 0.000147792 7.53011e-05 5.92608e-05 4.72823e-05 3.77483e-05
threshold=0.48076923191547399 7.7005000114440927 33.500000000000007 49.500000000000007 0.93750000000000011 50.500000000000007 43.500000000000007 1.0000000180025095e-35 8.0099999904632586 6.0025000572204599 1.0000000180025095e-35 1.5000000000000002 0.30952382087707525 0.41428571939468389 0.67049998044967662 9.5085000991821307 0.81949999928474437 43.500000000000007 0.61250001192092907 1.0000000180025095e-35 0.086500000208616271 1.0000000180025095e-35 0.13392857462167743 0.58571431040763866 42.500000000000007 0.77500000596046459
decision_type=2 2 2 2 2 2 2 2 2 2 2 2 2 2 2 2 2 2 2 2 2 2 2 2 2 2
left_child=1 2 8 4 6 7 -4 -5 11 10 -10 12 -1 -13 15 22 -11 -6 21 -7 -16 -17 -3 -24 25 -22
right_child=-2 14 3 5 17 19 -8 -9 9 16 -12 13 -14 -15 20 18 -18 -19 -20 -21 24 -23 23 -25 -26 -27
leaf_value=-9.2175444687512589e-07 0.00035038980300913553 0 -9.9186175508011995e-05 9.5469816791980043e-05 0 0 -0.00031593322652673683 5.5176450070765114e-06 0 -0.00010991005095069243 0.0001369598399255466 -7.5859665965857567e-05 6.6994849726827193e-05 -2.6465295531620064e-06 0 6.1355028240478815e-05 3.7449312806349176e-06 -7.5031225389822373e-05 0.00014551397015816902 -5.0030425486080885e-05 0.00013568412004057254 0 -4.6657398474821076e-05 0 0 0
leaf_weight=34456 20 130 357 482 562 336 136 1964 455 88 510 850 1286 3562 32 128 376 288 85 827 226 262 205 83 20 82
leaf_count=34456 20 130 357 482 562 336 136 1964 455 88 510 850 1286 3562 32 128 376 288 85 827 226 262 205 83 20 82
internal_value=7.09711e-08 0 -1.20307e-06 -1.88488e-05 -8.42218e-05 4.09439e-06 -0.00016917 2.52905e-05 7.78105e-07 4.32926e-05 7.26807e-05 -6.10485e-07 1.38218e-06 -1.78862e-05 4.17647e-05 1.36949e-05 -7.05582e-06 -2.90558e-05 5.05474e-05 -3.61845e-05 9.74852e-05 1.70004e-05 -1.62261e-05 -3.21795e-05 0.000109722 0.000114909
internal_weight=47808 47788 46535 4952 1343 3609 493 2446 41583 1429 965 40154 35742 4412 1253 893 464 850 475 1163 360 390 418 288 328 308
internal_count=47808 47788 46535 4952 1343 3609 493 2446 41583 1429 965 40154 35742 4412 1253 893 464 850 475 1163 360 390 418 288 328 308
is_linear=0
shrinkage=0.05


Tree=187
num_leaves=31
num_cat=0
split_feature=1 5 0 2 1 1 5 11 9 10 1 5 9 1 10 0 9 11 5 5 5 9 9 5 11 4 5 12 0 11
split_gain=0.000934761 0.00122213 0.000750565 0.000805392 0.00117484 0.00128313 0.00112057 0.0021742 0.00171899 0.000925435 0.000810917 0.000807359 0.000695962 0.000689682 0.000625452 0.000571444 0.000557955 0.000832834 0.000548836 0.00051375 0.000477039 0.000890855 0.000450569 0.000422272 0.000376202 0.000332771 0.000299937 0.000248602 0.000242557 0.000209831
threshold=0.91666665673255932 0.99950000643730175 0.64305001497268688 1.5000000000000002 0.30952382087707525 1.0000000180025095e-35 0.7995000183582307 2.2044999599456792 5.7985000610351571 6.8964998722076425 0.18333333730697635 0.55149999260902416 8.5060000419616717 0.46428571641445165 6.4454998970031747 0.50575000047683727 6.2005000114440927 0.31149999797344213 0.94449999928474437 0.78750002384185802 0.7995000183582307 4.5025000572204599 4.243000030517579 0.98149999976158153 5.05299997329712 1.5000000000000002 0.75549998879432689 0.58558082580566417 0.67645001411437999 0.3275000005960465
decision_type=2 2 2 2 2 2 2 2 2 2 2 2 2 2 2 2 2 2 2 2 2 2 2 2 2 2 2 2 2 2
left_child=2 22 3 4 5 15 7 12 9 -8 -7 -6 -5 -9 -13 -1 20 -18 -10 -19 28 -22 24 26 -2 -3 -24 -26 -4 -23
right_child=1 25 16 6 11 10 8 13 18 -11 -12 14 -14 -15 -16 -17 17 19 -20 -21 21 29 23 -25 27 -27 -28 -29 -30 -31
leaf_value=-1.0205345841243245e-05 -6.1485134340517062e-05 0 9.5727641510690113e-06 -0.00015278076403636644 9.5584562830447394e-06 -0.00010843212187788083 -0.00016914679601779878 -7.4705530803093479e-05 7.0808607317035736e-05 -2.2230341428298525e-05 -2.211079602986166e-05 0 0 0 0.00010796737402862371 4.2291724845939495e-06 -1.9672483657929872e-05 0 4.8096996686445183e-06 0.00016046899740560926 -0.00015624991581049584 -8.1424780170500413e-05 2.6221016581813856e-05 0 0 -0.00012697427726632518 0.00013778292213201609 6.4932758771253369e-05 5.2366326048486434e-05 2.2847540072144971e-05
leaf_weight=9655 96 118 2058 515 1169 373 182 375 493 541 2231 85 78 1251 530 23652 95 145 1444 228 110 55 225 232 220 105 376 309 557 305
leaf_count=9655 96 118 2058 515 1169 373 182 375 493 541 2231 85 78 1251 530 23652 95 145 1444 228 110 55 225 232 220 105 376 309 557 305
internal_value=6.48052e-08 3.67829e-05 -1.16499e-06 -3.10993e-06 -4.9964e-07 -2.59787e-06 -2.22517e-05 -4.84878e-05 0 -6.61464e-05 -3.63993e-05 3.89318e-05 -0.000131676 -1.5068e-05 8.66257e-05 0 2.07325e-05 7.37205e-05 2.41915e-05 0.000110907 1.10713e-05 -3.131e-05 5.53514e-05 8.11718e-05 1.29317e-05 -6.21786e-05 0.000104346 3.58956e-05 2.06015e-05 0
internal_weight=47808 1681 46127 42574 37695 35911 4879 2219 2660 723 2604 1784 593 1626 615 33307 3553 468 1937 373 3085 470 1458 833 625 223 601 529 2615 360
internal_count=47808 1681 46127 42574 37695 35911 4879 2219 2660 723 2604 1784 593 1626 615 33307 3553 468 1937 373 3085 470 1458 833 625 223 601 529 2615 360
is_linear=0
shrinkage=0.05


Tree=188
num_leaves=24
num_cat=0
split_feature=8 9 2 1 1 1 8 11 10 9 0 4 11 9 11 8 1 11 1 8 12 4 2
split_gain=0.000937938 0.000758749 0.000566041 0.00199333 0.00164849 0.0015457 0.00283789 0.000931443 0.000820617 0.000666137 0.000655617 0.00077649 0.000341625 0.000335721 0.000408821 0.000312937 0.000304001 0.000234132 0.000233467 0.000163727 8.32971e-05 0.000155976 0.000118194
threshold=0.21583850681781772 7.5030000209808358 1.5000000000000002 0.30952382087707525 0.46428571641445165 1.0000000180025095e-35 0.030776515603065494 7.3650000095367441 6.3964998722076425 6.5965001583099374 0.58715000748634349 1.5000000000000002 0.086500000208616271 5.616999864578248 0.34549999237060552 0.48076923191547399 0.53571429848670971 0.68050000071525585 0.46428571641445165 0.12158167362213136 0.095698427408933653 1.5000000000000002 1.0000000180025095e-35
decision_type=2 2 2 2 2 2 2 2 2 2 2 2 2 2 2 2 2 2 2 2 2 2 2
left_child=1 2 3 5 13 6 -1 8 -5 -7 11 -6 -3 19 -15 17 -12 -2 -9 -4 -14 -22 -23
right_child=15 12 4 7 10 9 -8 18 -10 -11 16 -13 20 14 -16 -17 -18 -19 -20 -21 21 22 -24
leaf_value=2.1135750792853763e-06 0 -4.5156590390280066e-05 -0.00010698089642448184 0 1.1441172675850523e-05 -4.9014870917539816e-05 -0.00014761102771343245 -2.1629954204071449e-05 8.6747805435079012e-05 1.0989323808504923e-05 -1.1675884415730993e-05 -6.1088308715121604e-05 0 -0.00010671312700283698 0 0.00033320631016397952 1.7522911658532942e-05 8.6411670628659101e-05 3.9021376796464369e-05 0 8.8284174785887353e-05 6.8463277285678751e-05 6.2793722938708555e-06
leaf_weight=34574 147 62 562 245 457 2345 319 453 1223 417 1150 898 184 128 431 20 2611 197 244 36 326 179 600
leaf_count=34574 147 62 562 245 457 2345 319 453 1223 417 1150 898 184 128 431 20 2611 197 244 36 326 179 600
internal_value=6.49216e-08 -4.43856e-07 -1.63039e-06 4.47215e-07 -1.56155e-05 -2.10832e-06 6.01044e-07 4.7202e-05 6.97993e-05 -3.81453e-05 -2.40574e-06 -3.29375e-05 3.63343e-05 -6.96999e-05 -2.79481e-05 8.00937e-05 7.26533e-06 5.07546e-05 0 -0.000100358 4.41358e-05 4.96059e-05 2.69927e-05
internal_weight=47808 47444 46093 39820 6273 37655 34893 2165 1468 2762 5116 1355 1351 1157 559 364 3761 344 697 598 1289 1105 779
internal_count=47808 47444 46093 39820 6273 37655 34893 2165 1468 2762 5116 1355 1351 1157 559 364 3761 344 697 598 1289 1105 779
is_linear=0
shrinkage=0.05


Tree=189
num_leaves=31
num_cat=0
split_feature=8 9 5 2 1 1 9 4 9 5 10 8 5 1 11 5 9 9 11 11 11 8 8 9 8 1 8 1 9 11
split_gain=0.000863106 0.000695046 0.000641498 0.000514533 0.00179215 0.00150145 0.00141584 0.00284442 0.00153179 0.000925027 0.000608366 0.000597773 0.00087482 0.000521332 0.000417121 0.000379673 0.000419365 0.000286476 0.000366909 0.000240739 0.000222538 0.000148186 9.84502e-05 0.000107296 8.51776e-05 7.03941e-05 6.99704e-05 6.76149e-05 2.91392e-05 3.10017e-05
threshold=0.21583850681781772 7.5030000209808358 0.99149999022483837 1.5000000000000002 0.30952382087707525 0.46428571641445165 2.0785000324249272 1.5000000000000002 1.0000000180025095e-35 0.44249999523162847 6.4454998970031747 0.019049347378313545 0.99950000643730175 0.46428571641445165 3.0654999017715459 0.70649999380111705 9.5085000991821307 5.616999864578248 0.34549999237060552 0.086500000208616271 2.5329999923706059 0.12158167362213136 0.10960961133241655 7.8580000400543222 0.37980769574642187 0.13392857462167743 0.22401433438062671 0.58571431040763866 7.7005000114440927 1.2354999780654909
decision_type=2 2 2 2 2 2 2 2 2 2 2 2 2 2 2 2 2 2 2 2 2 2 2 2 2 2 2 2 2 2
left_child=1 3 26 4 6 17 8 -8 -1 13 -11 14 -13 -6 -7 16 25 21 -19 -17 -18 -5 23 -21 28 -3 -2 -27 29 -4
right_child=2 15 24 5 9 11 7 -9 -10 10 -12 12 -14 -15 -16 19 20 18 -20 22 -22 -23 -24 -25 -26 27 -28 -29 -30 -31
leaf_value=0 0 0 -4.0186499830628422e-05 -0.00010163280339371209 -3.6994141851772338e-06 -3.7725819105571167e-05 -0.00012241697490819893 -2.7929421225563144e-06 0.00017448087108120602 0 0.00010313218142729497 2.6180874012900462e-05 -7.8516430695461329e-05 5.9369724812872313e-05 0 0 8.2877061849144675e-05 -0.00010138163562735145 0 2.9192908662823696e-05 0 0 0 0.00015108903469916948 6.3326490852015402e-05 -4.8389355383709765e-05 0.00017512133225289713 0 0 0
leaf_weight=34900 31 132 93 562 869 1423 719 1910 126 117 746 2157 202 433 1334 47 223 128 431 174 251 36 76 152 53 212 128 84 39 20
leaf_count=34900 31 132 93 562 869 1423 719 1910 126 117 746 2157 202 433 1334 47 223 128 431 174 251 36 76 152 53 212 128 84 39 20
internal_value=6.90533e-08 -4.14729e-07 7.68408e-05 -1.55484e-06 4.20288e-07 -1.48895e-05 -1.99629e-06 -3.74139e-05 5.19456e-07 4.47583e-05 8.62106e-05 -2.23663e-06 1.50933e-05 1.34382e-05 -1.88783e-05 3.47799e-05 9.37251e-06 -6.65116e-05 -2.67265e-05 7.46741e-05 4.53732e-05 -9.53315e-05 8.78907e-05 0.00010139 0 -1.88191e-05 0.000153599 -3.32624e-05 0 -2.53792e-05
internal_weight=47808 47444 364 46093 39820 6273 37655 2629 35026 2165 863 5116 2359 1302 2757 1351 902 1157 559 449 474 598 402 326 205 428 159 296 152 113
internal_count=47808 47444 364 46093 39820 6273 37655 2629 35026 2165 863 5116 2359 1302 2757 1351 902 1157 559 449 474 598 402 326 205 428 159 296 152 113
is_linear=0
shrinkage=0.05


Tree=190
num_leaves=26
num_cat=0
split_feature=8 3 3 3 9 7 1 11 10 11 9 9 10 1 9 9 11 12 8 8 11 10 10 10 11
split_gain=0.000818573 0.000710283 0.000899171 0.00470763 0.00146264 0.00112954 0.00133524 0.000929753 0.000845944 0.000889635 0.00062576 0.00035797 0.000227825 0.000173152 0.00036395 0.000137584 0.000134088 0.000173412 0.000120539 0.00011529 8.30502e-05 8.21855e-05 2.1142e-05 4.57127e-06 2.26462e-06
threshold=0.2828571498394013 50.500000000000007 49.500000000000007 42.500000000000007 3.1014999151229863 1.0000000180025095e-35 0.46428571641445165 6.3459999561309823 7.7044999599456796 7.7249999046325692 6.5965001583099374 2.5095000267028813 7.6624999046325692 1.0000000180025095e-35 5.5814998149871835 6.0385000705719003 6.488499879837037 0.97327381372451793 0.049390243366360671 0.057983193546533592 3.5404999256134038 7.7249999046325692 7.7514998912811288 7.8635001182556161 2.0015000104904179
decision_type=2 2 2 2 2 2 2 2 2 2 2 2 2 2 2 2 2 2 2 2 2 2 2 2 2
left_child=1 2 3 8 -5 18 7 -7 10 -10 -1 -8 -2 16 21 24 22 -18 -4 -17 -6 -15 -3 -23 -16
right_child=12 13 5 4 20 6 11 -9 9 -11 -12 -13 -14 14 15 19 17 -19 -20 -21 -22 23 -24 -25 -26
leaf_value=-3.0190052243676984e-06 0.00013858815645863623 -4.8646506475106532e-05 0.00010513015538023748 -0.00027304487458036382 -7.4269136135977088e-05 7.2830444421861554e-05 0.00010074765773727148 -2.8989390794143271e-05 3.876683549044701e-05 -8.6254203815207429e-06 2.3821392685994284e-05 0 0 -0.00012177884199156902 2.1276434865403609e-05 -5.0897366369030177e-05 6.1237420280120002e-05 0 0 0 0 0 0 -2.2821139787734343e-05 0
leaf_weight=37004 136 133 465 186 320 256 426 1300 2795 1300 2285 42 28 217 83 244 135 56 31 101 23 45 29 125 43
leaf_count=37004 136 133 465 186 320 256 426 1300 2795 1300 2285 42 28 217 83 244 135 56 31 101 23 45 29 125 43
internal_value=6.57094e-08 -2.13565e-07 6.66706e-07 -8.8976e-07 -0.000149186 2.97724e-05 1.03911e-05 -9.02078e-06 8.03566e-07 2.25009e-05 -1.33068e-06 8.56011e-05 0.000111618 -3.80913e-05 -5.05202e-05 -8.25772e-06 0 1.95578e-05 9.87638e-05 -3.15782e-05 -6.73869e-05 -8.9024e-05 -4.02126e-05 -1.77719e-05 1.59193e-05
internal_weight=47808 47644 46433 43913 529 2520 2024 1556 43384 4095 39289 468 164 1211 858 471 353 191 496 345 343 387 162 170 126
internal_count=47808 47644 46433 43913 529 2520 2024 1556 43384 4095 39289 468 164 1211 858 471 353 191 496 345 343 387 162 170 126
is_linear=0
shrinkage=0.05


Tree=191
num_leaves=31
num_cat=0
split_feature=0 8 11 1 8 1 5 2 11 11 0 11 10 11 1 5 5 5 5 8 11 12 0 11 10 10 4 11 11 0
split_gain=0.000819158 0.000533622 0.00084944 0.0007827 0.00196411 0.00193158 0.00121249 0.000920485 0.000686232 0.00174753 0.000607597 0.00060384 0.000549653 0.00041857 0.000306331 0.000362596 0.000210058 0.000207829 0.000272385 0.000316054 0.000277093 0.000181344 0.000180816 0.00017943 0.000159871 0.000140609 0.000104503 0.000126708 0.000361952 0.000103327
threshold=0.66255000233650219 0.073622401803731932 1.2354999780654909 1.0000000180025095e-35 0.030776515603065494 0.21111111342906955 0.55149999260902416 1.5000000000000002 4.1004998683929452 6.3459999561309823 1.0000000180025095e-35 1.4545000195503237 7.2684998512268075 0.26449999213218695 0.18333333730697635 0.95250001549720775 0.99349999427795421 0.73399999737739574 0.93450000882148754 0.10380747169256212 0.31149999797344213 0.038567787036299712 0.69369998574256908 5.8960001468658456 8.1755003929138201 8.0885000228881854 1.0000000180025095e-35 1.3125000000000002 5.9010000228881845 0.6658499836921693
decision_type=2 2 2 2 2 2 2 2 2 2 2 2 2 2 2 2 2 2 2 2 2 2 2 2 2 2 2 2 2 2
left_child=1 3 17 4 8 16 11 -8 10 -10 -1 -7 -4 21 -14 -16 23 -3 20 -20 -19 -2 -23 -5 26 -6 -15 29 -29 -28
right_child=13 2 12 5 25 6 7 -9 9 -11 -12 -13 14 24 15 -17 -18 18 19 -21 -22 22 -24 -25 -26 -27 27 28 -30 -31
leaf_value=-1.4022428538730474e-05 1.4611221720446969e-05 -7.2176454744480293e-05 0 -0.00011009747586981877 -0.00017384944397967768 -8.5969987665345494e-05 5.05378471246894e-05 -1.2601120143643207e-06 0.00011179207277000731 7.2745216801360473e-06 3.0406917561074543e-06 -1.7783552237970345e-05 0 0 9.9110078332228092e-05 6.3477140838436581e-06 0 0 2.2627137771570413e-05 -3.5958712157546215e-05 9.4791154445182996e-05 -9.8770613850563335e-05 0 -3.8212984768029382e-05 0 0 0 0 7.5911146021815799e-05 0.0001204105589957163
leaf_weight=6656 672 111 384 582 171 423 1134 2828 481 3274 23685 3674 109 31 632 274 56 44 272 599 139 78 34 426 33 20 28 391 349 218
leaf_count=6656 672 111 384 582 171 423 1134 2828 481 3274 23685 3674 109 31 632 274 56 44 272 599 139 78 34 426 33 20 28 391 349 218
internal_value=4.60681e-08 -1.15628e-06 2.07986e-05 -2.56827e-06 7.56443e-07 -1.56115e-05 -6.5716e-06 1.23044e-05 1.79742e-06 2.19969e-05 -5.37739e-07 -2.60458e-05 4.76268e-05 3.29106e-05 6.69334e-05 7.65781e-05 -7.93758e-05 -7.12797e-06 0 -1.19229e-05 5.51613e-05 0 -5.25763e-05 -8.46844e-05 5.37425e-05 -0.000158811 5.80941e-05 6.12042e-05 3.86715e-05 0.000108625
internal_weight=47808 45974 2564 43410 34287 9123 8059 3962 34096 3755 30341 4097 1399 1834 1015 906 1064 1165 1054 871 183 784 112 1008 1050 191 1017 986 740 246
internal_count=47808 45974 2564 43410 34287 9123 8059 3962 34096 3755 30341 4097 1399 1834 1015 906 1064 1165 1054 871 183 784 112 1008 1050 191 1017 986 740 246
is_linear=0
shrinkage=0.05


Tree=192
num_leaves=31
num_cat=0
split_feature=0 3 0 9 5 9 5 11 7 1 1 9 9 3 3 3 5 7 1 5 1 11 1 11 7 0 9 1 1 3
split_gain=0.000788397 0.000594662 0.000553708 0.000441782 0.00157353 0.00115224 0.00113387 0.000508464 0.000922911 0.001459 0.000895182 0.00071779 0.00341833 0.00040866 0.000378736 0.00260618 0.00106734 0.000731222 0.000291351 0.000432153 0.000372125 0.000288196 0.000518258 0.000255864 0.000338812 0.000213188 0.00020483 0.000202718 0.000170749 0.000129073
threshold=0.6033499836921693 50.500000000000007 0.71889999508857738 6.6010000705719003 0.78750002384185802 7.7650001049041757 0.99950000643730175 3.344500064849854 1.0000000180025095e-35 0.15476191043853763 0.46428571641445165 2.5095000267028813 4.243000030517579 40.500000000000007 49.500000000000007 41.500000000000007 0.44249999523162847 1.0000000180025095e-35 0.91666665673255932 0.99450001120567333 1.0000000180025095e-35 6.3459999561309823 0.30952382087707525 5.05299997329712 1.0000000180025095e-35 0.59095001220703136 9.7059998512268084 0.6904762089252473 0.15476191043853763 27.500000000000004
decision_type=2 2 2 2 2 2 2 2 2 2 2 2 2 2 2 2 2 2 2 2 2 2 2 2 2 2 2 2 2 2
left_child=1 14 3 7 5 29 13 11 9 -9 -10 -2 -13 -6 15 18 -17 -16 20 -20 -1 -19 -23 25 -25 -3 -7 -8 -26 -5
right_child=2 23 -4 4 6 26 27 8 10 -11 -12 12 -14 -15 17 16 -18 21 19 -21 -22 22 -24 24 28 -27 -28 -29 -30 -31
leaf_value=-8.3877832805699311e-07 7.9807450176023114e-06 -0.00010000849617049493 0.00012666698047733167 -0.0001467103706526996 0.00012160673280836332 0 2.7999356660425559e-05 0.00031775043136459178 -8.092015827207505e-06 2.8813826892591779e-05 4.8934678004003028e-05 -0.00022988231211357337 -4.8205552469837624e-06 0 7.6055508612515686e-05 -0.00023379103805643006 -6.882740614592527e-06 6.0006083346289412e-05 5.823721477212732e-05 -2.4862133255025361e-05 -1.6527909592389706e-05 -3.8912681873984715e-05 3.7703755511516915e-05 -8.2343542357371925e-05 6.5682580407365641e-05 0 5.4491721578591499e-05 -5.2711769927508004e-05 0 0
leaf_weight=26355 6290 292 108 160 630 171 125 69 1779 271 1028 187 2326 125 432 174 144 167 466 136 4593 672 279 105 130 123 210 147 56 58
leaf_count=26355 6290 292 108 160 630 171 125 69 1779 271 1028 187 2326 125 432 174 144 167 466 136 4593 672 279 105 130 123 210 147 56 58
internal_value=3.84873e-08 -3.92201e-06 1.02802e-05 8.98507e-06 3.40233e-05 -2.43244e-05 7.29219e-05 5.15952e-06 2.24592e-05 0.000102229 1.10125e-05 -4.57156e-07 -2.35661e-05 0.00010482 -2.80369e-06 -4.10927e-06 -0.000146793 2.08119e-05 -2.51219e-06 3.11587e-05 -3.32881e-06 0 -1.11766e-05 -4.97674e-05 0 -7.58558e-05 1.71266e-05 0 2.68741e-05 -0.000119668
internal_weight=47808 34124 13684 13576 1626 599 1027 11950 3147 340 2807 8803 2513 755 33418 31868 318 1550 31550 602 30948 1118 951 706 291 415 381 272 186 218
internal_count=47808 34124 13684 13576 1626 599 1027 11950 3147 340 2807 8803 2513 755 33418 31868 318 1550 31550 602 30948 1118 951 706 291 415 381 272 186 218
is_linear=0
shrinkage=0.05


Tree=193
num_leaves=26
num_cat=0
split_feature=8 9 3 3 9 3 3 7 11 9 11 7 11 0 5 9 9 3 1 1 11 1 1 1 3
split_gain=0.000748694 0.000707543 0.000612403 0.00261795 0.00169912 0.00094873 0.00085473 0.000848067 0.000628925 0.00320813 0.00483385 0.001254 0.000674655 0.000584522 0.0004301 0.00034859 0.000325992 0.000290215 0.000241726 0.000183446 0.000172666 0.00011705 5.14229e-05 4.56126e-05 3.81446e-05
threshold=0.48076923191547399 7.7005000114440927 33.500000000000007 49.500000000000007 3.804999947547913 50.500000000000007 42.500000000000007 1.0000000180025095e-35 4.1004998683929452 1.0000000180025095e-35 5.8960001468658456 1.0000000180025095e-35 3.8990000486373906 0.55474999547004711 0.67049998044967662 9.7059998512268084 3.7109999656677251 45.500000000000007 0.61250001192092907 1.0000000180025095e-35 0.086500000208616271 1.0000000180025095e-35 0.13392857462167743 0.58571431040763866 42.500000000000007
decision_type=2 2 2 2 2 2 2 2 2 2 2 2 2 2 2 2 2 2 2 2 2 2 2 2 2
left_child=1 2 8 4 6 7 -4 -5 12 11 -11 -10 13 -1 15 22 -14 -6 21 -7 -16 -17 -3 -24 -22
right_child=-2 14 3 5 17 19 -8 -9 9 10 -12 -13 16 -15 20 18 -18 -19 -20 -21 24 -23 23 -25 -26
leaf_value=-1.0213404026298264e-05 0.00030515916123974659 0 -7.9184653497295617e-05 8.225441006305727e-05 0 0 -0.00024475217510127803 4.6695521099954814e-06 4.9117762176908959e-05 4.7815753119710606e-05 0.00046636231477909998 -1.1102817311245785e-05 -0.00021876053861029956 3.285521559178755e-06 0 5.2258021945609006e-05 0 -8.1129183594275987e-05 0.0001320488296399213 -4.5073064908568287e-05 0.0001018314836358409 0 -3.8844486450768206e-05 0 0
leaf_weight=11742 20 130 378 482 607 336 196 1964 1146 395 95 3356 53 24763 32 128 33 162 84 827 308 259 208 84 20
leaf_count=11742 20 130 378 482 607 336 196 1964 1146 395 95 3356 53 24763 32 128 33 162 84 827 308 259 208 84 20
internal_value=2.00186e-08 -3.69643e-09 -1.10653e-06 -1.7772e-05 -7.75367e-05 3.08404e-06 -0.000144462 2.2005e-05 7.57916e-07 1.74826e-05 0.000139243 3.1167e-06 -1.38718e-06 -9.19518e-07 3.6961e-05 1.1556e-05 -0.000141593 -2.10687e-05 4.41753e-05 -3.24097e-05 8.60736e-05 1.21562e-05 -1.3007e-05 -2.61647e-05 9.71952e-05
internal_weight=47808 47788 46535 4952 1343 3609 574 2446 41583 4992 490 4502 36591 36505 1253 893 86 769 471 1163 360 387 422 292 328
internal_count=47808 47788 46535 4952 1343 3609 574 2446 41583 4992 490 4502 36591 36505 1253 893 86 769 471 1163 360 387 422 292 328
is_linear=0
shrinkage=0.05


Tree=194
num_leaves=31
num_cat=0
split_feature=0 10 2 1 1 1 8 5 5 4 5 9 9 1 5 9 9 9 0 5 1 9 10 10 4 1 9 10 9 5
split_gain=0.000734096 0.000503208 0.00068987 0.00147818 0.0011057 0.00103967 0.00162663 0.000910138 0.000784681 0.000782514 0.000984753 0.000725 0.000721605 0.000702534 0.000667441 0.000506894 0.00169348 0.000478191 0.000336386 0.000308376 0.000471457 0.000267846 0.000230974 0.000208802 0.00024365 0.000199947 0.000252853 0.00023582 0.000151674 0.000112837
threshold=0.65035000443458568 8.2065000534057635 1.5000000000000002 0.30952382087707525 0.53571429848670971 1.0000000180025095e-35 0.030776515603065494 0.62099999189376842 0.55149999260902416 1.5000000000000002 0.94750002026557933 7.3125000000000009 5.6675000190734872 0.46428571641445165 0.9975000023841859 6.1695001125335702 1.0000000180025095e-35 5.0025000572204599 0.71889999508857738 0.99950000643730175 0.41428571939468389 2.4654999971389775 7.0989999771118173 6.0655000209808358 2.5000000000000004 1.0000000180025095e-35 4.6909999847412118 1.0000000180025095e-35 5.4014999866485605 0.73399999737739574
decision_type=2 2 2 2 2 2 2 2 2 2 2 2 2 2 2 2 2 2 2 2 2 2 2 2 2 2 2 2 2 2
left_child=1 2 3 5 7 6 -1 21 -7 10 -6 -9 13 -5 -11 16 -3 -18 19 20 25 -4 -21 -22 -25 27 -27 -2 -19 -14
right_child=18 15 4 12 9 8 -8 11 -10 14 -12 -13 29 -15 -16 -17 17 28 -20 22 23 -23 -24 24 -26 26 -28 -29 -30 -31
leaf_value=9.412759462019104e-07 6.4071245126048696e-06 0 -4.9343866361055242e-05 -1.6366829120118479e-06 0 -5.9784064652151697e-05 -0.00011618059409172685 -3.3138818445752977e-05 0 -3.7941229043297265e-06 9.5797379559849484e-05 5.5424049717304895e-05 4.0314565363887522e-05 7.1790759675075127e-05 -0.00010903522792773718 -6.9777555492096609e-06 0.00018950127160638323 0 0.0001199683349046604 0 0 -0.00013162492564970117 -0.00012324501884233193 0.00011254645607335428 2.6646134821473811e-05 -4.5557608111720814e-05 8.4687855845708506e-06 7.6024122686852759e-05 6.4719513160140007e-05 0.00013341016000923385
leaf_weight=33123 1183 590 625 891 496 1336 299 1317 1186 1811 427 248 283 426 180 489 205 45 108 34 117 335 58 267 446 334 325 182 180 262
leaf_count=33123 1183 590 625 891 496 1336 299 1317 1186 1811 427 248 283 426 180 489 205 45 108 34 117 335 58 267 446 334 325 182 180 262
internal_value=2.03078e-08 -1.49332e-06 -2.58933e-06 -6.085e-08 -1.9245e-05 -2.44301e-06 0 -4.35028e-05 -3.34009e-05 5.94887e-08 3.9738e-05 -1.59072e-05 4.32369e-05 1.83218e-05 -1.58248e-05 2.66012e-05 4.76e-05 0.000123359 2.38378e-05 1.86125e-05 2.28215e-05 -8.3275e-05 -5.75529e-05 5.56298e-05 6.58365e-05 6.89525e-06 -1.133e-05 1.9357e-05 4.08258e-05 9.42577e-05
internal_weight=47808 44754 43245 37806 5439 35944 33422 2525 2522 2914 923 1565 1862 1317 1991 1509 1020 430 3054 2946 2854 960 92 830 713 2024 659 1365 225 545
internal_count=47808 44754 43245 37806 5439 35944 33422 2525 2522 2914 923 1565 1862 1317 1991 1509 1020 430 3054 2946 2854 960 92 830 713 2024 659 1365 225 545
is_linear=0
shrinkage=0.05


Tree=195
num_leaves=31
num_cat=0
split_feature=8 0 5 3 3 3 3 9 7 10 9 9 9 5 11 9 9 5 11 5 1 2 11 1 11 5 11 7 2 11
split_gain=0.000703965 0.000601889 0.000582111 0.000510128 0.000625429 0.00131743 0.000823446 0.000602462 0.000589002 0.000454377 0.000809944 0.003149 0.00249844 0.000990057 0.000525171 0.000823067 0.000685547 0.000566072 0.000433191 0.00036894 0.000337183 0.00031588 0.000511068 0.000414612 0.000290687 0.000467217 0.000256348 0.000244317 0.00026818 0.000187689
threshold=0.21583850681781772 0.60245001316070568 0.99149999022483837 19.500000000000004 49.500000000000007 43.500000000000007 50.500000000000007 4.7980000972747812 1.0000000180025095e-35 7.2754998207092294 6.5364999771118173 0.93750000000000011 4.5025000572204599 0.75549998879432689 7.6435000896453866 5.0694999694824228 1.0000000180025095e-35 0.7995000183582307 0.26449999213218695 0.44249999523162847 0.91666665673255932 1.5000000000000002 0.41850000619888311 0.30952382087707525 6.7994999885559091 0.99549999833107006 5.9114999771118173 1.0000000180025095e-35 1.5000000000000002 0.79150000214576732
decision_type=2 2 2 2 2 2 2 2 2 2 2 2 2 2 2 2 2 2 2 2 2 2 2 2 2 2 2 2 2 2
left_child=1 3 -2 20 5 7 8 -5 -6 10 11 -3 -13 29 15 16 -11 -17 -15 -7 21 23 -23 -1 25 -22 -8 28 -16 -12
right_child=2 9 -4 4 6 19 26 -9 -10 14 13 12 -14 18 27 17 -18 -19 -20 -21 24 22 -24 -25 -26 -27 -28 -29 -30 -31
leaf_value=-1.9843311873500486e-06 0.00014197893191639631 9.6616289999030623e-06 0 -4.9091572974142722e-05 6.83744975446926e-05 -0.00023267820472299799 -7.2061086641977501e-05 3.4751744245282726e-06 0 1.3368202447068234e-05 -8.6916606249754465e-05 -0.00019563047951837186 -2.7284395503279153e-05 0 0.00011524143684454608 -2.6061936801777698e-05 9.963444994323797e-05 2.9482232863907634e-05 0.00012212607415846264 -2.7102327369314429e-05 0.00010282556986016054 -9.2028684132922534e-05 -8.5160786345104406e-06 3.9283218336621762e-05 0 0 0 -1.7465228675117145e-05 0 0
leaf_weight=26491 159 7546 205 1024 429 120 417 826 1095 576 65 333 944 108 77 634 691 1301 372 107 250 248 1552 617 100 85 277 929 26 204
leaf_count=26491 159 7546 205 1024 429 120 417 826 1095 576 65 333 944 108 77 634 691 1301 372 107 250 248 1552 617 100 85 277 929 26 204
internal_value=1.46495e-08 -4.12177e-07 6.93649e-05 -4.1199e-06 -2.03184e-05 -4.00805e-05 0 -2.29198e-05 1.87106e-05 8.25941e-06 1.65357e-06 -2.04192e-06 -7.51106e-05 5.18545e-05 2.20123e-05 3.22889e-05 6.43665e-05 8.69901e-06 9.64568e-05 -0.000157848 -1.57844e-06 -2.39987e-06 -2.28044e-05 -8.6046e-07 4.15061e-05 6.63741e-05 -4.68739e-05 -5.02863e-06 5.85538e-05 -9.15919e-06
internal_weight=47808 47444 364 33638 4295 2077 2218 1850 1524 13806 9572 8823 1277 749 4234 3202 1267 1935 480 227 29343 28908 1800 27108 435 335 694 1032 103 269
internal_count=47808 47444 364 33638 4295 2077 2218 1850 1524 13806 9572 8823 1277 749 4234 3202 1267 1935 480 227 29343 28908 1800 27108 435 335 694 1032 103 269
is_linear=0
shrinkage=0.05


Tree=196
num_leaves=31
num_cat=0
split_feature=9 3 3 9 3 5 9 11 9 11 7 2 3 5 11 7 5 9 9 11 3 7 5 11 3 3 9 11 5 7
split_gain=0.000679668 0.000542627 0.00192639 0.00150735 0.000935943 0.00089629 0.000723859 0.000696661 0.00274933 0.00421715 0.00116855 0.00100158 0.00073428 0.000644179 0.000608358 0.000549488 0.000543959 0.00446553 0.00196201 0.000498056 0.000419015 0.000655761 0.000357376 0.000292477 0.000431239 0.000289699 0.000269095 0.000206254 0.000155023 0.00013729
threshold=7.5030000209808358 30.500000000000004 49.500000000000007 0.93750000000000011 43.500000000000007 1.0000000180025095e-35 4.8984999656677255 4.1004998683929452 1.0000000180025095e-35 5.8960001468658456 1.0000000180025095e-35 1.5000000000000002 4.5000000000000009 0.96050000190734874 3.8990000486373906 1.0000000180025095e-35 0.7995000183582307 6.0845000743865976 4.5025000572204599 4.8389999866485605 50.500000000000007 1.0000000180025095e-35 0.94650000333786022 0.75650000572204601 4.5000000000000009 42.500000000000007 3.7109999656677251 2.5329999923706059 0.83449998497962963 1.0000000180025095e-35
decision_type=2 2 2 2 2 2 2 2 2 2 2 2 2 2 2 2 2 2 2 2 2 2 2 2 2 2 2 2 2 2
left_child=1 7 3 4 15 20 -7 14 10 19 11 -9 -12 25 16 -3 17 -1 -18 -10 21 -4 -8 28 -25 -5 -16 -26 -2 -22
right_child=23 2 5 13 -6 6 22 8 9 -11 12 -13 -14 -15 26 -17 18 -19 -20 -21 29 -23 -24 24 27 -27 -28 -29 -30 -31
leaf_value=-4.7668786443250577e-07 -3.3696965012349805e-05 0 8.0973379826773629e-05 1.9301100161956481e-05 -0.00026093309170578991 -0.00015939487871802457 0 6.987301573440068e-05 9.6812657086627291e-05 0.00044505197666565223 2.6009795229763392e-05 -6.2703617369709634e-05 -2.4587841158389995e-05 -9.7123373265773174e-05 -0.00020502827817651094 -0.00011533972822855478 -0.00010144944179382899 -0.00013438569771338207 2.6226463458235496e-05 0 -6.3053305656487839e-05 1.0349926743467747e-05 -9.8634614262292864e-05 0.00011594779077661859 4.2001369940436018e-05 -4.2868686697081282e-05 0 0 2.4067733050964299e-05 0
leaf_weight=31267 182 150 472 582 136 125 485 987 213 92 961 127 2342 217 53 295 314 637 3947 161 137 1931 101 233 481 276 33 225 312 334
leaf_count=31267 182 150 472 582 136 125 485 987 213 92 961 127 2342 217 53 295 314 637 3947 161 137 1931 101 233 481 276 33 225 312 334
internal_value=0 -9.47226e-07 -1.61509e-05 -6.0928e-05 -0.000127717 3.13914e-06 -4.52943e-05 8.68404e-07 1.86719e-05 0.000134658 5.3005e-06 5.02666e-05 -8.35251e-06 -2.01715e-05 -1.39184e-06 -7.57212e-05 -9.36499e-07 -3.30747e-06 1.56423e-05 4.48402e-05 1.68619e-05 2.63053e-05 -1.24014e-05 3.40092e-05 5.04347e-05 0 -0.000134579 2.17191e-05 0 -2.06992e-05
internal_weight=47808 46375 5241 1656 581 3585 711 41134 4883 466 4417 1114 3303 1075 36251 445 36165 31904 4261 374 2874 2403 586 1433 939 858 86 706 494 471
internal_count=47808 46375 5241 1656 581 3585 711 41134 4883 466 4417 1114 3303 1075 36251 445 36165 31904 4261 374 2874 2403 586 1433 939 858 86 706 494 471
is_linear=0
shrinkage=0.05


Tree=197
num_leaves=31
num_cat=0
split_feature=0 11 3 10 3 11 3 9 5 3 5 5 5 9 9 1 9 9 3 9 3 9 9 5 5 9 0 9 1 9
split_gain=0.000680806 0.000544348 0.00055956 0.000458257 0.000623896 0.000888801 0.00100551 0.000704997 0.00104982 0.000673827 0.000541765 0.00183998 0.000507542 0.00250474 0.00128047 0.000498499 0.000437023 0.00151614 0.000432825 0.000379981 0.000358498 0.000302899 0.000289272 0.000276563 0.000217093 0.000371376 0.00019178 0.000174519 0.000174382 0.000146479
threshold=0.6545500159263612 0.26449999213218695 23.500000000000004 8.2065000534057635 10.500000000000002 3.4025000333786015 3.5000000000000004 5.7769999504089364 0.96349999308586132 49.500000000000007 0.94449999928474437 0.75549998879432689 0.86599999666214 2.5095000267028813 5.616999864578248 1.0000000180025095e-35 6.1695001125335702 1.0000000180025095e-35 2.5000000000000004 5.0025000572204599 49.500000000000007 5.8010001182556161 7.2764999866485605 1.0000000180025095e-35 0.99950000643730175 4.8010001182556161 0.69369998574256908 1.0000000180025095e-35 0.91666665673255932 5.4014999866485605
decision_type=2 2 2 2 2 2 2 2 2 2 2 2 2 2 2 2 2 2 2 2 2 2 2 2 2 2 2 2 2 2
left_child=3 21 18 4 5 12 27 8 9 -6 11 -9 13 -1 -14 -8 17 -5 -3 -19 -4 -2 -12 -22 25 -20 -23 -7 -10 -21
right_child=1 2 20 16 7 6 15 10 28 -11 22 -13 14 -15 -16 -17 -18 19 24 29 23 26 -24 -25 -26 -27 -28 -29 -30 -31
leaf_value=-1.3606274926146645e-07 8.4851661085759138e-06 0 -2.3496878591037048e-05 0 -3.5047511862313953e-05 4.7872375949314389e-05 3.6723796121860046e-05 -1.4409207396236446e-05 -0.00018170064586039064 0 -4.1280394103719099e-05 9.3483325390163137e-05 -4.954758633276092e-05 -6.6897603311841884e-05 4.2322084865634735e-05 -1.9143725927372334e-05 -4.9859896871831715e-06 0.00017683765201554635 4.2760011118863538e-05 0 8.1575459044043287e-05 -0.00011007208921324382 1.1010709939180202e-05 0 0 0.00015780314284723665 0 0.00013599688139582592 0 6.26938878297659e-05
leaf_weight=28981 1005 171 346 592 3215 891 660 920 129 2597 653 623 443 1485 1729 972 491 206 330 46 210 96 239 72 50 254 33 164 22 183
leaf_count=28981 1005 171 346 592 3215 891 660 920 129 2597 653 623 443 1485 1729 972 491 206 330 46 210 96 239 72 50 254 33 164 22 183
internal_value=0 2.51183e-05 4.56046e-05 -1.34917e-06 -2.3916e-06 3.83286e-07 2.81374e-05 -1.4659e-05 -2.41102e-05 -1.97393e-05 6.43258e-06 2.59164e-05 -1.74852e-06 -3.55454e-06 2.12811e-05 3.87085e-07 2.53804e-05 4.47655e-05 7.37407e-05 0.000115939 1.57198e-06 0 -2.16652e-05 5.00519e-05 9.2793e-05 0.000101375 -7.28359e-05 6.63218e-05 -0.000159132 3.92799e-05
internal_weight=47808 2567 1433 45241 43723 35325 2687 8398 5963 5812 2435 1543 32638 30466 2172 1632 1518 1027 805 435 628 1134 892 282 634 584 129 1055 151 229
internal_count=47808 2567 1433 45241 43723 35325 2687 8398 5963 5812 2435 1543 32638 30466 2172 1632 1518 1027 805 435 628 1134 892 282 634 584 129 1055 151 229
is_linear=0
shrinkage=0.05


Tree=198
num_leaves=24
num_cat=0
split_feature=8 9 5 8 1 5 1 2 3 5 5 9 1 3 3 11 11 3 0 3 9 3 10
split_gain=0.000654503 0.000622956 0.000508458 0.000832086 0.000787365 0.000594061 0.000536754 0.000974643 0.000503985 0.000381415 0.000311636 0.000353059 0.000298549 0.000226474 0.000175323 0.000155579 0.000135176 0.00011156 5.43578e-05 8.61368e-05 3.22044e-05 5.20089e-05 3.55388e-06
threshold=0.48076923191547399 7.7005000114440927 0.99950000643730175 0.13100686669349673 0.6904762089252473 0.98350000381469738 0.91666665673255932 1.5000000000000002 1.5000000000000002 0.67049998044967662 0.55149999260902416 9.9499998092651385 0.18333333730697635 10.500000000000002 49.500000000000007 1.1875000000000002 0.086500000208616271 44.500000000000007 0.56704998016357433 46.500000000000007 7.1984999179840097 2.5000000000000004 7.3160002231597909
decision_type=2 2 2 2 2 2 2 2 2 2 2 2 2 2 2 2 2 2 2 2 2 2 2
left_child=1 2 3 6 20 12 7 -1 -6 -8 11 18 -5 -13 -15 -7 -12 -18 -3 -20 21 -4 -22
right_child=-2 10 4 5 8 15 9 -9 -10 -11 16 13 -14 14 -16 -17 17 -19 19 -21 22 -23 -24
leaf_value=0 0.00028530313014998317 0 0 0 0 -5.4144059056427224e-05 0 -2.4157812331273312e-05 -0.00016900603027023494 5.95284750616326e-05 0 7.8805574964754994e-05 8.5549666455601376e-05 -1.9429125535354189e-05 7.214072303237438e-05 1.1655748601625104e-05 8.8654046415076828e-05 0 -4.7448473113851532e-05 0 4.2596586429211462e-05 -3.9295931508157463e-05 0
leaf_weight=39366 20 141 33 80 31 132 637 4664 159 597 32 228 575 167 72 73 358 20 207 28 45 89 54
leaf_count=39366 20 141 33 80 31 132 637 4664 159 597 32 228 575 167 72 73 358 20 207 28 45 89 54
internal_value=0 -5.80728e-08 -1.09916e-06 -4.96264e-07 -5.6579e-05 4.80491e-05 -1.52918e-06 -2.54579e-06 -0.000131443 3.069e-05 3.46135e-05 9.90765e-06 7.27026e-05 4.26681e-05 0 -6.3403e-06 7.32041e-05 8.18912e-05 -1.74878e-05 -3.2669e-05 0 -7.87039e-06 2.71312e-05
internal_weight=47808 47788 46535 46124 411 860 45264 44030 190 1234 1253 843 655 467 239 205 410 378 376 235 221 122 99
internal_count=47808 47788 46535 46124 411 860 45264 44030 190 1234 1253 843 655 467 239 205 410 378 376 235 221 122 99
is_linear=0
shrinkage=0.05


Tree=199
num_leaves=31
num_cat=0
split_feature=0 10 9 9 9 3 5 3 11 11 5 9 5 9 11 5 5 9 9 3 2 1 11 11 1 10 11 10 1 11
split_gain=0.000633378 0.000471976 0.000849653 0.00275261 0.00201077 0.00154717 0.000725114 0.000460795 0.000424851 0.000537015 0.000898205 0.000602175 0.000533512 0.000435346 0.0011821 0.000390203 0.00126025 0.00123854 0.00100782 0.000627748 0.000379825 0.000564417 0.000484845 0.000344507 0.000319537 0.000308081 0.000303879 0.000271968 0.000259611 0.000209224
threshold=0.6033499836921693 7.1265001296997079 6.6010000705719003 0.93750000000000011 4.5759999752044687 6.5000000000000009 0.75549998879432689 50.500000000000007 7.6435000896453866 2.6460000276565556 0.73399999737739574 8.1020002365112322 0.99950000643730175 1.0000000180025095e-35 5.8960001468658456 0.95949998497962963 0.85750001668930065 6.8370001316070566 5.3350000381469735 4.5000000000000009 1.5000000000000002 0.46428571641445165 1.278500020503998 0.086500000208616271 0.58571431040763866 6.8964998722076425 0.27950000762939459 6.7400000095367441 0.13392857462167743 5.05299997329712
decision_type=2 2 2 2 2 2 2 2 2 2 2 2 2 2 2 2 2 2 2 2 2 2 2 2 2 2 2 2 2 2
left_child=7 2 3 -2 25 -6 -4 15 9 10 11 -3 -12 -11 -15 16 20 19 -18 24 21 -1 -22 -8 -17 -5 -20 -19 -21 -9
right_child=1 8 6 4 5 -7 23 29 -10 13 12 -13 -14 14 -16 17 18 27 26 28 22 -23 -24 -25 -26 -27 -28 -29 -30 -31
leaf_value=-2.5257469259742388e-06 9.4116125040765483e-06 -7.1345434749037499e-05 0 -0.00019311978764430856 -0.00011298324252939725 1.8995994141667256e-05 0 -6.7470090260300634e-05 -1.7391362348738997e-06 1.5634272125646327e-05 4.6021691854412849e-05 2.6200457893055693e-05 -3.0639161577688765e-05 5.8511877694667375e-05 0.00034678811587397161 -5.1556425636684676e-05 -2.9713442199805014e-06 8.2546806068618163e-05 0 0 -9.6720625482095082e-05 6.2059997975151326e-05 -1.1240989014541343e-05 0.00011494091827582843 5.2228589233791217e-05 0 0.00010677007665784969 0 -0.00010384098458356182 0
leaf_weight=29014 7258 434 209 308 332 541 33 415 1027 671 1357 156 191 732 48 170 311 135 75 21 236 338 1347 364 127 23 542 525 577 291
leaf_count=29014 7258 434 209 308 332 541 33 415 1027 671 1357 156 191 732 48 170 311 135 75 21 236 338 1347 364 127 23 542 525 577 291
internal_value=0 9.16501e-06 1.92678e-06 -1.59661e-06 -7.21045e-05 -2.54759e-05 5.93679e-05 -3.56633e-06 2.23008e-05 3.05728e-05 1.15615e-05 -3.70804e-05 3.33318e-05 5.51369e-05 8.27036e-05 -2.56252e-06 -1.20417e-06 -2.7179e-05 5.59311e-05 -6.6886e-05 -3.07994e-06 -1.61146e-06 -2.71483e-05 9.97227e-05 0 -0.00017994 9.37191e-05 1.90936e-05 -9.6536e-05 -4.39928e-05
internal_weight=47808 13684 9068 8462 1204 873 606 34124 4616 3589 2138 590 1548 1451 780 33418 31863 1555 928 895 30935 29352 1583 397 297 331 617 660 598 706
internal_count=47808 13684 9068 8462 1204 873 606 34124 4616 3589 2138 590 1548 1451 780 33418 31863 1555 928 895 30935 29352 1583 397 297 331 617 660 598 706
is_linear=0
shrinkage=0.05


end of trees

feature_importances:
Column_0=1335
Column_9=824
Column_1=812
Column_3=733
Column_5=500
Column_11=466
Column_8=459
Column_10=349
Column_7=147
Column_2=146
Column_12=106
Column_4=71
Column_14=9
Column_13=1

parameters:
[boosting: gbdt]
[objective: regression]
[metric: rmse]
[tree_learner: serial]
[device_type: cpu]
[data_sample_strategy: bagging]
[data: ]
[valid: ]
[num_iterations: 200]
[learning_rate: 0.05]
[num_leaves: 31]
[num_threads: 16]
[seed: 42]
[deterministic: 0]
[force_col_wise: 0]
[force_row_wise: 1]
[histogram_pool_size: -1]
[max_depth: 6]
[min_data_in_leaf: 20]
[min_sum_hessian_in_leaf: 0.001]
[bagging_fraction: 0.8]
[pos_bagging_fraction: 1]
[neg_bagging_fraction: 1]
[bagging_freq: 0]
[bagging_seed: 400]
[bagging_by_query: 0]
[feature_fraction: 0.8]
[feature_fraction_bynode: 1]
[feature_fraction_seed: 30056]
[extra_trees: 0]
[extra_seed: 12879]
[early_stopping_round: 0]
[early_stopping_min_delta: 0]
[first_metric_only: 0]
[max_delta_step: 0]
[lambda_l1: 0.1]
[lambda_l2: 0.1]
[linear_lambda: 0]
[min_gain_to_split: 0]
[drop_rate: 0.1]
[max_drop: 50]
[skip_drop: 0.5]
[xgboost_dart_mode: 0]
[uniform_drop: 0]
[drop_seed: 17869]
[top_rate: 0.2]
[other_rate: 0.1]
[min_data_per_group: 100]
[max_cat_threshold: 32]
[cat_l2: 10]
[cat_smooth: 10]
[max_cat_to_onehot: 4]
[top_k: 20]
[monotone_constraints: ]
[monotone_constraints_method: basic]
[monotone_penalty: 0]
[feature_contri: ]
[forcedsplits_filename: ]
[refit_decay_rate: 0.9]
[cegb_tradeoff: 1]
[cegb_penalty_split: 0]
[cegb_penalty_feature_lazy: ]
[cegb_penalty_feature_coupled: ]
[path_smooth: 0]
[interaction_constraints: ]
[verbosity: 1]
[saved_feature_importance_type: 0]
[use_quantized_grad: 0]
[num_grad_quant_bins: 4]
[quant_train_renew_leaf: 0]
[stochastic_rounding: 1]
[linear_tree: 0]
[max_bin: 255]
[max_bin_by_feature: ]
[min_data_in_bin: 3]
[bin_construct_sample_cnt: 200000]
[data_random_seed: 175]
[is_enable_sparse: 1]
[enable_bundle: 1]
[use_missing: 1]
[zero_as_missing: 0]
[feature_pre_filter: 1]
[pre_partition: 0]
[two_round: 0]
[header: 0]
[label_column: ]
[weight_column: ]
[group_column: ]
[ignore_column: ]
[categorical_feature: ]
[forcedbins_filename: ]
[precise_float_parser: 0]
[parser_config_file: ]
[objective_seed: 16083]
[num_class: 1]
[is_unbalance: 0]
[scale_pos_weight: 1]
[sigmoid: 1]
[boost_from_average: 1]
[reg_sqrt: 0]
[alpha: 0.9]
[fair_c: 1]
[poisson_max_delta_step: 0.7]
[tweedie_variance_power: 1.5]
[lambdarank_truncation_level: 30]
[lambdarank_norm: 1]
[label_gain: ]
[lambdarank_position_bias_regularization: 0]
[eval_at: ]
[multi_error_top_k: 1]
[auc_mu_weights: ]
[num_machines: 1]
[local_listen_port: 12400]
[time_out: 120]
[machine_list_filename: ]
[machines: ]
[gpu_platform_id: -1]
[gpu_device_id: -1]
[gpu_use_dp: 0]
[num_gpu: 1]

end of parameters

pandas_categorical:null
